Workbook

Sheet Pathways
B1: Reactants Charge | C1: Products Charge | D1: Charge Balanced? | E1: rxnID | F1: rxnName [gene] | G1: rxnLB | H1: rxnUB | I1: rxnModels | J1: rxnNotes
A4: 1,3-Butanediol PW1 | B4: DONE | J4: It seems that to make (R)-1,3-butanediol, acetoacetyl-CoA must be converted to (R)-3-hydroxybutanoyl-CoA, which requires the NADP-dependent (R)-3-hydroxybutyryl-CoA dehydrogenase reaction. The (S) pathway uses an NAD-dependent (S)-3-hydroxybutyryl-CoA dehydrogenase instead. If using the NAD-dependent (S)-3-hydroxybutyryl-CoA dehydrogenase is desirable, another pathway option could be to use this reaction and then convert (S)-3-Hydroxybutanoyl-CoA to (R)-3-Hydroxybutanoyl-CoA using an isomerase/epimerase (such as the one that exists in the P.putida iJN1463 model under rxnID HBCE). I don’t believe this was employed in any of the literature paper references, but it could be an option. Note that if adding an exogenous (R)-3-hydroxybutyryl-CoA dehydrogenase to E.coli, the endogenous (S)-3-hydroxybutyryl-CoA dehydrogenase (rxnID HACD1 in iJO1366 model) might need to be knocked-out/down.
A5: 2Acetyl-CoA ---> Acetoacetyl-CoA + CoA | E5: ACACT1r | F5: Acetyl-CoA C-acetyltransferase (Acetoacetyl-CoA) | G5: -1000 | H5: 1000 | I5: iJO1366 | J5: Gene: phaA from R. Eutropha OR AtoB from E. coli
A6: Acetoacetyl-CoA + NADPH + H+ ---> (R)-3-Hydroxybutanoyl-CoA + NADP+ | E6: 3HBCOADH | F6: (R)-3-hydroxybutyryl-CoA dehydrogenase [phaB, Hbd] | G6: 0 | H6: 1000 | J6: Gene: phaB from R. Eutropha OR Hbd from C. Saccharoperbutylacetonicum
A7: (R)-3-Hydroxybutanoyl-CoA + NADH + H+ ---> (R)-3-Hydroxybutanal + CoA + NAD+ | E7: 3HBCOAR | F7: (R)-3-Hydroxybutyryl-CoA reductase (NADH) | G7: 0 | H7: 1000 | J7: Not in BiGG database. Gene: bldD from C. Saccharoperbutylacetonicum
A8: (R)-3-Hydroxybutanal + NADH + H+ --> (R)-1,3-Butanediol + NAD+ | E8: 3HBDH | F8: Alcohol dehydrogenase ((R)-1,3-butanediol forming) | G8: 0 | H8: 1000 | J8: Not in BiGG database. Gene: Adh from E. coli. OR can use NADPH-dependent aldo/keto reductase (PA1127) from P. Aeruginosa (Nemr, 2018). Used NADH-dependent reaction in model.
A9: 1,3-Butanediol_p + H+_p <=> 1,3-Butanediol_c + H+_c | E9: R13BDOt2rpp | F9: 1,3-Butanediol transport via proton symport (periplasm) | G9: -1000 | H9: 1000 | J9: Not in BiGG database.
A10: 1,3-Butanediol_e <=> 1,3-Butanediol_p | E10: R13BDOtex | F10: 1,3-Butanediol transport via diffusion (extracellular to periplasm) | G10: -1000 | H10: 1000 | J10: Not in BiGG database.
A11: 1,3-Butanediol_e <=> | E11: EX_r13bdo_e | F11: 1,3-Butanediol exchange | G11: 0 | H11: 1000 | J11: Exists in the BiGG Homo Sapiens Recon3D model.
A12: Based on boiling point >37degC, assuming proton symporter used for C <=> P, and diffusion for P <=> E. No instances of 1,3-Butanediol transport exist in BiGG database.
A13: Acetoacetyl-CoA + NADH + H+ ---> (S)-3-Hydroxybutanoyl-CoA + NAD+ | E13: HACD1 | F13: 3-hydroxyacyl-CoA dehydrogenase (acetoacetyl-CoA) | G13: -1000 | H13: 1000 | I13: iJO1366 | J13: *Reaction included for reference only (not in pathway), see pathway notes.
A14: (R)-3-Hydroxybutanoyl-CoA <=> (R)-3-Hydroxybutanoyl-CoA | E14: HBCE | F14: 3-Hydroxybutanoyl-CoA Isomerase | G14: 0 | H14: 1000 | J14: *Reaction included for reference only (not in pathway), see pathway notes. Not in iJO1366 model but exists in P. Putida iJN1463 model.
A16: Nemr (2018): https://pubmed.ncbi.nlm.nih.gov/29753069/
A17: Kataoka (2014): https://www.tandfonline.com/doi/pdf/10.1080/09168451.2014.891933?needAccess=true&
A18: Kataoka (2013): https://www.sciencedirect.com/science/article/pii/S1389172312004768?via%3Dihub
A19: MetaCyc (3-hydroxybutyryl-CoA dehydrogenase): https://metacyc.org/gene?orgid=META&id=MONOMER-13586
A20: MetaCyc (R vs S pathway options): https://metacyc.org/META/NEW-IMAGE?type=PATHWAY&object=PWY-7216
A22: 1,3-Butanediol PW2 | B22: DONE | J22: It seems that to make (R)-1,3-butanediol, acetoacetyl-CoA must be converted to (R)-3-hydroxybutanoyl-CoA, which requires the NADP-dependent (R)-3-hydroxybutyryl-CoA dehydrogenase reaction. The (S) pathway uses an NAD-dependent (S)-3-hydroxybutyryl-CoA dehydrogenase instead. If using the NAD-dependent (S)-3-hydroxybutyryl-CoA dehydrogenase is desirable, another pathway option could be to use this reaction and then convert (S)-3-Hydroxybutanoyl-CoA to (R)-3-Hydroxybutanoyl-CoA using an isomerase/epimerase (such as the one that exists in the P.putida iJN1463 model under rxnID HBCE). I don’t believe this was employed in any of the literature paper references, but it could be an option. Note that if adding an exogenous (R)-3-hydroxybutyryl-CoA dehydrogenase to E.coli, the endogenous (S)-3-hydroxybutyryl-CoA dehydrogenase (rxnID HACD1 in iJO1366 model) might need to be knocked-out/down.
A23: Pyruvate + H+ --> Acetaldehyde + CO2 | E23: PYRDC | F23: Pyruvate decarboxylase | G23: 0 | H23: 1000 | J23: Not in iJO1366 model but exists in other BiGG models, including other E. coli models. Nemr et al (2018) used PDC from Z. Mobilis.
A24: 2 Acetaldehyde ---> (R)-3-Hydroxybutanal | E24: DERA | F24: Deoxyribose-5-phosphate aldolase | G24: 0 | H24: 1000 | J24: Not in BiGG database. Nemr et al (2018) used DERA from B. Halodurans (Nemr, 2018).
A25: (R)-3-Hydroxybutanal + NADH + H+ --> (R)-1,3-Butanediol + NAD+ | E25: 3HBDH | F25: Alcohol dehydrogenase ((R)-1,3-butanediol forming) | G25: 0 | H25: 1000 | J25: Not in BiGG database. Gene: Adh from E. coli. OR can use NADPH-dependent aldo/keto reductase (PA1127) from P. Aeruginosa (Nemr, 2018). Used NADH-dependent reaction in model.
A26: 1,3-Butanediol_p + H+_p <=> 1,3-Butanediol_c + H+_c | E26: R13BDOt2rpp | F26: 1,3-Butanediol transport via proton symport (periplasm) | G26: -1000 | H26: 1000 | J26: Not in BiGG database.
A27: 1,3-Butanediol_e <=> 1,3-Butanediol_p | E27: R13BDOtex | F27: 1,3-Butanediol transport via diffusion (extracellular to periplasm) | G27: -1000 | H27: 1000 | J27: Not in BiGG database.
A28: 1,3-Butanediol_e <=> | E28: EX_r13bdo_e | F28: 1,3-Butanediol exchange | G28: 0 | H28: 1000 | J28: Exists in the BiGG Homo Sapiens Recon3D model.
A29: Based on boiling point >37degC, assuming proton symporter used for C <=> P, and diffusion for P <=> E. No instances of 1,3-Butanediol transport exist in BiGG database.
A30: Acetoacetyl-CoA + NADH + H+ ---> (S)-3-Hydroxybutanoyl-CoA + NAD+ | E30: HACD1 | F30: 3-hydroxyacyl-CoA dehydrogenase (acetoacetyl-CoA) | G30: -1000 | H30: 1000 | I30: iJO1366 | J30: *Reaction included for reference only (not in pathway), see pathway notes.
A31: (R)-3-Hydroxybutanoyl-CoA <=> (R)-3-Hydroxybutanoyl-CoA | E31: HBCE | F31: 3-Hydroxybutanoyl-CoA Isomerase | G31: 0 | H31: 1000 | J31: *Reaction included for reference only (not in pathway), see pathway notes. Not in iJO1366 model but exists in P. Putida iJN1463 model.
A33: Nemr (2018): https://pubmed.ncbi.nlm.nih.gov/29753069/
A34: Kataoka (2014): https://www.tandfonline.com/doi/pdf/10.1080/09168451.2014.891933?needAccess=true&
A35: Kataoka (2013): https://www.sciencedirect.com/science/article/pii/S1389172312004768?via%3Dihub
A36: MetaCyc (3-hydroxybutyryl-CoA dehydrogenase): https://metacyc.org/gene?orgid=META&id=MONOMER-13586
A37: MetaCyc (R vs S pathway options): https://metacyc.org/META/NEW-IMAGE?type=PATHWAY&object=PWY-7216
A39: 1,3-Diaminopropane | B39: DONE
A40: Oxaloacetate --> L-Aspartate --> L-aspartate 4-semi aldehyde // alpha-ketoglutarate --> Glutamate | J40: Native steps, for reference.
A41: L-Aspartate-4-semialdehyde + L-Glutamate <=> L-2,4-diaminobutanoate + 2-Oxoglutarate + H+ | B41: =0+-1 -> -1 | C41: =0+-2+1 -> -1 | D41: Y | E41: DABAAT2 | F41: DABA aminotransferase | G41: -1000 | H41: 1000 | J41: Not in iJO1366 model, but exists in other BiGG models under rxn ID DABAAT2 or DABAAT. DABAAT is not charge/mass balanced but DABAAT2 is (hence used here). Reverse reaction is direction needed for this pathway (as shown here).
A42: L-2,4-diaminobutanoate + 2H+ --> 1,3-Diaminopropane + CO2 | B42: =2 -> 2 | C42: =2 -> 2 | D42: Y | E42: DABDC | F42: Diaminobutyrate decarboxylase | G42: 0 | H42: 1000 | J42: Doesn’t appear to exist in any BiGG models. Based on reaction in BioCyc (EC: 4.1.1.86), only one H+ is required on reactant side, but to be charge/mass balanced based on charges assumed for metabolites, 2H+ are required.
A43: 1,3-Diaminopropane_p + H+_p <=> 1,3-Diaminopropane_c + H+_c | E43: 13DAMPPtpp | F43: 1,3-Diaminopropane transport via proton symport (periplasm) | G43: -1000 | H43: 1000 | J43: Doesn’t exist in any BiGG models.
A44: 1,3-Diaminopropane_e <=> 1,3-Diaminopropane_p | E44: 13DAMPPtex | F44: 1,3-Diaminopropane transporter via diffusion (extracellular to periplasm) | G44: -1000 | H44: 1000 | J44: Not in iJO1366 model but exists in the iJN1463 model for P. Putida.
A45: 1,3-Diaminopropane_e <=> | E45: EX_13dampp_e | F45: 1,3-Diaminopropane exchange | G45: 0 | H45: 1000 | J45: Not in iJO1366 model but exists in the iJN1463 model for P. Putida.
A46: Chae (2015) hypothesized that E.coli’s natural putrescine and cadaverine transporters might act as nonspecific transporters for 1,3-diaminopropane because of structural similarities. Overexpression of potE and cadB genes increased 1,3-DAP production in flasks, supporting this hypothesis. In iJO1366 model, putrescine transport (rxnID PTRCt2pp) occurs via a proton symport (periplams to cytoplasm), this same transporter would work in reverse for 1,3-diaminopropane export. Transport exsts in P. Putida model iJN1463 but uses ABC transporter for C <=> P. Based on boiling point >37degC, assuming proton symporter used for C <=> P, and diffusion for P <=> E.
A48: Chae (2015): https://www.nature.com/articles/srep13040
A49: Diaminobutyrate decarboxylase: https://metacyc.org/META/NEW-IMAGE?type=REACTION&object=4.1.1.86-RXN
A51: 1,3-Propanediol | B51: DONE | J51: 13PPDH2 (NADPH-dependent) exists naturally in E.coli (although isn’t in iJO1366 model), but there are exogenous NADH-depdendent dehydrogenases that could be engineered into E.coli instead. Added both to the model; whichever one is preferred will be used.
A52: DHAP <=> Glyceraldehyde 3-P | E52: TPI | F52: Triose-phosphate isomerase | G52: -1000 | H52: 1000 | I52: iJO1366 | J52: Already in model, just included for pathway reference
A53: (1a) Glycerol 3-P + NADP <=> DHAP + NADPH + H+ (rev rxn required) | E53: G3PD2 | F53: Glycerol-3-phosphate dehydrogenase (NADP) | G53: -1000 | H53: 1000 | I53: iJO1366 | J53: Already in model, just included for pathway reference. Option 1 for DHAP to glycerol.
A54: (1b) Glycerol 3-P + H2O --> Glycerol + Pi | E54: G3PT | F54: Glycerol-3-phosphatase | G54: 0 | H54: 1000 | I54: iJO1366 | J54: Already in model, just included for pathway reference. Option 1 for DHAP to glycerol.
A55: (2a) DHA + PEP <=> DHAP + Pyruvate (rev rxn required) | E55: DHAPT | F55: Dihydroxyacetone phosphotransferase | G55: 0 | H55: 1000 | I55: iJO1366 | J55: Already in model, just included for pathway reference. Option 2 for DHAP to glycerol.
A56: (2b) DHA + NADH + H+ <=> Glycerol + NAD+ | E56: GLYCDx | F56: Glycerol dehydrogenase | G56: -1000 | H56: 1000 | I56: iJO1366 | J56: In model, BUT as forward reaction only. On MetaCyc it specifies that reaction is reversible. Lower bound changed in model to reflect this. Option 2 for DHAP to glycerol.
A57: Glycerol --> 3-hydroxypropanal + H2O | B57: 0 | C57: 0 | D57: Y | E57: GLYCDH | F57: Glycerol dehydratase | G57: 0 | H57: 1000 | J57: Not in iJO1366 model, but exists in other BiGG models, including other E.coli models.
A58: (2) 3-hydroxypropanal + NADPH + H+ <=> 1,3-propanediol + NADP | B58: =-4+1 -> -3 | C58: =-3 -> -3 | D58: Y | E58: 13PPDH2 | F58: 1,3-propanediol dehydrogenase (NADPH-dependent) | G58: -1000 | H58: 1000 | J58: Not in iJO1366 model, but exists in E.coli model iML1515. MetaCyc also reports that in E.coli this reaction is NADPH-dependent.
A59: (1) 3-hydroxypropanal + NADH + H+ <=> 1,3-propanediol + NAD | B59: =-2+1 -> -1 | C59: =-1 -> -1 | D59: Y | E59: 13PPDH | F59: 1,3-propanediol dehydrogenase (NADH-dependent) | G59: -1000 | H59: 1000 | J59: Not in iJO1366 model, but exists in other BiGG models. MetaCyc also reports that NADH-dependent version of this enzyme exist.
A60: 1,3-Propanediol_p + H+_p <=> 1,3-Propanediol_c + H+_c | E60: 13PPDtpp2 | F60: 1,3-propanediol transport via proton symport (periplasm) | G60: -1000 | H60: 1000 | J60: Not in BiGG Database. C<=>P transport exists by free diffusion in iYL1228 model for Klebsiella pneumoniae (under rxnID 13PPDtpp). In Yang (2018), they don’t mention anything about transport for 1,3-propanediol but it’s extracellular product.
A61: 1,3-Propanediol_e <=> 1,3-Propanediol_p | E61: 13PPDtex | F61: 1,3-propanediol transporter via diffusion (extracellular to periplasm) | G61: -1000 | H61: 1000 | J61: Not in iJO1366 model but exists in the iYL1228 model for Klebsiella pneumoniae. In Yang (2018), they don’t mention anything about transport for 1,3-propanediol but it’s extracellular product.
A62: 1,3-Propanediol_e <=> | E62: EX_13ppd_e | F62: 1,3-Propanediol exchange | G62: 0 | H62: 1000 | J62: Not in iJO1366 model but exists in other BiGG models including other E.coli models.
A63: Based on boiling point >37degC, assuming proton symporter used for C <=> P, and diffusion for P <=> E.
A65: Lee (2019): https://www.nature.com/articles/s41929-018-0212-4
A66: Yang (2018): https://pubmed.ncbi.nlm.nih.gov/30056370/
A67: MetaCyc (Glycerol dehydrogenase): https://metacyc.org/gene?orgid=META&id=GLYCDEH-MONOMER#tab=RXNS
A68: MetaCyc (Propanediol dehydrogenase (NADPH-dependent)): https://metacyc.org/META/NEW-IMAGE?type=REACTION&object=RXN0-6487
A70: 1,4-Butanediol | B70: DONE | J70: 1,4-Butanediol has no stereochemistry because the hydroxyl groups are at the two ends of the 4-carbon chain (unlike 1,3-butanediol and 2,3-butanediol). There are two options for converting Gamma-hydroxybutyrate (aka 4-hydroxybutyrate) to 4-hydroxybutanoyl-CoA. The first option (4-Hydroxybutyryl-CoA transferase) (A4HBCT) is used in the cited literature for 1,4-BDO production (Pooth 2019, Andreozzi 2016 and Yim 2011) and is employed in the model. The second option (4-Hydroxybutyrate-CoA ligase) was not reported in the cited literature for 1,4-BDO production, but was used in the Gamma-butyrate production pathway which overlaps with 1,4-butanediol production. Thus either reactions could probably be used in this pathway. This second pathway option has been included for reference. It’s also included in the model but commented out (can be employed if desired). Note that if acetate is converted back to acetyl-CoA via Acetyl-CoA synthetase (rxnID: ACS), it is essentially the same overall result as using the second pathway option.
A71: Alpha-ketoglutarate --> succinic semialdehyde | J71: Native steps, for reference.
A72: Succinyl-CoA + NADH + H+ ---> Succinyl semialdehyde + NAD+ + CoA | E72: SUCSALD | F72: Succinic semialdehyde dehydrogenase | G72: 0 | H72: 1000 | J72: Doesn’t appear to exist in any BiGG models. Not the same as Succinate-semialdehyde dehydrogenase.
A73: Succinic semialdehyde + NADH + H+ <=> Gamma-hydroxybutyrate + NAD+ | E73: GHBDHx | F73: Gamma-hydroxybutyrate dehydrogenase (NADH) | G73: -1000 | H73: 1000 | I73: iJO1366 | J73: *Only included this reaction for reference, it’s already in the model. Gamma-hydroxybutyrate = 4-hydroxybutyrate.
A74: (1) 4-Hydroxybutyrate + Acetyl-CoA --> 4-Hydroxybutanoyl-CoA + Acetate | E74: A4HBCT | F74: 4-Hydroxybutyryl-CoA transferase | G74: 0 | H74: 1000 | J74: Not in iJO1366 model but does exist in the Clostridioides difficile model iCN900. Reaction isn’t named in that model, so assigned appropriate name here. This is reaction used by Andreozzi (2016), Pooth (2019) and Yim (2011).
A75: (2) Gamma-Hydroxybutyrate + ATP + CoA --> 4-Hydroxybutanoyl-CoA + ADP + Phosphate | B75: =-1-4-4 -> -9 | C75: =-4-3-2 -> -9 | D75: Y | E75: 4HBCOAL | F75: 4-Hydroxybutyrate-CoA ligase | G75: 0 | H75: 1000 | J75: Doesn’t appear to exist in any BiGG models. But a similar reaction exists for 4-hydroxypentanoate in the P. Putida model iJN1463, rxn ID 4HPTNCOAL. Reaction as reported on MetaCyc. This second pathway option is not employed in the model (it’s commented out); reaction above is employed.
A76: 4-Hydroxybutanoyl-CoA + NADH + H+ --> 4-Hydroxybutanal + NAD+ + CoA | B76: =-4-2+1 -> -5 | C76: =0 -1-4 -> -5 | D76: Y | E76: 4HBCOAR | F76: 4-Hydroxybutyryl-CoA reductase (NADH) | G76: 0 | H76: 1000
A77: 4-Hydroxybutanal+ NADH + H+ --> 1,4-Butanediol + NAD+ | B77: =0-2+1 -> -1 | C77: =0-1 -> -1 | D77: Y | E77: 4HBDH | F77: Alcohol dehydrogenase (1,4-butanediol forming) | G77: 0 | H77: 1000
A78: 1,4-Butanediol_p + H+_p <=> 1,4-Butanediol_c + H+_c | E78: 14BDOt2rpp | F78: 1,4-Butanediol transport via proton symport (periplasm) | G78: -1000 | H78: 1000 | J78: Not in BiGG database.
A79: 1,4-Butanediol_e <=> 1,4-Butanediol_p | E79: 14BDOtex | F79: 1,4-Butanediol transport via diffusion (extracellular to periplasm) | G79: -1000 | H79: 1000 | J79: Not in BiGG database.
A80: 1,4-Butanediol_e <=> | E80: EX_14bdo_e | F80: 1,4-Butanediol exchange | G80: 0 | H80: 1000 | J80: Not in BiGG database.
A81: Based on boiling point >37degC, assuming proton symporter used for C <=> P, and diffusion for P <=> E. No instances of 1,3-Butanediol transport exist in BiGG database.
A83: Pooth (2019): https://aiche.onlinelibrary.wiley.com/doi/full/10.1002/btpr.2917
A84: Andreozzi (2016): https://www.sciencedirect.com/science/article/pii/S1096717616000215?via%3Dihub
A85: Yim (2011): https://www.nature.com/articles/nchembio.580#Sch1
A87: 1-Propanol PW1 | B87: DONE | J87: In the modelled pathway, DHAP is first converted to 1,2-propanediol via D-lactaldehyde (DHAP --> D-lactaldehyde --> 1,2-propanediol). Matsubara (2016) also report that an alternative path is via hydroxyacetone instead (DHAP --> hydroxyacetone --> 1,2-propanediol). Since the reactions to go via lactaldehyde are already in the iJO1366 model (LALDO2x and LCARR), this option was selected for modeling purposes. BUT the other pathway option could also be used and may be of interest in future. Also, the pathway could go two different stereoisomer paths depending on whether D-lactaldehyde or L-lactaldehyde is formed. Both may be possible, but assumed D-lactaldehyde and R-propane-1,2,-diol based on the Matsubara (2016) paper which specified D-lactaldehyde was used.
A88: DHAP --> Methylglyoxal + Pi | E88: MGSA | F88: Methylglyoxal synthase | G88: 0 | H88: 1000 | I88: iJO1366
A89: Methylglyoxal + NADH + H+ --> D-Lactaldehyde + NAD | E89: LALDO2x | F89: D-Lactaldehyde:NAD+ 1-oxidoreductase | G89: 0 | H89: 1000 | I89: iJO1366
A90: D-Lactaldehyde + NADH + H+ <=> R-Propane-1,2-diol + NAD | E90: LCARR | F90: Lactaldehyde reductase (R-propane-1,2-diol forming) | G90: -1000 | H90: 1000 | I90: iJO1366
A91: R-Propane-1,2-diol --> Propanal + H2O | E91: PPDD | F91: Propanediol dehydratase | G91: 0 | H91: 1000 | J91: Not in iJO366 but exists in other BiGG models, including other E. coli models.
A92: Propanal + NADH + H+ --> 1-Propanol + NAD+ | E92: ALCD3ir | F92: Alcohol dehydrogenase Propanal | G92: 0 | H92: 1000 | J92: Not in iJO366 but exists in other BiGG models, including other E. coli models.
A93: 1-Propanol_p + H+_p <=> 1-Propanol_c + H+_c | E93: PPOHt2pp | F93: Propanol transport via proton symport (periplasm) | G93: -1000 | H93: 1000 | J93: Not in iJO1366 model but does exist in the Geobacter metallireducens iAF987 model.
A94: 1-Propanol_e <=> 1-Propanol_p | E94: PPOHtex | F94: Propanol transport via diffusion (extracellular to periplasm) | G94: -1000 | H94: 1000 | J94: Not in iJO1366 model but does exist in the Geobacter metallireducens iAF987 model.
A95: 1-Propanol_e <=> | E95: EX_ppoh_e | F95: Propanol exchange | G95: 0 | H95: 1000 | J95: Not in iJO1366 model but does exist in the Geobacter metallireducens iAF987 model.
A96: Based on boiling point >37degC, assuming proton symporter used for C <=> P, and diffusion for P <=> E. Agrees with instance of 1-propanol transport that exists in the BiGG Geobacter metallireducens iAF987 model.
A98: Matsubara (2016): https://pubmed.ncbi.nlm.nih.gov/27072298/
A99: KEGG (Lactaldehyde reductase R or S forming): https://www.genome.jp/dbget-bin/www_bget?ec:1.1.1.77
A100: BioCyc ((S)-Propanediol dehydratase): https://biocyc.org/META/NEW-IMAGE?type=REACTION-IN-PATHWAY&object=PROPANEDIOL-DEHYDRATASE-RXN
A101: BioCyc (propanol dehydrogenase): https://biocyc.org/gene?orgid=META&id=STM2052
A103: 1-Propanol PW2 (ketoacids) | B103: DONE | J103: Shen (2008) use natural amino acid metabolism in E.coli for 2-oxobutanoate production (via Threonine), then use two exogenous genes to convert 2-oxobutanoate the propanal (rxnID: 2OBDC) and then to 1-propanol (rxnID: ALCD3ir). 2-oxobutanoate (aka 2-ketoburytate) is "a common keto-acid intermediate for isoleucine biosynthesis."
A104: TCA=>Oxaloacetate (+ L-glutamate) --> L-Aspartate (+2-oxoglutarate) --> L-Aspartyl 4-P --> L-aspartate 4-semialdehyde --> L-homoserine --> O-phospho-L-homoserine --> L-threonine | J104: Native steps, for reference. See rxnIDs: ASPTA, ASPK, ASAD, HSDy, HSK, and THRS.
A105: thr__L_c → 2obut_c + nh4_c | E105: THRD_L | F105: L-threonine deaminase | G105: 0 | H105: 1000 | I105: iJO1366 | J105: Reaction included for reference to show connection to natural E.coli metabolism.
A106: 2-oxobutanoate + H+ --> Propanal + CO2 | E106: 2OBDC | F106: 2-oxobutanoate decarboxylase | G106: 0 | H106: 1000 | J106: Not in BiGG database. Reaction is catalyzed by promiscuous 2-ketoacid decarboxylase (KivD), who’s natural activity does exist in the BiGG database in the S. cerevisiae model iMM904 under the rxn ID: 3MOBDC.
A107: Propanal + NADH + H+ --> 1-Propanol + NAD+ | E107: ALCD3ir | F107: Alcohol dehydrogenase Propanal | G107: 0 | H107: 1000 | J107: Not in iJO366 but exists in other BiGG models, including other E. coli models. In Shen (2008) they use ADH2 from S. cerevisiae.
A108: 1-Propanol_p + H+_p <=> 1-Propanol_c + H+_c | E108: PPOHt2pp | F108: Propanol transport via proton symport (periplasm) | G108: -1000 | H108: 1000 | J108: Not in iJO1366 model but does exist in the Geobacter metallireducens iAF987 model.
A109: 1-Propanol_e <=> 1-Propanol_p | E109: PPOHtex | F109: Propanol transport via diffusion (extracellular to periplasm) | G109: -1000 | H109: 1000 | J109: Not in iJO1366 model but does exist in the Geobacter metallireducens iAF987 model.
A110: 1-Propanol_e <=> | E110: EX_ppoh_e | F110: Propanol exchange | G110: 0 | H110: 1000 | J110: Not in iJO1366 model but does exist in the Geobacter metallireducens iAF987 model.
A111: Based on boiling point >37degC, assuming proton symporter used for C <=> P, and diffusion for P <=> E. Agrees with instance of 1-propanol transport that exists in the BiGG Geobacter metallireducens iAF987 model.
A113: BioCyc (kivD): https://metacyc.org/gene?orgid=META&id=G-10082
A114: BioCyc (ADH2): https://metacyc.org/gene?orgid=META&id=YMR303C
A115: Shen (2008): https://www.sciencedirect.com/science/article/pii/S1096717608000487#fig1
...

Sheet Metabolites
A1: productName | B1: metName | C1: metID | D1: metFormula | E1: metCompartment | F1: metCharge | G1: metModels | H1: metNotes
A3: 1,3-Butanediol PW1 | B3: Acetyl-CoA | C3: accoa_c | D3: C23H34N7O17P3S | E3: c | F3: -4 | G3: iJO1366
A4: 1,3-Butanediol PW1 | B4: Acetoacetyl-CoA | C4: aacoa_c | D4: C25H36N7O18P3S | E4: c | F4: -4 | G4: iJO1366 | H4: Aka 3-oxobutanoyl-CoA
A5: 1,3-Butanediol PW1 | B5: (R)-3-Hydroxybutanoyl-CoA | C5: 3hbcoa__R_c | D5: C25H38N7O18P3S | E5: c | F5: -4 | H5: Not in iJO1366 model but does exist in other BiGG models. Aka (R)-3-Hydroxybutyryl-CoA.
A6: 1,3-Butanediol PW1 | B6: (R)-3-Hydroxybutanal | C6: 3hba_c | D6: C4H8O2 | E6: c | F6: 0 | H6: Not in iJO1366 or any other BiGG models. Aka (R)-3-Hydroxybutyraldehyde.
A7: 1,3-Butanediol PW1 | B7: (R)-1,3-Butanediol | C7: 13bdo__R_c | D7: C4H10O2 | E7: c | F7: 0 | H7: Not in iJO1366 or any other BiGG models.
A8: 1,3-Butanediol PW1 | B8: (R)-1,3-Butanediol | C8: 13bdo__R_e | D8: C4H10O2 | E8: e | F8: 0 | H8: Not in iJO1366 or any other BiGG models.
A11: 1,3-Butanediol PW2 | B11: Pyruvate | C11: pyr_c | D11: C3H3O3 | E11: c | F11: -1 | G11: iJO1366
A12: 1,3-Butanediol PW2 | B12: Acetaldehyde | C12: acald_c | D12: C2H4O | E12: c | F12: 0 | G12: iJO1366
A13: 1,3-Butanediol PW2 | B13: (R)-3-Hydroxybutanal | C13: 3hba_c | D13: C4H8O2 | E13: c | F13: 0 | H13: Not in iJO1366 or any other BiGG models. Aka (R)-3-Hydroxybutyraldehyde.
A14: 1,3-Butanediol PW2 | B14: (R)-1,3-Butanediol | C14: 13bdo__R_c | D14: C4H10O2 | E14: c | F14: 0 | H14: Not in iJO1366 or any other BiGG models.
A15: 1,3-Butanediol PW2 | B15: (R)-1,3-Butanediol | C15: 13bdo__R_e | D15: C4H10O2 | E15: e | F15: 0 | H15: Not in iJO1366 or any other BiGG models.
A19: 1,3-Diaminopropane | B19: L-Aspartate 4-semialdehyde | C19: aspsa_c | D19: C4H7NO3 | E19: c | F19: 0 | G19: iJO1366
A20: 1,3-Diaminopropane | B20: L-Glutamate | C20: glu__L_c | D20: C5H8NO4 | E20: c | F20: -1 | G20: iJO1366
A21: 1,3-Diaminopropane | B21: 2-Oxoglutarate | C21: akg_c | D21: C5H4O5 | E21: c | F21: -2 | G21: iJO1366
A22: 1,3-Diaminopropane | B22: L-2,4-diaminobutanoate | C22: 24dab_c | D22: C4H10N2O2 | E22: c | F22: 0 | H22: Not in iJO1366, but exists in other BiGG models. Charge of 0 reported in other models.
A23: 1,3-Diaminopropane | B23: 1,3-Diaminopropane | C23: 13dampp_c | D23: C3H12N2 | E23: c | F23: 2 | H23: Not in iJO1366, but exists in other BiGG models. Charge of 2 reported in other models. Also called Propane-1-3-Diamine.
A24: 1,3-Diaminopropane | B24: 1,3-Diaminopropane | C24: 13dampp_e | D24: C3H12N2 | E24: e | F24: 2 | H24: Not in iJO1366, but exists in other BiGG models. Charge of 2 reported in other models. Also called Propane-1-3-Diamine.
A27: 1,3-propanediol | B27: Glycerol | C27: glyc_c | D27: C3H8O3 | E27: c | F27: 0 | G27: iJO1366
A28: 1,3-propanediol | B28: 3-Hydroxypropanal | C28: 3hppnl_c | D28: C3H6O2 | E28: c | F28: 0 | H28: Not in iJO1366, but exists in other BiGG models including other E.coli models. Aka Reuterin, also present in the acrylic acid 1 pathway.
A29: 1,3-propanediol | B29: 1,3-propanediol | C29: 13ppd_c | D29: C3H8O2 | E29: c | F29: 0 | H29: Not in iJO1366, but exists in other BiGG models including other E.coli models (like iML1515)
A30: 1,3-propanediol | B30: 1,3-propanediol | C30: 13ppd_e | D30: C3H8O2 | E30: e | F30: 0 | H30: Not in iJO1366, but exists in other BiGG models including other E.coli models
A33: 1,4-Butanediol | B33: Succinyl-CoA | C33: succoa_c | D33: C25H35N7O19P3S | E33: c | F33: -5 | G33: iJO1366
A34: 1,4-Butanediol | B34: Succinyl semialdehyde | C34: sucsal_c | D34: C4H5O3 | E34: c | F34: -1 | G34: iJO1366
A35: 1,4-Butanediol | B35: Gamma-hydroxybutyrate | C35: ghb_c | D35: C4H7O3 | E35: c | F35: -1 | G35: iJO1366 | H35: Aka 4-hydroxybutyrate. Note that there are other instances of 4-hydroxybutyrate in the BiGG database under the metabolite IDs h4but_c and 4ohbut_c.
A36: 1,4-Butanediol | B36: Acetyl-CoA | C36: accoa_c | D36: C23H34N7O17P3S | E36: c | F36: -4 | G36: iJO1366
A37: 1,4-Butanediol | B37: Acetate | C37: ac_c | D37: C2H3O2 | E37: c | F37: -1 | G37: iJO1366
A38: 1,4-Butanediol | B38: 4-Hydroxybutanoyl-CoA (4-Hydroxybutyryl-CoA) | C38: 4hbutcoa_c | D38: C25H38N7O18P3S | E38: c | F38: -4 | H38: Not in iJO1366 but does exist in other BiGG models. Aka 4-Hydroxybutyryl-CoA.
A39: 1,4-Butanediol | B39: 4-Hydroxybutanal | C39: 4hba_c | D39: C4H8O2 | E39: c | F39: 0 | H39: Not in iJO1366 or any other BiGG models. Aka 4-hydroxybutyraldehyde
A40: 1,4-Butanediol | B40: 1,4-Butanediol | C40: 14bdo_c | D40: C4H10O2 | E40: c | F40: 0 | H40: Not in iJO1366 or any other BiGG models.
A41: 1,4-Butanediol | B41: 1,4-Butanediol | C41: 14bdo_e | D41: C4H10O2 | E41: e | F41: 0 | H41: Not in iJO1366 or any other BiGG models.
A44: 1-Propanol PW1 | B44: Dihydroxyacetone Phosphate | C44: dhap_c | D44: C3H5O6P | E44: c | F44: -2 | G44: iJO1366
A45: 1-Propanol PW1 | B45: Methylglyoxal | C45: mthgxl_c | D45: C3H4O2 | E45: c | F45: 0 | G45: iJO1366
A46: 1-Propanol PW1 | B46: D-Lactaldehyde | C46: lald__D_c | D46: C3H6O2 | E46: c | F46: 0 | G46: iJO1366
A47: 1-Propanol PW1 | B47: (R)-Propane-1,2-diol | C47: 12ppd__R_c | D47: C3H8O2 | E47: c | F47: 0 | G47: iJO1366
A48: 1-Propanol PW1 | B48: Propanal | C48: ppal_c | D48: C3H6O | E48: c | F48: 0 | G48: iJO1366 | H48: Aka Propionaldehyde
A49: 1-Propanol PW1 | B49: 1-Propanol | C49: ppoh_c | D49: C3H8O | E49: c | F49: 0 | H49: Not in IJO1366 model but exists in other BiGG models, including other E.coli models.
A52: 1-Propanol PW2 | B52: L-Threonine | C52: thr__L_c | D52: C4H9NO3 | E52: c | F52: 0 | G52: iJO1366
A53: 1-Propanol PW2 | B53: 2-Oxobutanoate | C53: 2obut_c | D53: C4H5O3 | E53: c | F53: -1 | G53: iJO1366 | H53: Aka 2-ketobutyrate
A54: 1-Propanol PW2 | B54: Propanal | C54: ppal_c | D54: C3H6O | E54: c | F54: 0 | G54: iJO1366 | H54: Aka Propionaldehyde
A55: 1-Propanol PW2 | B55: 1-Propanol | C55: ppoh_c | D55: C3H8O | E55: c | F55: 0 | H55: Not in IJO1366 model but exists in other BiGG models, including other E.coli models.
A58: 2-Methyl-1-butanol | B58: (S)-3-Methyl-2-oxopentanoate | C58: 3mop_c | D58: C6H9O3 | E58: c | F58: -1 | G58: iJO1366 | H58: Aka 2-Keto-3-methylvalerate
A59: 2-Methyl-1-butanol | B59: 2-Methylbutyraldehyde | C59: 2mbald_c | D59: C5H10O | E59: c | F59: 0 | H59: Not in iJO1366. Exists in S. cerevisiae model iMM904. Aka 2-Methylbutanal.
A60: 2-Methyl-1-butanol | B60: 2-Methyl-1-butanol | C60: 2mbtoh_c | D60: C5H12O | E60: c | F60: 0 | H60: Not in iJO1366. Aka 2-Methylbutanol. Exists in a S. cerevisiae model (iMM904), reported to have charge of 0.
A61: 2-Methyl-1-butanol | B61: 2-Methyl-1-butanol | C61: 2mbtoh_e | D61: C5H12O | E61: e | F61: 0 | H61: Not in iJO1366. Aka 2-Methylbutanol. Exists in a S. cerevisiae model (iMM904), reported to have charge of 0.
A64: 2,3-Butanediol | B64: Pyruvate | C64: pyr_c | D64: C3H3O3 | E64: c | F64: -1 | G64: iJO1366
A65: 2,3-Butanediol | B65: (S)-2-Acetolactate | C65: alac__S_c | D65: C5H7O4 | E65: c | F65: -1 | G65: iJO1366 | H65: Aka alpha-acetolactate or 2-hydroxy-3-methyl butanoate
A66: 2,3-Butanediol | B66: (R)-Acetoin | C66: actn__R_c | D66: C4H8O2 | E66: c | F66: 0 | H66: Not in iJO1366 but does exist in other BiGG models, including the Clostridium ljungdahlii iHN637 model.
A67: 2,3-Butanediol | B67: 2,3-Butanediol (R R) | C67: btd_RR_c | D67: C4H10O2 | E67: c | F67: 0 | H67: Not in iJO1366 but does exist in other BiGG models, including the Clostridium ljungdahlii iHN637 model.
A68: 2,3-Butanediol | B68: 2,3-Butanediol (R R) | C68: btd_RR_e | D68: C4H10O2 | E68: e | F68: 0 | H68: Not in iJO1366 but does exist in other BiGG models, including the Clostridium ljungdahlii iHN637 model.
A71: 2-Pyrone-4,6-dicarboxylate | B71: 3-Dehydroshikimate | C71: 3dhsk_c | D71: C7H7O5 | E71: c | F71: -1 | G71: iJO1366
A72: 2-Pyrone-4,6-dicarboxylate | B72: 3,4-Dihydroxybenzoate (Protocatechuate) | C72: 34dhbz_c | D72: C7H5O4 | E72: c | F72: -1 | H72: Not in iJO1366 but exist in other BiGG models (many of the P. Putida models). Reported to have charge -1 in other models. Aka Protocatechuate.
A73: 2-Pyrone-4,6-dicarboxylate | B73: 4-carboxy-2-hydroxy-muconate-6-semialdehyde | C73: 4c2hm6sa_c | D73: C7H4O6 | E73: c | F73: -2 | H73: Doesn’t appear to exist in the BiGG database. Thought it might be the same as 3-Carboxy-cis,cis-muconic acid (metID CCbuttc_c), but based on looking at the structures on PubMed, they appear to be different compounds. On PubMed it’s reported to have a charge of -2 (which makes sense with rxn that’s reported).
A74: 2-Pyrone-4,6-dicarboxylate | B74: 2-Pyrone-4,6-dicarboxylate | C74: 2p46dc_c | D74: C7H2O6 | E74: c | F74: -2 | H74: Doesn’t appear to exist in the BiGG database. H count in formula reflects charge.
A75: 2-Pyrone-4,6-dicarboxylate | B75: 2-Pyrone-4,6-dicarboxylate | C75: 2p46dc_e | D75: C7H2O6 | E75: e | F75: -2 | H75: Doesn’t appear to exist in the BiGG database. H count in formula reflects charge.
A78: 3-Methyl-1-pentanol | B78: (S)-3-Methyl-2-oxopentanoate | C78: 3mop_c | D78: C6H9O3 | E78: c | F78: -1 | G78: iJO1366 | H78: Aka 2-Keto-3-methylvalerate
A79: 3-Methyl-1-pentanol | B79: 2-hydroxy-2-(1-methylpropyl)butyrate (2-isopropylmalate + CH2) | C79: 2h2mpb_c | D79: C8H12O5 | E79: c | F79: -2 | H79: Based on Zhang (2008) paper, assuming compound is not in BiGG database.
A80: 3-Methyl-1-pentanol | B80: 2-butan-2-yl but-2-enedioate (2-isopropylmaleate + CH2) | C80: 2b2b_c | D80: C8H10O4 | E80: c | F80: -2 | H80: Based on Zhang (2008) paper, assuming compound is not in BiGG database.
A81: 3-Methyl-1-pentanol | B81: 2-butan-2-yl-3-hydroxybutyrate (3-isopropylmalate + CH2) | C81: 2b3hb_c | D81: C8H12O5 | E81: c | F81: -2 | H81: Based on Zhang (2008) paper, assuming compound is not in BiGG database.
A82: 3-Methyl-1-pentanol | B82: 2-butan-2-yl-3-oxobutyrate (2-isopropyl-3-oxosuccinate + CH2) | C82: 2b3ob_c | D82: C8H10O5 | E82: c | F82: -2 | H82: Based on Zhang (2008) paper, assuming compound is not in BiGG database.
A83: 3-Methyl-1-pentanol | B83: 4-Methyl-2-oxohexanoate (4-methyl-2-oxopentanoate + CH2) | C83: 4m2oh_2 | D83: C7H11O3 | E83: c | F83: -1 | H83: Based on Zhang (2008) paper, assuming compound is not in BiGG database. Aka 2-keto-methylhexanoate.
A84: 3-Methyl-1-pentanol | B84: 3-Methylpentanal | C84: 3mpal_c | D84: C6H12O | E84: c | F84: 0 | H84: Not in iJO1366 and doesn’t appear to exist in any other BiGG model either.
A85: 3-Methyl-1-pentanol | B85: 3-Methyl-1-pentanol | C85: 3mptoh_c | D85: C6H14O | E85: c | F85: 0 | H85: Not in iJO1366 and doesn’t appear to exist in any other BiGG model either.
A86: 3-Methyl-1-pentanol | B86: 3-Methyl-1-pentanol | C86: 3mptoh_e | D86: C6H14O | E86: e | F86: 0 | H86: Not in iJO1366 and doesn’t appear to exist in any other BiGG model either.
A89: 4-Hydroxystyrene | B89: Shikimate | C89: skm_c | D89: C7H9O5 | E89: c | F89: -1 | G89: iJO1366
A90: 4-Hydroxystyrene | B90: Shikimate 5-phosphate | C90: skm5p_c | D90: C7H8O8P | E90: c | F90: -3 | G90: iJO1366
A91: 4-Hydroxystyrene | B91: Phosphoenolpyruvate | C91: pep_c | D91: C3H2O6P | E91: c | F91: -3 | G91: iJO1366
A92: 4-Hydroxystyrene | B92: 5-O-(1-Carboxyvinyl)-3-phosphoshikimate | C92: 3psme_c | D92: C10H9O10P | E92: c | F92: -4 | G92: iJO1366
A93: 4-Hydroxystyrene | B93: Chorismate | C93: chor_c | D93: C10H8O6 | E93: c | F93: -2 | G93: iJO1366
A94: 4-Hydroxystyrene | B94: Prephenate | C94: pphn_c | D94: C10H8O6 | E94: c | F94: -2 | G94: iJO1366
A95: 4-Hydroxystyrene | B95: 3-(4-Hydroxyphenyl)pyruvate | C95: 34hpp_c | D95: C9H7O4 | E95: c | F95: -1 | G95: iJO1366
A96: 4-Hydroxystyrene | B96: L-Glutamate | C96: glu__L_c | D96: C5H8NO4 | E96: c | F96: -1 | G96: iJO1366
A97: 4-Hydroxystyrene | B97: 2-Oxoglutarate (alpha-ketoglutarate) | C97: akg_c | D97: C5H4O5 | E97: c | F97: -2 | G97: iJO1366 | H97: Aka alpha-ketoglutarate
A98: 4-Hydroxystyrene | B98: L-Tyrosine | C98: tyr__L_c | D98: C9H11NO3 | E98: c | F98: 0 | G98: iJO1366
A99: 4-Hydroxystyrene | B99: Pyruvate | C99: pyr_c | D99: C3H3O3 | E99: c | F99: -1 | G99: iJO1366
A100: 4-Hydroxystyrene | B100: Trans 4-Hydroxycinnamate (p-coumaric acid) | C100: T4hcinnm_c | D100: C9H7O3 | E100: c | F100: -1 | H100: Deprotonated form of p-coumaric acid, but not the same as p-coumarate (which has hydroxy group deprotonated) vs hydroxycinnimate has carboxylic acid group deprotonated. Not in iJO1366 model but does exist in other BiGG models.
A101: 4-Hydroxystyrene | B101: 4-Hydroxystyrene | C101: 4hxst_c | D101: C8H8O | E101: c | F101: 0 | H101: Aka 4-Vinylphenol
A102: 4-Hydroxystyrene | B102: 4-Hydroxystyrene | C102: 4hxst_e | D102: C8H8O | E102: e | F102: 0 | H102: Aka 4-Vinylphenol
A105: 5-Aminopentanoate | B105: L-Lysine | C105: lys__L_c | D105: C6H15N2O2 | E105: c | F105: 1 | G105: iJO1366
A106: 5-Aminopentanoate | B106: 5-Aminopentanamide | C106: 5apentam_c | D106: C5H12N2O | E106: c | F106: 0 | H106: Not in iJO1366.
A107: 5-Aminopentanoate | B107: 5-Aminopentanoate | C107: 5aptn_c | D107: C5H11NO2 | E107: c | F107: 0 | H107: Not in iJO1366 but exists in other BiGG models, including other E.coli models. Aka 5-aminovalerate. Both the acid and conjugate base have the same formula and charge 0 ( the base has a +1 charge on amino group and -1 charge on the carboxylate group, giving charge of 0 overall, and same number of hydrogens in both cases). The conjugate base should exist at pH ~7.
A108: 5-Aminopentanoate | B108: 5-Aminopentanoate | C108: 5aptn_e | D108: C5H11NO2 | E108: e | F108: 0 | H108: Not in iJO1366 but exists in other BiGG models, including other E.coli models. Aka 5-aminovalerate. Both the acid and conjugate base have the same formula and charge 0 ( the base has a +1 charge on amino group and -1 charge on the carboxylate group, giving charge of 0 overall, and same number of hydrogens in both cases). The conjugate base should exist at pH ~7.
A111: Acetone | B111: Acetoacetate | C111: acac_c | D111: C4H5O3 | E111: c | F111: -1 | G111: iJO1366
A112: Acetone | B112: Acetone | C112: acetone_c | D112: C3H6O | E112: c | F112: 0 | H112: Not in iJO1366, but exists in other BiGG models.
A113: Acetone | B113: Acetone | C113: acetone_e | D113: C3H6O | E113: e | F113: 0 | H113: Not in iJO1366, but exists in other BiGG models.
A116: Acrylate PW1 | B116: Glycerol | C116: glyc_c | D116: C3H8O3 | E116: c | F116: 0 | G116: iJO1366
A117: Acrylate PW1 | B117: 3-Hydroxypropanal | C117: 3hppnl_c | D117: C3H6O2 | E117: c | F117: 0 | H117: Not in iJO1366, but exists in other BiGG models including other E.coli models. Aka Reuterin, also present in the 1,3-propanediol pathway.
A118: Acrylate PW1 | B118: 3-Hydroxypropanoate | C118: 3hpp_c | D118: C3H5O3 | E118: c | F118: -1 | G118: iJO1366 | H118: Aka 3-Hydroxypropionate
A119: Acrylate PW1 | B119: 3-Hydroxypropionyl-CoA | C119: 3hpcoa_c | D119: C24H36N7O18P3S | E119: c | F119: -4 | H119: Not in iJO1366 but does exist in other BiGG models. Aka 3-Hydroxypropanoyl-CoA.
A120: Acrylate PW1 | B120: Acrylyl-CoA | C120: pp2coa_c | D120: C24H34N7O17P3S | E120: c | F120: -4 | H120: Not in iJO1366 but exists in another BiGG model. H=34 assumes -4 charge.
A121: Acrylate PW1 | B121: Acrylate | C121: acryl_c | D121: C3H3O2 | E121: c | F121: -1 | H121: Not in iJO1366, but acrylic acid exists in a few other BiGG models, either in its protonated or deprotonated form. In all instances, the charge is not indicated or is 0, and it only partakes in one reaction in any model in which it exists. Acrylic acid has a pKa of ~4 meaning it will likely be deprotonated and charged (-1) at cellular conditions. Used same metabolite ID for consistency with BiGG database.
A122: Acrylate PW1 | B122: Acrylate | C122: acryl_e | D122: C3H3O2 | E122: e | F122: -1 | H122: Not in iJO1366 or any other BiGG models. See notes for acryl_c.
A125: Acrylate PW2 | B125: D-Lactate | C125: lac__D_c | D125: C3H5O3 | E125: c | F125: -1 | G125: iJO1366 | H125: D-lactate same as R-lactate
A126: Acrylate PW2 | B126: Propionate | C126: ppa_c | D126: C3H5O2 | E126: c | F126: -1 | G126: iJO1366 | H126: Aka propanoate, but propionate is name in iJO1366 model
A127: Acrylate PW2 | B127: Lactoyl-CoA | C127: laccoa_c | D127: C24H36N7O18P3S | E127: c | F127: -4 | H127: Not in iJO1366, but exists in other BiGG models. Charge of -4 reported in other models.
A128: Acrylate PW2 | B128: Acrylyl-CoA | C128: pp2coa_c | D128: C24H34N7O17P3S | E128: c | F128: -4 | H128: Not in iJO1366 but exists in another BiGG model. H=34 assumes -4 charge.
A129: Acrylate PW2 | B129: Acrylate | C129: acryl_c | D129: C3H3O2 | E129: c | F129: -1 | H129: Not in iJO1366 or any other BiGG models. Acrylic acid exists in other BiGG models, including some other E.coli models, but it has a pKa ofr ~4 meaning it will likely be deprotonated and charged at cellular conditions.
A130: Acrylate PW2 | B130: Acrylate | C130: acryl_e | D130: C3H3O2 | E130: e | F130: -1 | H130: Not in iJO1366 or any other BiGG models. Acrylic acid exists in other BiGG models, including some other E.coli models, but it has a pKa ofr ~4 meaning it will likely be deprotonated and charged at cellular conditions.
A133: Adipate | B133: 3-Dehydroshikimate | C133: 3dhsk_c | D133: C7H7O5 | E133: c | F133: -1 | G133: iJO1366
A134: Adipate | B134: 3,4-Dihydroxybenzoate (Protocatechuate) | C134: 34dhbz_c | D134: C7H5O4 | E134: c | F134: -1 | H134: Not in iJO1366. Exists in other BiGG models though, as 3,4-Dihydroxybenzoate. Need to change ID from prcc_c as austin had set it before...
...

Sheet Products
A1: ProductName | B1: Model_Author | C1: Formula | D1: C | E1: H | F1: O | G1: N | H1: Charge | I1: Deg_Red | J1: MW_g/mol | K1: BP_degC | L1: MoleculeType | M1: CCM_Feeder | N1: Transport | O1: ExchangeRxn | P1: MetID | Q1: ProductNotes | R1: Transport (old)
A2: 1-3-Diaminopropane | B2: A | C2: C3H12N2 | D2: 3 | E2: 12 | F2: 0 | G2: 2 | H2: =Metabolites!F23 -> 2 | I2: =(D2*4+E2*1+F2*-2+G2*-3)/D2 -> 6 | J2: =D2*12.0107+E2*1.00784+F2*15.999+G2*14.0067 -> 76.13958 | K2: 139.3 | L2: Diamine | M2: Oxaloacetate + aKG | N2: =IF(K2>37,"Proton symporter", "Diffusion") -> Proton symporter | O2: EX_13dampp_e | P2: 13dampp_c | Q2: H-associated on both amino groups, giving H12 and 2+ charge | R2: Proton symporter
A3: 1-3-Propanediol | B3: A | C3: C3H8O2 | D3: 3 | E3: 8 | F3: 2 | G3: 0 | H3: =Metabolites!F29 -> 0 | I3: =(D3*4+E3*1+F3*-2+G3*-3)/D3 -> 5.3333333 | J3: =D3*12.0107+E3*1.00784+F3*15.999+G3*14.0067 -> 76.09282 | K3: 213 | L3: Diol | M3: Glyceraldehyde 3-P | N3: =IF(K3>37,"Proton symporter", "Diffusion") -> Proton symporter | O3: EX_13ppd_e | P3: 13ppd_c | R3: Diffusion
A4: 2-Methyl-1-Butanol | B4: A | C4: C5H12O | D4: 5 | E4: 12 | F4: 1 | G4: 0 | H4: =Metabolites!F60 -> 0 | I4: =(D4*4+E4*1+F4*-2+G4*-3)/D4 -> 6 | J4: =D4*12.0107+E4*1.00784+F4*15.999+G4*14.0067 -> 88.14658 | K4: 129 | L4: Alcohol | M4: PEP | N4: =IF(K4>37,"Proton symporter", "Diffusion") -> Proton symporter | O4: EX_2mbtoh_e | P4: 2mbtoh_c | Q4: 2-methyl-1-butanol transport exists in the S. cerevisiae iMM904 model as free diffusion between the extra-cellular space and the cytoplasm (rxnID 2MBTOHp). | R4: Diffusion
A5: 2-Pyrone-4-6-Dicarboxylate | B5: A | C5: C7H2O6 | D5: 7 | E5: 2 | F5: 6 | G5: 0 | H5: =Metabolites!F74 -> -2 | I5: =(D5*4+E5*1+F5*-2+G5*-3)/D5 -> 2.5714286 | J5: =D5*12.0107+E5*1.00784+F5*15.999+G5*14.0067 -> 182.08458 | K5: 355.5 | L5: Dicarboxylate | M5: Glyceraldehyde 3-P | N5: =IF(K5>37,"Proton symporter", "Diffusion") -> Proton symporter | O5: EX_2p46dc_e | P5: 2p46dc_c | R5: ExCell, transport?
A6: 3-Methyl-1-Pentanol | B6: A | C6: C6H14O | D6: 6 | E6: 14 | F6: 1 | G6: 0 | H6: =Metabolites!F85 -> 0 | I6: =(D6*4+E6*1+F6*-2+G6*-3)/D6 -> 6 | J6: =D6*12.0107+E6*1.00784+F6*15.999+G6*14.0067 -> 102.17296 | K6: 153 | L6: Alcohol | M6: Oxaloacetate | N6: =IF(K6>37,"Proton symporter", "Diffusion") -> Proton symporter | O6: EX_3mptoh_e | P6: 3mptoh_c | R6: Diffusion
A7: 5-Aminopentanoate | B7: A | C7: C5H11NO2 | D7: 5 | E7: 11 | F7: 2 | G7: 1 | H7: =Metabolites!F108 -> 0 | I7: =(D7*4+E7*1+F7*-2+G7*-3)/D7 -> 4.8 | J7: =D7*12.0107+E7*1.00784+F7*15.999+G7*14.0067 -> 117.14444 | K7: 247.5 | L7: D-Amino Acid | M7: Oxaloacetate | N7: =IF(K7>37,"Proton symporter", "Diffusion") -> Proton symporter | O7: EX_5aptn_e | P7: 5aptn_c | Q7: Both the acid and conjugate base have the same formula and charge 0 ( the base has a +1 charge on amino group and -1 charge on the carboxylate group, giving charge of 0 overall, and same number of hydrogens in both cases). The conjugate base should exist at pH ~7. | R7: Proton symporter?
A8: Acetone | B8: A | C8: C3H6O | D8: 3 | E8: 6 | F8: 1 | G8: 0 | H8: =Metabolites!F112 -> 0 | I8: =(D8*4+E8*1+F8*-2+G8*-3)/D8 -> 5.3333333 | J8: =D8*12.0107+E8*1.00784+F8*15.999+G8*14.0067 -> 58.07814 | K8: 56 | L8: Ketone | M8: Acetyl-CoA | N8: =IF(K8>37,"Proton symporter", "Diffusion") -> Proton symporter | O8: EX_acetone_e | P8: acetone_c | R8: Diffusion
A9: Acrylate-PW1 | B9: A | C9: C3H3O2 | D9: 3 | E9: 3 | F9: 2 | G9: 0 | H9: =Metabolites!F121 -> -1 | I9: =(D9*4+E9*1+F9*-2+G9*-3)/D9 -> 3.6666667 | J9: =D9*12.0107+E9*1.00784+F9*15.999+G9*14.0067 -> 71.05362 | K9: 80 | L9: Carboxylate | M9: Glyceraldehyde 3-P | N9: =IF(K9>37,"Proton symporter", "Diffusion") -> Proton symporter | O9: EX_acryl_e | P9: acryl_c | R9: Proton symporter
A10: Acrylate-PW2 | B10: A | C10: C3H3O2 | D10: 3 | E10: 3 | F10: 2 | G10: 0 | H10: =Metabolites!F129 -> -1 | I10: =(D10*4+E10*1+F10*-2+G10*-3)/D10 -> 3.6666667 | J10: =D10*12.0107+E10*1.00784+F10*15.999+G10*14.0067 -> 71.05362 | K10: 80 | L10: Carboxylate | M10: Pyruvate | N10: =IF(K10>37,"Proton symporter", "Diffusion") -> Proton symporter | O10: EX_acryl_e | P10: acryl_c | R10: Proton symporter
A11: Benzoate-PW1 | B11: A | C11: C7H5O2 | D11: 7 | E11: 5 | F11: 2 | G11: 0 | H11: =Metabolites!F146 -> -1 | I11: =(D11*4+E11*1+F11*-2+G11*-3)/D11 -> 4.1428571 | J11: =D11*12.0107+E11*1.00784+F11*15.999+G11*14.0067 -> 121.1121 | K11: 249.2 | L11: Aromatic + Carboxylate | M11: E4P + aKG | N11: =IF(K11>37,"Proton symporter", "Diffusion") -> Proton symporter | O11: EX_bz_e | P11: bz_c | R11: Proton symporter
A12: Benzoate-PW2 | B12: A | C12: C7H5O2 | D12: 7 | E12: 5 | F12: 2 | G12: 0 | H12: =Metabolites!F156 -> -1 | I12: =(D12*4+E12*1+F12*-2+G12*-3)/D12 -> 4.1428571 | J12: =D12*12.0107+E12*1.00784+F12*15.999+G12*14.0067 -> 121.1121 | K12: 249.2 | L12: Aromatic + Carboxylate | M12: E4P + aKG | N12: =IF(K12>37,"Proton symporter", "Diffusion") -> Proton symporter | O12: EX_bz_e | P12: bz_c | R12: Proton symporter
A13: BetaCarotene | B13: A | C13: C40H56 | D13: 40 | E13: 56 | F13: 0 | G13: 0 | H13: =Metabolites!F182 -> 0 | I13: =(D13*4+E13*1+F13*-2+G13*-3)/D13 -> 5.4 | J13: =D13*12.0107+E13*1.00784+F13*15.999+G13*14.0067 -> 536.86704 | K13: 633 | L13: Hydrocarbon | M13: Acetyl-CoA | N13: ABC Transporter | O13: EX_caro_e | P13: caro_c | R13: Intracellular Product OR ABC Transporter?
A14: Butyrate | B14: A | C14: C4H7O2 | D14: 4 | E14: 7 | F14: 2 | G14: 0 | H14: =Metabolites!F228 -> -1 | I14: =(D14*4+E14*1+F14*-2+G14*-3)/D14 -> 4.75 | J14: =D14*12.0107+E14*1.00784+F14*15.999+G14*14.0067 -> 87.09568 | K14: 163.5 | L14: Carboxylate | M14: Acetyl-CoA | N14: =IF(K14>37,"Proton symporter", "Diffusion") -> Proton symporter | O14: EX_but_e | P14: but_c | Q14: Product transport already exists in iJO1366 model as proton symporter. | R14: Proton symporter
A15: ciscisMuconate | B15: A | C15: C6H4O4 | D15: 6 | E15: 4 | F15: 4 | G15: 0 | H15: =Metabolites!F241 -> -2 | I15: =(D15*4+E15*1+F15*-2+G15*-3)/D15 -> 3.3333333 | J15: =D15*12.0107+E15*1.00784+F15*15.999+G15*14.0067 -> 140.09156 | K15: 345.4 | L15: Dicarboxylate | M15: Glyceraldehyde 3-P | N15: =IF(K15>37,"Proton symporter", "Diffusion") -> Proton symporter | O15: EX_ccmuac_e | P15: ccmuac_c | R15: ExCell, transport?
A16: Farnesene | B16: A | C16: C15H24 | D16: 15 | E16: 24 | F16: 0 | G16: 0 | H16: =Metabolites!F277 -> 0 | I16: =(D16*4+E16*1+F16*-2+G16*-3)/D16 -> 5.6 | J16: =D16*12.0107+E16*1.00784+F16*15.999+G16*14.0067 -> 204.34866 | K16: 260 (A)/272 (B) | L16: Isoprenoid; Hydrocarbon | M16: Acetyl-CoA | N16: =IF(K16>37,"Proton symporter", "Diffusion") -> Proton symporter | O16: EX_frene_e | P16: frene_c | Q16: Pathway for making alpha or beta farnesene is the same, except last step requires different enzyme (but carries out same reaction). | R16: Proton Symporter OR ABC Transporter?
A17: GammaButyrolactone | B17: A | C17: C4H6O2 | D17: 4 | E17: 6 | F17: 2 | G17: 0 | H17: =Metabolites!F283 -> 0 | I17: =(D17*4+E17*1+F17*-2+G17*-3)/D17 -> 4.5 | J17: =D17*12.0107+E17*1.00784+F17*15.999+G17*14.0067 -> 86.08784 | K17: 204 | L17: Lactone (cyclic ester) | M17: aKG | N17: =IF(K17>37,"Proton symporter", "Diffusion") -> Proton symporter | O17: EX_gblt_e | P17: gblt_c | R17: Proton symporter?
A18: Glutarate | B18: A | C18: C5H6O4 | D18: 5 | E18: 6 | F18: 4 | G18: 0 | H18: =Metabolites!F293 -> -2 | I18: =(D18*4+E18*1+F18*-2+G18*-3)/D18 -> 3.6 | J18: =D18*12.0107+E18*1.00784+F18*15.999+G18*14.0067 -> 130.09654 | K18: 200 | L18: Dicarboxylate | M18: Oxaloacetate + aKG | N18: =IF(K18>37,"Proton symporter", "Diffusion") -> Proton symporter | O18: EX_glutar_e | P18: glutar_c | R18: Proton symporter
A19: Isobutyrate | B19: A | C19: C4H7O2 | D19: 4 | E19: 7 | F19: 2 | G19: 0 | H19: =Metabolites!F351 -> -1 | I19: =(D19*4+E19*1+F19*-2+G19*-3)/D19 -> 4.75 | J19: =D19*12.0107+E19*1.00784+F19*15.999+G19*14.0067 -> 87.09568 | K19: 155 | L19: Carboxylate | M19: Pyruvate | N19: =IF(K19>37,"Proton symporter", "Diffusion") -> Proton symporter | O19: EX_ibt_e | P19: ibt_c | R19: Proton symporter
A20: Isopropanol | B20: A | C20: C3H8O | D20: 3 | E20: 8 | F20: 1 | G20: 0 | H20: =Metabolites!F369 -> 0 | I20: =(D20*4+E20*1+F20*-2+G20*-3)/D20 -> 6 | J20: =D20*12.0107+E20*1.00784+F20*15.999+G20*14.0067 -> 60.09382 | K20: 82.5 | L20: Alcohol | M20: Acetyl-CoA | N20: =IF(K20>37,"Proton symporter", "Diffusion") -> Proton symporter | O20: EX_2ppoh_e | P20: 2ppoh_c | R20: Diffusion
A21: Malonate | B21: A | C21: C3H2O4 | D21: 3 | E21: 2 | F21: 4 | G21: 0 | H21: =Metabolites!F398 -> -2 | I21: =(D21*4+E21*1+F21*-2+G21*-3)/D21 -> 2 | J21: =D21*12.0107+E21*1.00784+F21*15.999+G21*14.0067 -> 102.04378 | K21: 199 | L21: Dicarboxylate | M21: Oxaloacetate | N21: =IF(K21>37,"Proton symporter", "Diffusion") -> Proton symporter | O21: EX_malon_e | P21: malon_c | R21: Proton symporter (?)
A22: 1-3-butanediol-PW1 | B22: E | C22: C4H10O2 | D22: 4 | E22: 10 | F22: 2 | G22: 0 | H22: 0 | I22: =(D22*4+E22*1+F22*-2+G22*-3)/D22 -> 5.5 | J22: =D22*12.0107+E22*1.00784+F22*15.999+G22*14.0067 -> 90.1192 | K22: 207 | L22: Diol | M22: Acetyl-CoA | N22: =IF(K22>37,"Proton symporter", "Diffusion") -> Proton symporter | O22: EX_r13bdo_e | P22: 13bdo__R_c | Q22: Not in BiGG db, but 2,3-butanediol is as metID 23btdl_c and charge 0. 2,3-Butanediol transport exists in the BiGG database as diffusion (see BTDt_RR, BTDDtpp, BTDDtex). | R22: Diffusion
A23: 1-3-butanediol-PW2 | B23: E | C23: C4H10O2 | D23: 4 | E23: 10 | F23: 2 | G23: 0 | H23: 0 | I23: =(D23*4+E23*1+F23*-2+G23*-3)/D23 -> 5.5 | J23: =D23*12.0107+E23*1.00784+F23*15.999+G23*14.0067 -> 90.1192 | K23: 207 | L23: Diol | M23: Pyruvate (acetalehyde) | N23: =IF(K23>37,"Proton symporter", "Diffusion") -> Proton symporter | O23: EX_r13bdo_e | P23: 13bdo__R_c | Q23: Not in BiGG db, but 2,3-butanediol is as metID 23btdl_c and charge 0. 2,3-Butanediol transport exists in the BiGG database as diffusion (see BTDt_RR, BTDDtpp, BTDDtex). | R23: Eflux pump / Diffusion
A24: 1-4-butanediol | B24: E | C24: C4H10O2 | D24: 4 | E24: 10 | F24: 2 | G24: 0 | H24: 0 | I24: =(D24*4+E24*1+F24*-2+G24*-3)/D24 -> 5.5 | J24: =D24*12.0107+E24*1.00784+F24*15.999+G24*14.0067 -> 90.1192 | K24: 230 | L24: Diol | M24: aKG | N24: =IF(K24>37,"Proton symporter", "Diffusion") -> Proton symporter | O24: EX_14bdo_e | P24: 14bdo_c | Q24: Not in BiGG db, but 2,3-butanediol is as metID 23btdl_c and charge 0. 2,3-Butanediol transport exist in the BiGG database as diffusion (see BTDt_RR, BTDDtpp, BTDDtex). | R24: Eflux pump / Diffusion
A25: 2-3-butanediol | B25: E | C25: C4H10O2 | D25: 4 | E25: 10 | F25: 2 | G25: 0 | H25: 0 | I25: =(D25*4+E25*1+F25*-2+G25*-3)/D25 -> 5.5 | J25: =D25*12.0107+E25*1.00784+F25*15.999+G25*14.0067 -> 90.1192 | K25: 177 | L25: Diol | M25: Pyruvate | N25: =IF(K25>37,"Proton symporter", "Diffusion") -> Proton symporter | O25: EX_btd_RR_e | P25: btd_RR_c | Q25: Not in iJO1366, but exists in other BiGG models. 2,3-Butanediol transport exists in the BiGG database as diffusion (see BTDt_RR, BTDDtpp, BTDDtex). | R25: Eflux pump / Diffusion
A26: 4-Hydroxystyrene | B26: E | C26: C8H8O | D26: 8 | E26: 8 | F26: 1 | G26: 0 | H26: 0 | I26: =(D26*4+E26*1+F26*-2+G26*-3)/D26 -> 4.75 | J26: =D26*12.0107+E26*1.00784+F26*15.999+G26*14.0067 -> 120.14732 | K26: 229 | L26: Aromatic + Alcohol | M26: E4P + L-glutamate | N26: =IF(K26>37,"Proton symporter", "Diffusion") -> Proton symporter | O26: EX_hxst_e | P26: 4hxst_c | Q26: Not in BiGG db at all. | R26: Eflux pump / Diffusion
A27: Adipate | B27: E | C27: C6H8O4 | D27: 6 | E27: 8 | F27: 4 | G27: 0 | H27: -2 | I27: =(D27*4+E27*1+F27*-2+G27*-3)/D27 -> 4 | J27: =D27*12.0107+E27*1.00784+F27*15.999+G27*14.0067 -> 144.12292 | K27: 337.5 | L27: Dicarboxylate | M27: Glyceraldehyde 3-P | N27: =IF(K27>37,"Proton symporter", "Diffusion") -> Proton symporter | O27: EX_adpac_e | P27: adpac_c | Q27: Not in iJO1366, aka adipic acid. Does exist in other BiGG models but only mammal ones (Homo sapiens and Cricetulus griseus). Reported as -2 in model, adipic acid carboxylate pKas reported as 4.1 and 5.4, meaning both will be deprotonated at pH ~7. One instance of transport exists in Homo sapiens model as diffusion (rxnID ADPACtd), but given it’s charged I think it will likely need to be transported actively... | R27: Diffusion
A28: Benzyl alcohol | B28: E | C28: C7H8O | D28: 7 | E28: 8 | F28: 1 | G28: 0 | H28: 0 | I28: =(D28*4+E28*1+F28*-2+G28*-3)/D28 -> 4.8571429 | J28: =D28*12.0107+E28*1.00784+F28*15.999+G28*14.0067 -> 108.13662 | K28: 205 | L28: Aromatic + Alcohol | M28: E4P | N28: =IF(K28>37,"Proton symporter", "Diffusion") -> Proton symporter | O28: EX_bzalc_e | P28: bzalc_c | Q28: Not in iJO1366, but exists in other BiGG model (iAF987). | R28: Diffusion
A29: Butane | B29: E | C29: C4H10 | D29: 4 | E29: 10 | F29: 0 | G29: 0 | H29: =Metabolites!F197 -> 0 | I29: =(D29*4+E29*1+F29*-2+G29*-3)/D29 -> 6.5 | J29: =D29*12.0107+E29*1.00784+F29*15.999+G29*14.0067 -> 58.1212 | K29: -1 | L29: Hydrocarbon (alkane) | M29: Acetyl-CoA + Succinyl-CoA | N29: =IF(K29>37,"Proton symporter", "Diffusion") -> Diffusion | O29: EX_butane_e | P29: butn_c | R29: Diffusion
A30: Butanol-PW1 | B30: E | C30: C4H10O | D30: 4 | E30: 10 | F30: 1 | G30: 0 | H30: 0 | I30: =(D30*4+E30*1+F30*-2+G30*-3)/D30 -> 6 | J30: =D30*12.0107+E30*1.00784+F30*15.999+G30*14.0067 -> 74.1202 | K30: 117.7 | L30: Alcohol | M30: Acetyl-CoA | N30: =IF(K30>37,"Proton symporter", "Diffusion") -> Proton symporter | O30: EX_btoh_e | P30: btoh_c | Q30: Not in iJO1366. Does exist in other BiGG models, also another instance of butanol exists as 1-butanol (metID: 1btol_c ). Transport of butanol exists in the Clostridium ljungdahlii iHN637 model as free diffusion (see rxnID: BTOHt) | R30: Diffusion
A31: Butanol-PW2 | B31: E | C31: C4H10O | D31: 4 | E31: 10 | F31: 1 | G31: 0 | H31: 0 | I31: =(D31*4+E31*1+F31*-2+G31*-3)/D31 -> 6 | J31: =D31*12.0107+E31*1.00784+F31*15.999+G31*14.0067 -> 74.1202 | K31: 117.7 | L31: Alcohol | M31: Oxaloacetate | N31: =IF(K31>37,"Proton symporter", "Diffusion") -> Proton symporter | O31: EX_btoh_e | P31: btoh_c | Q31: Not in iJO1366. Does exist in other BiGG models, also another instance of butanol exists as 1-butanol (metID: 1btol_c ). Transport of butanol exists in the Clostridium ljungdahlii iHN637 model as free diffusion (see rxnID: BTOHt) | R31: Diffusion
A32: Catechol | B32: E | C32: C6H6O2 | D32: 6 | E32: 6 | F32: 2 | G32: 0 | H32: 0 | I32: =(D32*4+E32*1+F32*-2+G32*-3)/D32 -> 4.3333333 | J32: =D32*12.0107+E32*1.00784+F32*15.999+G32*14.0067 -> 110.10924 | K32: 245 | L32: Aromatic + Diol | M32: Glyceraldehyde 3-P | N32: =IF(K32>37,"Proton symporter", "Diffusion") -> Proton symporter | O32: EX_catechol_e | P32: catechol_c | Q32: Not in iJO1366. Exists in other BiGG models under same metID as shown. Aka 1,2-dihydroxybenzene or 1,2-benzenediol. Transport of catechol exists in P. Putida models (iJN1463 and iJN746) as diffusion, see rnx IDs: CATECHOLtpp & CATECHOLtex. | R32: Diffusion
A33: Coumaric acid | B33: E | C33: C9H7O3 | D33: 9 | E33: 7 | F33: 3 | G33: 0 | H33: -1 | I33: =(D33*4+E33*1+F33*-2+G33*-3)/D33 -> 4.1111111 | J33: =D33*12.0107+E33*1.00784+F33*15.999+G33*14.0067 -> 163.14818 | K33: 346 | L33: Aromatic + Alcohol + Carboxylate | M33: E4P + L-glutamate | N33: =IF(K33>37,"Proton symporter", "Diffusion") -> Proton symporter | O33: EX_T4hcinnm_e | P33: T4hcinnm_c | Q33: Not in iJO1366, but exists in other BiGG model (iJN1463). | R33: Diffusion
A34: EthylAcetate | B34: E | C34: C4H8O2 | D34: 4 | E34: 8 | F34: 2 | G34: 0 | H34: 0 | I34: =(D34*4+E34*1+F34*-2+G34*-3)/D34 -> 5 | J34: =D34*12.0107+E34*1.00784+F34*15.999+G34*14.0067 -> 88.10352 | K34: 77.1 | L34: Carboxylate Ester | M34: Acetyl-CoA | N34: =IF(K34>37,"Proton symporter", "Diffusion") -> Proton symporter | O34: EX_aces_e | P34: aces_c | Q34: Not in iJO1366 but exists in S. cerevisiae IMM904 model under name “Acetic Ester C4H8O2”. In this model, the transport of ethyl acetate is by diffusion (see rxnID ACESt). Considered a carboxylate but it’s not charged (it’s a carboxylate ester so the O group that’s usually charged in a carboxylate is not, as it has two bonds via the ester). May have similar transport to other carboxylate esters. | R34: Diffusion
A35: Heptane | B35: E | C35: C7H16 | D35: 7 | E35: 16 | F35: 0 | G35: 0 | H35: 0 | I35: =(D35*4+E35*1+F35*-2+G35*-3)/D35 -> 6.2857143 | J35: =D35*12.0107+E35*1.00784+F35*15.999+G35*14.0067 -> 100.20034 | K35: 98 | L35: Hydrocarbon (alkane) | M35: Acetyl-CoA | N35: =IF(K35>37,"Proton symporter", "Diffusion") -> Proton symporter | O35: EX_heptane | P35: hept_c | R35: ??
A36: Hexane | B36: E | C36: C6H14 | D36: 6 | E36: 14 | F36: 0 | G36: 0 | H36: 0 | I36: =(D36*4+E36*1+F36*-2+G36*-3)/D36 -> 6.3333333 | J36: =D36*12.0107+E36*1.00784+F36*15.999+G36*14.0067 -> 86.17396 | K36: 69 | L36: Hydrocarbon (alkane) | M36: Acetyl-CoA + Succinyl-CoA | N36: =IF(K36>37,"Proton symporter", "Diffusion") -> Proton symporter | O36: EX_hexane_e | P36: hex_c | R36: ??
A37: Isobutanol | B37: E | C37: C5H10O | D37: 5 | E37: 10 | F37: 1 | G37: 0 | H37: 0 | I37: =(D37*4+E37*1+F37*-2+G37*-3)/D37 -> 5.6 | J37: =D37*12.0107+E37*1.00784+F37*15.999+G37*14.0067 -> 86.1309 | K37: 108 | L37: Alcohol | M37: Pyruvate | N37: =IF(K37>37,"Proton symporter", "Diffusion") -> Proton symporter | O37: EX_ibutoh_e | P37: ibutoh_c | R37: Diffusion
A38: Isoprene | B38: E | C38: C5H8 | D38: 5 | E38: 8 | F38: 0 | G38: 0 | H38: 0 | I38: =(D38*4+E38*1+F38*-2+G38*-3)/D38 -> 5.6 | J38: =D38*12.0107+E38*1.00784+F38*15.999+G38*14.0067 -> 68.11622 | K38: 34.07 | L38: Isoprenoid; Hydrocarbon | M38: Acetyl-CoA | N38: =IF(K38>37,"Proton symporter", "Diffusion") -> Diffusion | O38: EX_iprene_e | P38: iprene_c | Q38: Not in BiGG db at all, aka isopentadiene or 2-methyl-1,3-butadiene. | R38: Diffusion(?)
A39: Itaconate | B39: E | C39: C5H4O4 | D39: 5 | E39: 4 | F39: 4 | G39: 0 | H39: -2 | I39: =(D39*4+E39*1+F39*-2+G39*-3)/D39 -> 3.2 | J39: =D39*12.0107+E39*1.00784+F39*15.999+G39*14.0067 -> 128.08086 | K39: 381 | L39: Dicarboxylate | M39: Acetyl-CoA + Oxaloacetate | N39: =IF(K39>37,"Proton symporter", "Diffusion") -> Proton symporter | O39: EX_itacon_e | P39: itacon_c | Q39: Itaconate (itaconic acid)
A40: Limonene | B40: E | C40: C10H16 | D40: 10 | E40: 16 | F40: 0 | G40: 0 | H40: 0 | I40: =(D40*4+E40*1+F40*-2+G40*-3)/D40 -> 5.6 | J40: =D40*12.0107+E40*1.00784+F40*15.999+G40*14.0067 -> 136.23244 | K40: 176 | L40: Isoprenoid; Aromatic (Cycloalkane) | M40: Acetyl-CoA | N40: =IF(K40>37,"Proton symporter", "Diffusion") -> Proton symporter | O40: EX_limnen_e | P40: limnen_c | Q40: Exists in a few BiGG models, but all mammal models. Called limnen in these models for some reason (but confident its limonene because it has the same formula and is used in the Limonene exchange reaction). Aka Dipentene. Transport in the mammal models is by diffusion (see rxnIDs LIMNENte). Not sure if applicable here.
A41: Nonane | B41: E | C41: C9H20 | D41: 9 | E41: 20 | F41: 0 | G41: 0 | H41: 0 | I41: =(D41*4+E41*1+F41*-2+G41*-3)/D41 -> 6.2222222 | J41: =D41*12.0107+E41*1.00784+F41*15.999+G41*14.0067 -> 128.2531 | K41: 151 | L41: Hydrocarbon (alkane) | M41: Acetyl-CoA | N41: =IF(K41>37,"Proton symporter", "Diffusion") -> Proton symporter | O41: EX_nonane_e | P41: nonan_c | R41: Proton symporter
A42: Octane | B42: E | C42: C8H18 | D42: 8 | E42: 18 | F42: 0 | G42: 0 | H42: 0 | I42: =(D42*4+E42*1+F42*-2+G42*-3)/D42 -> 6.25 | J42: =D42*12.0107+E42*1.00784+F42*15.999+G42*14.0067 -> 114.22672 | K42: 126 | L42: Hydrocarbon (alkane) | M42: Acetyl-CoA + Succinyl-CoA | N42: =IF(K42>37,"Proton symporter", "Diffusion") -> Proton symporter | O42: EX_octane_e | P42: octn_c
A43: Pentane | B43: E | C43: C5H12 | D43: 5 | E43: 12 | F43: 0 | G43: 0 | H43: =Metabolites!F461 -> 0 | I43: =(D43*4+E43*1+F43*-2+G43*-3)/D43 -> 6.4 | J43: =D43*12.0107+E43*1.00784+F43*15.999+G43*14.0067 -> 72.14758 | K43: 36.1 | L43: Hydrocarbon (alkane) | M43: Acetyl-CoA | N43: =IF(K43>37,"Proton symporter", "Diffusion") -> Diffusion | O43: EX_pentane_e | P43: pent_c | R43: Diffusion
A44: Pentanol-PW1 | B44: E | C44: C5H12O | D44: 5 | E44: 12 | F44: 1 | G44: 0 | H44: 0 | I44: =(D44*4+E44*1+F44*-2+G44*-3)/D44 -> 6 | J44: =D44*12.0107+E44*1.00784+F44*15.999+G44*14.0067 -> 88.14658 | K44: 138 | L44: Alcohol | M44: Acetyl-CoA + Succinyl-CoA | N44: =IF(K44>37,"Proton symporter", "Diffusion") -> Proton symporter | O44: EX_pentoh_e | P44: pentoh_c | Q44: Not in BiGG db at all. Transport of butanol exists in BiGG db as free diffusion, same probably for pentanol? | R44: Proton symporter
A45: Pentanol-PW2 | B45: E | C45: C5H12O | D45: 5 | E45: 12 | F45: 1 | G45: 0 | H45: 0 | I45: =(D45*4+E45*1+F45*-2+G45*-3)/D45 -> 6 | J45: =D45*12.0107+E45*1.00784+F45*15.999+G45*14.0067 -> 88.14658 | K45: 138 | L45: Alcohol | M45: Oxaloacetate | N45: =IF(K45>37,"Proton symporter", "Diffusion") -> Proton symporter | O45: EX_pentoh_e | P45: pentoh_c | Q45: Not in BiGG db at all. Transport of butanol exists in BiGG db as free diffusion, same probably for pentanol? | R45: Diffusion
A46: Propane-PW1 | B46: E | C46: C3H8 | D46: 3 | E46: 8 | F46: 0 | G46: 0 | H46: 0 | I46: =(D46*4+E46*1+F46*-2+G46*-3)/D46 -> 6.6666667 | J46: =D46*12.0107+E46*1.00784+F46*15.999+G46*14.0067 -> 44.09482 | K46: -42 | L46: Hydrocarbon | M46: Acetyl-CoA | N46: =IF(K46>37,"Proton symporter", "Diffusion") -> Diffusion | O46: EX_propane_e | P46: prop_c | R46: Diffusion(?)
A47: Propane-PW2 | B47: E | C47: C3H8 | D47: 3 | E47: 8 | F47: 0 | G47: 0 | H47: 0 | I47: =(D47*4+E47*1+F47*-2+G47*-3)/D47 -> 6.6666667 | J47: =D47*12.0107+E47*1.00784+F47*15.999+G47*14.0067 -> 44.09482 | K47: -42 | L47: Hydrocarbon | M47: Oxaloacetate | N47: =IF(K47>37,"Proton symporter", "Diffusion") -> Diffusion | O47: EX_propane_e | P47: prop_c | R47: Proton symporter
A48: Shikimate | B48: E | C48: C7H9O5 | D48: 7 | E48: 9 | F48: 5 | G48: 0 | H48: -1 | I48: =(D48*4+E48*1+F48*-2+G48*-3)/D48 -> 3.8571429 | J48: =D48*12.0107+E48*1.00784+F48*15.999+G48*14.0067 -> 173.14046 | K48: 400.5 | L48: Aromatic + Alcohol + Carboxylate | M48: PEP + E4P (Glyceraldehyde 3-P) | N48: =IF(K48>37,"Proton symporter", "Diffusion") -> Proton symporter | O48: EX_skm_e | P48: skm_c | Q48: In iJO1366 model. | R48: Diffusion
A49: 1-propanol-PW1 | B49: E-S | C49: C3H8O | D49: 3 | E49: 8 | F49: 1 | G49: 0 | H49: 0 | I49: =(D49*4+E49*1+F49*-2+G49*-3)/D49 -> 6 | J49: =D49*12.0107+E49*1.00784+F49*15.999+G49*14.0067 -> 60.09382 | K49: 97 | L49: Alcohol | M49: Glyceraldehyde 3-P (-->DHAP) | N49: =IF(K49>37,"Proton symporter", "Diffusion") -> Proton symporter | O49: EX_ppoh_e | P49: ppoh_c | Q49: Not in iJO1366, but exists in other BiGG models. Transport exists in Geobacter metallireducens iAF987 model as proton symport (see rxnIDs PPOHt2pp, PPOHtex). | R49: Diffusion
A50: 1-propanol-PW2 | B50: E-S | C50: C3H8O | D50: 3 | E50: 8 | F50: 1 | G50: 0 | H50: 0 | I50: =(D50*4+E50*1+F50*-2+G50*-3)/D50 -> 6 | J50: =D50*12.0107+E50*1.00784+F50*15.999+G50*14.0067 -> 60.09382 | K50: 97 | L50: Alcohol | M50: Oxaloacetate | N50: =IF(K50>37,"Proton symporter", "Diffusion") -> Proton symporter | O50: EX_ppoh_e | P50: ppoh_c | Q50: Not in iJO1366, but exists in other BiGG models. Transport exists in Geobacter metallireducens iAF987 model as proton symport (see rxnIDs PPOHt2pp, PPOHtex). | R50: Diffusion(?)
A51: Phenol | B51: E-S | C51: C6H6O | D51: 6 | E51: 6 | F51: 1 | G51: 0 | H51: 0 | I51: =(D51*4+E51*1+F51*-2+G51*-3)/D51 -> 4.6666667 | J51: =D51*12.0107+E51*1.00784+F51*15.999+G51*14.0067 -> 94.11024 | K51: 181.7 | L51: Aromatic + Alcohol | M51: E4P + L-glutamate | N51: =IF(K51>37,"Proton symporter", "Diffusion") -> Proton symporter | O51: EX_phenol_e | P51: phenol_c | Q51: Not in iJO1366 but exist in a couple other BiGG models. Aka Hydroxybenzene. In Geobacter metallireducens iAF987 model transport from P --> C is via proton symporter (rxnID: PHENOLt2pp), and P <=> E is via diffusion (rxnID: PHENOLtex). Assuming proton symporter could work in reverse to transport out. | R51: Diffusion(?)
A52: Styrene | B52: E-S | C52: C8H8 | D52: 8 | E52: 8 | F52: 0 | G52: 0 | H52: 0 | I52: =(D52*4+E52*1+F52*-2+G52*-3)/D52 -> 5 | J52: =D52*12.0107+E52*1.00784+F52*15.999+G52*14.0067 -> 104.14832 | K52: 145 | L52: Cycloalkane | M52: E4P | N52: =IF(K52>37,"Proton symporter", "Diffusion") -> Proton symporter | O52: EX_styr_e | P52: styr_c | Q52: Not in BiGG db at all. Aka ethenylbenzene or phenylethylene. Phenylethyl alcohol exists in the P. Putida iJN1463 model and requires ABC transporter system (rxnID PEAL2tabc), although it looks a bit bulkier as a molecule compared to styrene.
A53: Citrate | B53: iJO1366 | C53: C6H5O7 | D53: 6 | E53: 5 | F53: 7 | G53: 0 | H53: -3 | I53: =(D53*4+E53*1+F53*-2+G53*-3)/D53 -> 2.5 | J53: =D53*12.0107+E53*1.00784+F53*15.999+G53*14.0067 -> 189.0964 | K53: NA | L53: Tricarboxylate + Alcohol | M53: Acetyl-CoA | N53: Proton antiport | O53: EX_cit_e | P53: cit_c | Q53: Already exists in iJO1366 model. Assuming native pathway in iJO1366 model used for production. Native transport mechanism in model is proton antiport.
A54: Glutamate_L | B54: iJO1366 | C54: C5H8NO4 | D54: 5 | E54: 8 | F54: 4 | G54: 1 | H54: -1 | I54: =(D54*4+E54*1+F54*-2+G54*-3)/D54 -> 3.4 | J54: =D54*12.0107+E54*1.00784+F54*15.999+G54*14.0067 -> 146.11892 | K54: 333.8 | L54: Amino acid | M54: aKG | N54: =IF(K54>37,"Proton symporter", "Diffusion") -> Proton symporter | O54: EX_glu__L_e | P54: glu__L_c | Q54: Already exists in iJO1366 model. Assuming native pathway in iJO1366 model used for production.
A55: Glycolate | B55: iJO1366 | C55: C2H3O3 | D55: 2 | E55: 3 | F55: 3 | G55: 0 | H55: -1 | I55: =(D55*4+E55*1+F55*-2+G55*-3)/D55 -> 2.5 | J55: =D55*12.0107+E55*1.00784+F55*15.999+G55*14.0067 -> 75.04192 | K55: 112 | L55: Carboxylate + Alcohol (hydroxy carboxylate) | M55: Glyoxylate (*isocitrate) | N55: =IF(K55>37,"Proton symporter", "Diffusion") -> Proton symporter | O55: EX_glyclt_e | P55: glyclt_c | Q55: Already exists in iJO1366 model. Assuming native pathway in iJO1366 model used for production.
A56: Lysine_L | B56: iJO1366 | C56: C6H15N2O2 | D56: 6 | E56: 15 | F56: 2 | G56: 2 | H56: 1 | I56: =(D56*4+E56*1+F56*-2+G56*-3)/D56 -> 4.8333333 | J56: =D56*12.0107+E56*1.00784+F56*15.999+G56*14.0067 -> 147.1932 | K56: NA | L56: Amino acid | M56: Oxaloacetate | N56: Proton antiport | O56: EX_lys__L_e | P56: lys__L_ | Q56: Already exists in iJO1366 model. Assuming native pathway in iJO1366 model used for production. Native transport mechanism in model is proton antiport.
A57: Malate | B57: iJO1366 | C57: C4H4O5 | D57: 4 | E57: 4 | F57: 5 | G57: 0 | H57: -2 | I57: =(D57*4+E57*1+F57*-2+G57*-3)/D57 -> 2.5 | J57: =D57*12.0107+E57*1.00784+F57*15.999+G57*14.0067 -> 132.06916 | K57: NA | L57: Dicarboxylate | M57: Oxaloacetate | N57: Proton symporter | O57: EX_mal__L_e | P57: mal__L_e | Q57: Already exists in iJO1366 model. Assuming native pathway in iJO1366 model used for production. Produced via TCA cycle.
A58: Succinate | B58: iJO1366 | C58: C4H4O4 | D58: 4 | E58: 4 | F58: 4 | G58: 0 | H58: -2 | I58: =(D58*4+E58*1+F58*-2+G58*-3)/D58 -> 3 | J58: =D58*12.0107+E58*1.00784+F58*15.999+G58*14.0067 -> 116.07016 | K58: 235 | L58: Dicarboxylate | M58: Oxaloacetate | N58: =IF(K58>37,"Proton symporter", "Diffusion") -> Proton symporter | O58: EX_succ_e | P58: succ_c | Q58: Already exists in iJO1366 model. Assuming native pathway in iJO1366 model used for production. Produced via TCA cycle. | R58: Diffusion (channel)
A59: ButylButanoate | B59: S | C59: C8H16O2 | D59: 8 | E59: 16 | F59: 2 | G59: 0 | H59: 0 | I59: =(D59*4+E59*1+F59*-2+G59*-3)/D59 -> 5.5 | J59: =D59*12.0107+E59*1.00784+F59*15.999+G59*14.0067 -> 144.20904 | K59: 166 | L59: Carboxylate Ester | N59: =IF(K59>37,"Proton symporter", "Diffusion") -> Proton symporter | P59: butbut_c | Q59: Not in BiGG db at all. Considered a carboxylate but it’s not charged (it’s a carboxylate ester so the O group that’s usually charged in a carboxylate is not, as it has two bonds via the ester). May have similar transport to other carboxylate esters. | R59: Proton symporter
A60: Casbene | B60: S | C60: C20H32 | D60: 20 | E60: 32 | F60: 0 | G60: 0 | H60: 0 | I60: =(D60*4+E60*1+F60*-2+G60*-3)/D60 -> 5.6 | J60: =D60*12.0107+E60*1.00784+F60*15.999+G60*14.0067 -> 272.46488 | K60: 357.7 | L60: Diterpene | N60: =IF(K60>37,"Proton symporter", "Diffusion") -> Proton symporter | Q60: Not in BiGG db at all. | R60: Proton symporter
A61: EthylButanoate | B61: S | C61: C6H12O2 | D61: 6 | E61: 12 | F61: 2 | G61: 0 | H61: 0 | I61: =(D61*4+E61*1+F61*-2+G61*-3)/D61 -> 5.3333333 | J61: =D61*12.0107+E61*1.00784+F61*15.999+G61*14.0067 -> 116.15628 | K61: 121 | L61: Carboxylate Ester | N61: =IF(K61>37,"Proton symporter", "Diffusion") -> Proton symporter | Q61: Not in BiGG db at all. Considered a carboxylate but it’s not charged (it’s a carboxylate ester so the O group that’s usually charged in a carboxylate is not, as it has two bonds via the ester). May have similar transport to other carboxylate esters. | R61: Proton symporter
A62: EthylPentanoate | B62: S | C62: C7H14O2 | D62: 7 | E62: 14 | F62: 2 | G62: 0 | H62: 0 | I62: =(D62*4+E62*1+F62*-2+G62*-3)/D62 -> 5.4285714 | J62: =D62*12.0107+E62*1.00784+F62*15.999+G62*14.0067 -> 130.18266 | K62: 145 | L62: Carboxylate Ester | N62: =IF(K62>37,"Proton symporter", "Diffusion") -> Proton symporter | Q62: Not in BiGG db at all, aka ethyl valerate. Considered a carboxylate but it’s not charged (it’s a carboxylate ester so the O group that’s usually charged in a carboxylate is not, as it has two bonds via the ester). May have similar transport to other carboxylate esters. | R62: Diffusion
A63: IsobutylAcetate | B63: S | C63: C6H12O2 | D63: 6 | E63: 12 | F63: 2 | G63: 0 | H63: 0 | I63: =(D63*4+E63*1+F63*-2+G63*-3)/D63 -> 5.3333333 | J63: =D63*12.0107+E63*1.00784+F63*15.999+G63*14.0067 -> 116.15628 | K63: 118 | L63: Carboxylate Ester | N63: =IF(K63>37,"Proton symporter", "Diffusion") -> Proton symporter | O63: EX_ibutac_e | P63: ibutac_c | Q63: Only exists in one BiGG model: iMM904 for S. cerevisiae. Transport in this model is via diffusion (rxnID IBUTACt). May have similar transport to other carboxylate esters. | R63: Diffusion
A64: IsobutylButanoate | B64: S | C64: C8H16O2 | D64: 8 | E64: 16 | F64: 2 | G64: 0 | H64: 0 | I64: =(D64*4+E64*1+F64*-2+G64*-3)/D64 -> 5.5 | J64: =D64*12.0107+E64*1.00784+F64*15.999+G64*14.0067 -> 144.20904 | K64: 157.5 | L64: Carboxylate Ester | N64: =IF(K64>37,"Proton symporter", "Diffusion") -> Proton symporter | Q64: Not in BiGG db at all, aka isobutyl butyrate. May have similar transport to other carboxylate esters. | R64: ??
A65: IsobutylPentanoate | B65: S | C65: C9H18O2 | D65: 9 | E65: 18 | F65: 2 | G65: 0 | H65: 0 | I65: =(D65*4+E65*1+F65*-2+G65*-3)/D65 -> 5.5555556 | J65: =D65*12.0107+E65*1.00784+F65*15.999+G65*14.0067 -> 158.23542 | K65: 176.5 | L65: Carboxylate Ester | N65: =IF(K65>37,"Proton symporter", "Diffusion") -> Proton symporter | Q65: Not in BiGG db at all, aka isobutyl valerate. May have similar transport to other carboxylate esters. | R65: Proton symporter
A66: Myrcene (Mycrene?) | B66: S | C66: C10H16 | D66: 10 | E66: 16 | F66: 0 | G66: 0 | H66: 0 | I66: =(D66*4+E66*1+F66*-2+G66*-3)/D66 -> 5.6 | J66: =D66*12.0107+E66*1.00784+F66*15.999+G66*14.0067 -> 136.23244 | K66: 167 | L66: Hydrocarbon (triene) | N66: =IF(K66>37,"Proton symporter", "Diffusion") -> Proton symporter | Q66: Not in BiGG db at all, aka 7-Methyl-3-methylene-1,6-octadiene. Name was written as Mycrene, but I think it was supposed to be Myrcrene. | R66: ??
A67: PentylPentanoate | B67: S | C67: C10H20O2 | D67: 10 | E67: 20 | F67: 2 | G67: 0 | H67: 0 | I67: =(D67*4+E67*1+F67*-2+G67*-3)/D67 -> 5.6 | J67: =D67*12.0107+E67*1.00784+F67*15.999+G67*14.0067 -> 172.2618 | K67: 207 | L67: Carboxylate Ester | N67: =IF(K67>37,"Proton symporter", "Diffusion") -> Proton symporter | Q67: Not in BiGG db at all. Aka pentyl valerate. A carboxyl ester, but probably not free diffusion like some other carboxyl esters because it’s much bigger. | R67: Proton symporter
A68: PropylButanoate | B68: S | C68: C7H14O2 | D68: 7 | E68: 14 | F68: 2 | G68: 0 | H68: 0 | I68: =(D68*4+E68*1+F68*-2+G68*-3)/D68 -> 5.4285714 | J68: =D68*12.0107+E68*1.00784+F68*15.999+G68*14.0067 -> 130.18266 | K68: 143 | L68: Carboxylate Ester | N68: =IF(K68>37,"Proton symporter", "Diffusion") -> Proton symporter | Q68: Not in BiGG db at all. Aka propyl butyrate. Transport may be diffusion like other carboxylate esters, but it’s larger so might need to be actively transported. | R68: Proton symporter
A69: Vanillin | B69: S | C69: C8H8O3 | D69: 8 | E69: 8 | F69: 3 | G69: 0 | H69: 0 | I69: =(D69*4+E69*1+F69*-2+G69*-3)/D69 -> 4.25 | J69: =D69*12.0107+E69*1.00784+F69*15.999+G69*14.0067 -> 152.14532 | K69: 285 | L69: Aromatic + Alcohol + Carbonyl + Ester | N69: =IF(K69>37,"Proton symporter", "Diffusion") -> Proton symporter | O69: EX_vanln_e | P69: vanln_c | Q69: Exists in P. Putida models iJN1463 and iJN746, with charge 0 (pKa is ~7.4, so likely protonated and neutral at pH ~7; that’s what’s assumed here). In P. Putida models proton symporter is used for transport for P <=> C (rxnID: VNLNpp), and diffusion is used for transport between E <=> P (rxnID: VANLNtex) .
A70: Terepthlalate | B70: ZE | R70: ??
A71: Glucarate_D | B71: ZiJO1366 | C71: C6H8O8 | D71: 6 | E71: 8 | F71: 8 | G71: 0 | H71: -2 | I71: =(D71*4+E71*1+F71*-2+G71*-3)/D71 -> 2.6666667 | J71: =D71*12.0107+E71*1.00784+F71*15.999+G71*14.0067 -> 208.11892 | K71: NA | L71: Dicarboxylate + Alcohols (aka sugar acid) | N71: Proton symporter | O71: EX_glcr_e | P71: glcr_c | Q71: Already exists in iJO1366 model. Assuming native pathway in iJO1366 model used for production. | R71: Proton symporter
A72: Ethylbenzene | B72: ZS | C72: C8H10 | D72: 8 | E72: 10 | F72: 0 | G72: 0 | H72: 0 | I72: =(D72*4+E72*1+F72*-2+G72*-3)/D72 -> 5.25 | J72: =D72*12.0107+E72*1.00784+F72*15.999+G72*14.0067 -> 106.164 | K72: 136 | L72: Aromatic (Cycloalkane) | N72: =IF(K72>37,"Proton symporter", "Diffusion") -> Proton symporter | Q72: Not in BiGG db at all. Aka phenylethane and ethylbenzol.
A73: HMF | B73: ZS | C73: C6H6O3 | D73: 6 | E73: 6 | F73: 3 | G73: 0 | H73: 0 | I73: =(D73*4+E73*1+F73*-2+G73*-3)/D73 -> 4 | J73: =D73*12.0107+E73*1.00784+F73*15.999+G73*14.0067 -> 126.10824 | K73: 115 | L73: Aromatic + Alcohol + Carbonyl + Ester | N73: =IF(K73>37,"Proton symporter", "Diffusion") -> Proton symporter | Q73: Not in BiGG db at all. Aka 5-hydroxymethylfurfural or 5-Hydroxymethyl-2-furaldehyde. PKa predicted to be ~12.8, so will be protonated and neutral at pH ~7.
A74: Levulinate | B74: ZS | C74: C5H7O3 | D74: 5 | E74: 7 | F74: 3 | G74: 0 | H74: -1 | I74: =(D74*4+E74*1+F74*-2+G74*-3)/D74 -> 4.2 | J74: =D74*12.0107+E74*1.00784+F74*15.999+G74*14.0067 -> 115.10538 | K74: 245 | L74: Carboxylate | N74: =IF(K74>37,"Proton symporter", "Diffusion") -> Proton symporter | O74: EX_4oxptn_e | P74: 4oxptn_c | Q74: Exists in P. Putida model iJN1463 as the acid (4opa_c) and as the conjugate base (4oxptn_c), under its other name: 4-Oxopentanoic acid. Has pKa of ~4.3 meaning it will be deprotonated at pH ~7, so conjugate base is assumed here. In the iJN1463 model a sodium symporter is used for transportation from P --> C (rxnID: 4OXPTNtpp), and diffusion is assumed from E <=> P (rxnID: 4OXPTNtex). Assumed that same transport system would work in reverse.
A75: P-Xylene | B75: ZS | C75: C8H10 | D75: 8 | E75: 10 | F75: 0 | G75: 0 | H75: 0 | I75: =(D75*4+E75*1+F75*-2+G75*-3)/D75 -> 5.25 | J75: =D75*12.0107+E75*1.00784+F75*15.999+G75*14.0067 -> 106.164 | K75: 138.4 | L75: Aromatic (Cycloalkane) | N75: =IF(K75>37,"Proton symporter", "Diffusion") -> Proton symporter | O75: EX_p_xyl_e | P75: p_xyl_c | Q75: Not in BiGG db at all, but M-xylene exists in the P. Putida models iJN1463 and iJN746 (metID: m_xyl_c). Aka para-xylene or 1,4-Dimethylbenzene. In P. Putida models, M-xylene transport is a mix of passive diffusion (M_XYLtpp), proton antiport (MXYLt6) and porin transport (M_Xylt1). So not sure what to use....
A77: *The Degree of reduction can be calculated and is indicative of the oxidation state (high degree of reduction = low degree of oxidation). The Degree of reduction (Ɣ) is calculated based on the number of electrons each atom can donate: C = 4, H = 1, O = -2, N = -3, P = 5 (-ve value means atom receives electrons rather than donates them). The calculation is as follows: (4*Cn+1*Hn-2*On-3*Nn+5*Pn)/Cn. For example, isopropanol (C3H8O): (4*(3)+1*(8)-2*(1))/(3) = 6 . SOURCE: Shuler and Kargi (2001) – Bioprocess Engineering Basic Concepts (p.211).
A78: **CCM Feeder = central carbon metabolism feeder, aka the metabolite from CCM that feeds into the production pathway for the given product.
A82: PolylacticAcid | B82: S | C82: (C3H4O2)n | D82: 3 | E82: 4 | F82: 2 | G82: 0 | H82: 0 | I82: =(D82*4+E82*1+F82*-2+G82*-3)/D82 -> 4 | L82: Polymer | Q82: Not in BiGG db at all. Polylactic acid is the polymer of lactic acid. Yang (2010)/Jung (2009) (same group) engineered propionate-CoA transferase from Clostridium propionicum and polyhydroxyalkanoate (PHA) synthase from Pseudomonas in E. coli for polylactic acid production. See MetaCyc for more info on PHA synthase: https://metacyc.org/META/NEW-IMAGE?type=REACTION&object=RXN-21039 . In Yang (2010) they say they measured the PHA accumulated in cells suggesting it’s an intracellular product (likely true if large polymer). Not sure what size PLA they made... | R82: **Intracellular**

Sheet Products_2
A1: ProductName | B1: Model_Author | C1: Formula | D1: C | E1: H | F1: O | G1: N | H1: Charge | I1: MoleculeType | J1: Degree_of_Reduction | K1: CCM_Feeder | L1: Transport | M1: ExchangeRxn | N1: MW_BP | O1: MetID | P1: ProductNotes
A2: 1-3-Diaminopropane | B2: A | C2: C3H12N2 | D2: 3 | E2: 12 | F2: 0 | G2: 2 | H2: =Metabolites!F23 -> 2 | I2: Diamine | J2: =(D2*4+E2*1+F2*-2+G2*-3)/D2 -> 6 | K2: Oxaloacetate + aKG | L2: Proton symporter | M2: EX_13dampp_e | N2: =D2*12.0107+E2*1.00784+F2*15.999+G2*14.0067 -> 76.13958 | P2: H-associated on both amino groups, giving H12 and 2+ charge
A3: 1-3-Propanediol | B3: A | C3: C3H8O2 | D3: 3 | E3: 8 | F3: 2 | G3: 0 | H3: =Metabolites!F29 -> 0 | I3: Diol | J3: =(D3*4+E3*1+F3*-2+G3*-3)/D3 -> 5.3333333 | K3: Glyceraldehyde 3-P | L3: Diffusion | M3: EX_13ppd_e | N3: =D3*12.0107+E3*1.00784+F3*15.999+G3*14.0067 -> 76.09282
A4: 2-Methyl-1-Butanol | B4: A | C4: C5H12O | D4: 5 | E4: 12 | F4: 1 | G4: 0 | H4: =Metabolites!F60 -> 0 | I4: Alcohol | J4: =(D4*4+E4*1+F4*-2+G4*-3)/D4 -> 6 | K4: PEP | L4: Diffusion | M4: EX_2mbtoh_e | N4: =D4*12.0107+E4*1.00784+F4*15.999+G4*14.0067 -> 88.14658
A5: 2-Pyrone-4-6-Dicarboxylate | B5: A | C5: C7H2O6 | D5: 7 | E5: 2 | F5: 6 | G5: 0 | H5: =Metabolites!F74 -> -2 | I5: Dicarboxylate | J5: =(D5*4+E5*1+F5*-2+G5*-3)/D5 -> 2.5714286 | K5: Glyceraldehyde 3-P | L5: ExCell, transport? | M5: EX_2p46dc_e | N5: =D5*12.0107+E5*1.00784+F5*15.999+G5*14.0067 -> 182.08458
A6: 3-Methyl-1-Pentanol | B6: A | C6: C6H14O | D6: 6 | E6: 14 | F6: 1 | G6: 0 | H6: =Metabolites!F85 -> 0 | I6: Alcohol | J6: =(D6*4+E6*1+F6*-2+G6*-3)/D6 -> 6 | K6: Oxaloacetate | L6: Free diffusion? | M6: EX_3mptoh_e | N6: =D6*12.0107+E6*1.00784+F6*15.999+G6*14.0067 -> 102.17296
A7: 5-Aminovalerate | B7: A | C7: C5H11NO2 | D7: 5 | E7: 11 | F7: 2 | G7: 1 | H7: =Metabolites!F108 -> 0 | I7: D-Amino Acid | J7: =(D7*4+E7*1+F7*-2+G7*-3)/D7 -> 4.8 | K7: Oxaloacetate | L7: Proton symporter? | M7: EX_5aptn_e | N7: =D7*12.0107+E7*1.00784+F7*15.999+G7*14.0067 -> 117.14444 | P7: Both the acid and conjugate base have the same formula and charge 0 ( the base has a +1 charge on amino group and -1 charge on the carboxylate group, giving charge of 0 overall, and same number of hydrogens in both cases). The conjugate base should exist at pH ~7.
A8: Acetone | B8: A | C8: C3H6O | D8: 3 | E8: 6 | F8: 1 | G8: 0 | H8: =Metabolites!F112 -> 0 | I8: Ketone | J8: =(D8*4+E8*1+F8*-2+G8*-3)/D8 -> 5.3333333 | K8: Acetyl-CoA | L8: ExCell, transport? | M8: EX_acetone_e | N8: =D8*12.0107+E8*1.00784+F8*15.999+G8*14.0067 -> 58.07814
A9: Acrylate-PW1 | B9: A | C9: C3H3O2 | D9: 3 | E9: 3 | F9: 2 | G9: 0 | H9: =Metabolites!F121 -> -1 | I9: Carboxylate | J9: =(D9*4+E9*1+F9*-2+G9*-3)/D9 -> 3.6666667 | K9: Glyceraldehyde 3-P | L9: ExCell, transport? | M9: EX_acryl_e | N9: =D9*12.0107+E9*1.00784+F9*15.999+G9*14.0067 -> 71.05362
A10: Acrylate-PW2 | B10: A | C10: C3H3O2 | D10: 3 | E10: 3 | F10: 2 | G10: 0 | H10: =Metabolites!F129 -> -1 | I10: Carboxylate | J10: =(D10*4+E10*1+F10*-2+G10*-3)/D10 -> 3.6666667 | K10: Pyruvate | L10: ExCell, transport? | M10: EX_acryl_e | N10: =D10*12.0107+E10*1.00784+F10*15.999+G10*14.0067 -> 71.05362
A11: Benzoate-PW1 | B11: A | C11: C7H5O2 | D11: 7 | E11: 5 | F11: 2 | G11: 0 | H11: =Metabolites!F146 -> -1 | I11: Cycloalkane + Carboxylate | J11: =(D11*4+E11*1+F11*-2+G11*-3)/D11 -> 4.1428571 | K11: E4P + aKG | L11: Proton symporter | M11: EX_bz_e | N11: =D11*12.0107+E11*1.00784+F11*15.999+G11*14.0067 -> 121.1121
A12: Benzoate-PW2 | B12: A | C12: C7H5O2 | D12: 7 | E12: 5 | F12: 2 | G12: 0 | H12: =Metabolites!F156 -> -1 | I12: Cycloalkane + Carboxylate | J12: =(D12*4+E12*1+F12*-2+G12*-3)/D12 -> 4.1428571 | K12: E4P + aKG | L12: Proton symporter | M12: EX_bz_e | N12: =D12*12.0107+E12*1.00784+F12*15.999+G12*14.0067 -> 121.1121
A13: BetaCarotene | B13: A | C13: C40H56 | D13: 40 | E13: 56 | F13: 0 | G13: 0 | H13: =Metabolites!F182 -> 0 | I13: Hydrocarbon | J13: =(D13*4+E13*1+F13*-2+G13*-3)/D13 -> 5.4 | K13: Acetyl-CoA | L13: Intracellular Product | M13: EX_caro_e | N13: =D13*12.0107+E13*1.00784+F13*15.999+G13*14.0067 -> 536.86704
A14: Butane | B14: E | C14: C4H10 | D14: 4 | E14: 10 | F14: 0 | G14: 0 | H14: =Metabolites!F197 -> 0 | I14: Hydrocarbon (alkane) | J14: =(D14*4+E14*1+F14*-2+G14*-3)/D14 -> 6.5 | K14: Acetyl-CoA + Succinyl-CoA | L14: Diffusion(?) | M14: EX_butane_e | N14: =D14*12.0107+E14*1.00784+F14*15.999+G14*14.0067 -> 58.1212
A15: Butyrate | B15: A | C15: C4H7O2 | D15: 4 | E15: 7 | F15: 2 | G15: 0 | H15: =Metabolites!F228 -> -1 | I15: Carboxylate | J15: =(D15*4+E15*1+F15*-2+G15*-3)/D15 -> 4.75 | K15: Acetyl-CoA | L15: Proton symporter | M15: EX_but_e | N15: =D15*12.0107+E15*1.00784+F15*15.999+G15*14.0067 -> 87.09568
A16: ciscisMuconate | B16: A | C16: C6H4O4 | D16: 6 | E16: 4 | F16: 4 | G16: 0 | H16: =Metabolites!F241 -> -2 | I16: Dicarboxylate | J16: =(D16*4+E16*1+F16*-2+G16*-3)/D16 -> 3.3333333 | K16: Glyceraldehyde 3-P | L16: ExCell, transport? | M16: EX_ccmuac_e | N16: =D16*12.0107+E16*1.00784+F16*15.999+G16*14.0067 -> 140.09156
A17: Farnesene | B17: A | C17: C15H24 | D17: 15 | E17: 24 | F17: 0 | G17: 0 | H17: =Metabolites!F277 -> 0 | I17: Hydrocarbon | J17: =(D17*4+E17*1+F17*-2+G17*-3)/D17 -> 5.6 | K17: Acetyl-CoA | L17: ExCell, transport? | M17: EX_frene_e | N17: =D17*12.0107+E17*1.00784+F17*15.999+G17*14.0067 -> 204.34866 | P17: Pathway for making alpha or beta farnesene is the same, except last step requires different enzyme (but carries out same reaction).
A18: GammaButyrolactone | B18: A | C18: C4H6O2 | D18: 4 | E18: 6 | F18: 2 | G18: 0 | H18: =Metabolites!F283 -> 0 | I18: Lactone (cyclic ester) | J18: =(D18*4+E18*1+F18*-2+G18*-3)/D18 -> 4.5 | K18: aKG | L18: ?? | M18: EX_gblt_e | N18: =D18*12.0107+E18*1.00784+F18*15.999+G18*14.0067 -> 86.08784
A19: Glutarate | B19: A | C19: C5H6O4 | D19: 5 | E19: 6 | F19: 4 | G19: 0 | H19: =Metabolites!F293 -> -2 | I19: Dicarboxylate | J19: =(D19*4+E19*1+F19*-2+G19*-3)/D19 -> 3.6 | K19: Oxaloacetate + aKG | L19: Proton symporter | M19: EX_glutar_e | N19: =D19*12.0107+E19*1.00784+F19*15.999+G19*14.0067 -> 130.09654
A20: Heptane | B20: E | C20: C7H16 | D20: 7 | E20: 16 | F20: 0 | G20: 0 | H20: 0 | I20: Hydrocarbon (alkane) | J20: =(D20*4+E20*1+F20*-2+G20*-3)/D20 -> 6.2857143 | L20: Diffusion(?) | N20: =D20*12.0107+E20*1.00784+F20*15.999+G20*14.0067 -> 100.20034 | P20: Not in BiGG db at all. Call (2016) showed that the fatty acid transporter FadL is also used to import medium-chain alkanes (ie. Octane) in E.coli. From our experiments at LMSE, we already know that butane and pentane are extracellular products. It seems likely that this transporter (or another similar) could be used for the export of alkanes as well. Can thus probably assume diffusion for the transport mechanism? Can this be assumed for all small-medium alkanes?
A21: Hexane | B21: E | C21: C6H14 | D21: 6 | E21: 14 | F21: 0 | G21: 0 | H21: 0 | I21: Hydrocarbon (alkane) | J21: =(D21*4+E21*1+F21*-2+G21*-3)/D21 -> 6.3333333 | K21: Acetyl-CoA | L21: Diffusion(?) | M21: EX_hexane_e | N21: =D21*12.0107+E21*1.00784+F21*15.999+G21*14.0067 -> 86.17396
A22: Isobutyrate | B22: A | C22: C4H7O2 | D22: 4 | E22: 7 | F22: 2 | G22: 0 | H22: =Metabolites!F351 -> -1 | I22: Carboxylate | J22: =(D22*4+E22*1+F22*-2+G22*-3)/D22 -> 4.75 | K22: Pyruvate | L22: Proton symporter (?) | M22: EX_ibt_e | N22: =D22*12.0107+E22*1.00784+F22*15.999+G22*14.0067 -> 87.09568
A23: Isopropanol | B23: A | C23: C3H8O | D23: 3 | E23: 8 | F23: 1 | G23: 0 | H23: =Metabolites!F369 -> 0 | I23: Alcohol | J23: =(D23*4+E23*1+F23*-2+G23*-3)/D23 -> 6 | K23: Acetyl-CoA | L23: Proton symporter (?) | M23: EX_ipp_e | N23: =D23*12.0107+E23*1.00784+F23*15.999+G23*14.0067 -> 60.09382
A24: Malonate | B24: A | C24: C3H2O4 | D24: 3 | E24: 2 | F24: 4 | G24: 0 | H24: =Metabolites!F398 -> -2 | I24: Dicarboxylate | J24: =(D24*4+E24*1+F24*-2+G24*-3)/D24 -> 2 | K24: Oxaloacetate | L24: Proton symporter (?) | M24: EX_malon_e | N24: =D24*12.0107+E24*1.00784+F24*15.999+G24*14.0067 -> 102.04378
A25: Nonane | B25: E | C25: C9H20 | D25: 9 | E25: 20 | F25: 0 | G25: 0 | H25: 0 | I25: Hydrocarbon (alkane) | J25: =(D25*4+E25*1+F25*-2+G25*-3)/D25 -> 6.2222222 | L25: Diffusion(?) | N25: =D25*12.0107+E25*1.00784+F25*15.999+G25*14.0067 -> 128.2531 | P25: Not in BiGG db at all. Call (2016) showed that the fatty acid transporter FadL is also used to import medium-chain alkanes (ie. Octane) in E.coli. From our experiments at LMSE, we already know that butane and pentane are extracellular products. It seems likely that this transporter (or another similar) could be used for the export of alkanes as well. Can thus probably assume diffusion for the transport mechanism? Can this be assumed for all small-medium alkanes?
A26: Octane | B26: E | C26: C8H18 | D26: 8 | E26: 18 | F26: 0 | G26: 0 | H26: 0 | I26: Hydrocarbon (alkane) | J26: =(D26*4+E26*1+F26*-2+G26*-3)/D26 -> 6.25 | K26: Acetyl-CoA | L26: Diffusion(?) | M26: EX_octane_e | N26: =D26*12.0107+E26*1.00784+F26*15.999+G26*14.0067 -> 114.22672
A27: Pentane | B27: E | C27: C5H12 | D27: 5 | E27: 12 | F27: 0 | G27: 0 | H27: =Metabolites!F461 -> 0 | I27: Hydrocarbon (alkane) | J27: =(D27*4+E27*1+F27*-2+G27*-3)/D27 -> 6.4 | K27: Acetyl-CoA | L27: Diffusion(?) | M27: EX_pentane_e | N27: =D27*12.0107+E27*1.00784+F27*15.999+G27*14.0067 -> 72.14758
A28: Propane-PW1 | B28: E | C28: C3H8O | D28: 3 | E28: 8 | F28: 0 | G28: 0 | H28: 0 | I28: Hydrocarbon | J28: =(D28*4+E28*1+F28*-2+G28*-3)/D28 -> 6.6666667 | L28: Diffusion(?) | N28: =D28*12.0107+E28*1.00784+F28*15.999+G28*14.0067 -> 44.09482 | P28: Not in BiGG db at all. Call (2016) showed that the fatty acid transporter FadL is also used to import medium-chain alkanes (ie. Octane) in E.coli. From our experiments at LMSE, we already know that butane and pentane are extracellular products. It seems likely that this transporter (or another similar) could be used for the export of alkanes as well. Can thus probably assume diffusion for the transport mechanism? Can this be assumed for all small-medium alkanes?
A29: Propane-PW2 | B29: E | C29: C3H8O | D29: 3 | E29: 8 | F29: 0 | G29: 0 | H29: 0 | I29: Hydrocarbon | J29: =(D29*4+E29*1+F29*-2+G29*-3)/D29 -> 6.6666667 | L29: Diffusion(?) | N29: =D29*12.0107+E29*1.00784+F29*15.999+G29*14.0067 -> 44.09482 | P29: Not in BiGG db at all. Call (2016) showed that the fatty acid transporter FadL is also used to import medium-chain alkanes (ie. Octane) in E.coli. From our experiments at LMSE, we already know that butane and pentane are extracellular products. It seems likely that this transporter (or another similar) could be used for the export of alkanes as well. Can thus probably assume diffusion for the transport mechanism? Can this be assumed for all small-medium alkanes?
A31: 1,3-butanediol | B31: S | C31: C4H10O2 | D31: 4 | E31: 10 | F31: 2 | G31: 0 | H31: 0 | I31: Diol | J31: =(D31*4+E31*1+F31*-2+G31*-3)/D31 -> 5.5 | L31: Diffusion | N31: =D31*12.0107+E31*1.00784+F31*15.999+G31*14.0067 -> 90.1192 | O31: 13btdl_c | P31: Not in BiGG db, but 2,3-butanediol is as metID 23btdl_c and charge 0. 2,3-Butanediol transport exists in the BiGG database as diffusion (see BTDt_RR, BTDDtpp, BTDDtex).
A32: 1,4-butanediol | B32: S | C32: C4H10O2 | D32: 4 | E32: 10 | F32: 2 | G32: 0 | H32: 0 | I32: Diol | J32: =(D32*4+E32*1+F32*-2+G32*-3)/D32 -> 5.5 | L32: Diffusion | N32: =D32*12.0107+E32*1.00784+F32*15.999+G32*14.0067 -> 90.1192 | O32: 14btdl_c | P32: Not in BiGG db, but 2,3-butanediol is as metID 23btdl_c and charge 0. 2,3-Butanediol transport exist in the BiGG database as diffusion (see BTDt_RR, BTDDtpp, BTDDtex).
A33: 1-propanol | B33: S | C33: C3H8O | D33: 3 | E33: 8 | F33: 1 | G33: 0 | H33: 0 | I33: Alcohol | J33: =(D33*4+E33*1+F33*-2+G33*-3)/D33 -> 6 | L33: Proton symporter | M33: EX_ppoh_e | N33: =D33*12.0107+E33*1.00784+F33*15.999+G33*14.0067 -> 60.09382 | O33: ppoh_c | P33: Not in iJO1366, but exists in other BiGG models. Transport exists in Geobacter metallireducens iAF987 model as proton symport (see rxnIDs PPOHt2pp, PPOHtex).
A34: 2,3-butanediol | B34: S | C34: C4H10O2 | D34: 4 | E34: 10 | F34: 2 | G34: 0 | H34: 0 | I34: Diol | J34: =(D34*4+E34*1+F34*-2+G34*-3)/D34 -> 5.5 | L34: Diffusion | M34: EX_btd_RR_e | N34: =D34*12.0107+E34*1.00784+F34*15.999+G34*14.0067 -> 90.1192 | O34: 23btdl_c | P34: Not in iJO1366, but exists in other BiGG models. 2,3-Butanediol transport exists in the BiGG database as diffusion (see BTDt_RR, BTDDtpp, BTDDtex).
A35: Adipate | B35: S | C35: C6H8O4 | D35: 6 | E35: 8 | F35: 4 | G35: 0 | H35: -2 | I35: Dicarboxylate | J35: =(D35*4+E35*1+F35*-2+G35*-3)/D35 -> 4 | L35: ?? | M35: EX_adpac_e | N35: =D35*12.0107+E35*1.00784+F35*15.999+G35*14.0067 -> 144.12292 | O35: adpac_c | P35: Not in iJO1366, aka adipic acid. Does exist in other BiGG models but only mammal ones (Homo sapiens and Cricetulus griseus). Reported as -2 in model, adipic acid carboxylate pKas reported as 4.1 and 5.4, meaning both will be deprotonated at pH ~7. One instance of transport exists in Homo sapiens model as diffusion (rxnID ADPACtd), but given it’s charged I think it will likely need to be transported actively...
A36: Butanol | B36: S | C36: C4H10O | D36: 4 | E36: 10 | F36: 1 | G36: 0 | H36: 0 | I36: Alcohol | J36: =(D36*4+E36*1+F36*-2+G36*-3)/D36 -> 6 | L36: Diffusion | M36: EX_btoh_e | N36: =D36*12.0107+E36*1.00784+F36*15.999+G36*14.0067 -> 74.1202 | O36: btoh_c | P36: Not in iJO1366. Does exist in other BiGG models, also another instance of butanol exists as 1-butanol (metID: 1btol_c ). Transport of butanol exists in the Clostridium ljungdahlii iHN637 model as free diffusion (see rxnID: BTOHt)
A37: ButylButanoate | B37: S | C37: C8H16O2 | D37: 8 | E37: 16 | F37: 2 | G37: 0 | H37: 0 | I37: Carboxylate Ester | J37: =(D37*4+E37*1+F37*-2+G37*-3)/D37 -> 5.5 | L37: Diffusion(?) | N37: =D37*12.0107+E37*1.00784+F37*15.999+G37*14.0067 -> 144.20904 | O37: butbut_c | P37: Not in BiGG db at all. Considered a carboxylate but it’s not charged (it’s a carboxylate ester so the O group that’s usually charged in a carboxylate is not, as it has two bonds via the ester). May have similar transport to other carboxylate esters.
A38: Casbene | B38: S | C38: C20H32 | D38: 20 | E38: 32 | F38: 0 | G38: 0 | H38: 0 | I38: Diterpene | J38: =(D38*4+E38*1+F38*-2+G38*-3)/D38 -> 5.6 | L38: ?? | N38: =D38*12.0107+E38*1.00784+F38*15.999+G38*14.0067 -> 272.46488 | P38: Not in BiGG db at all.
A39: Catechol | B39: S | C39: C6H6O2 | D39: 6 | E39: 6 | F39: 2 | G39: 0 | H39: 0 | I39: Cycloalkane + Diol | J39: =(D39*4+E39*1+F39*-2+G39*-3)/D39 -> 4.3333333 | L39: Diffusion | M39: EX_catechol_e | N39: =D39*12.0107+E39*1.00784+F39*15.999+G39*14.0067 -> 110.10924 | O39: catechol_c | P39: Not in iJO1366. Exists in other BiGG models under same metID as shown. Aka 1,2-dihydroxybenzene or 1,2-benzenediol. Transport of catechol exists in P. Putida models (iJN1463 and iJN746) as diffusion, see rnx IDs: CATECHOLtpp & CATECHOLtex.
A40: EthylAcetate | B40: S | C40: C4H8O2 | D40: 4 | E40: 8 | F40: 2 | G40: 0 | H40: 0 | I40: Carboxylate Ester | J40: =(D40*4+E40*1+F40*-2+G40*-3)/D40 -> 5 | L40: Diffusion(?) | M40: EX_aces_e | N40: =D40*12.0107+E40*1.00784+F40*15.999+G40*14.0067 -> 88.10352 | O40: aces_c | P40: Not in iJO1366 but exists in S. cerevisiae IMM904 model under name “Acetic Ester C4H8O2”. In this model, the transport of ethyl acetate is by diffusion (see rxnID ACESt). Considered a carboxylate but it’s not charged (it’s a carboxylate ester so the O group that’s usually charged in a carboxylate is not, as it has two bonds via the ester). May have similar transport to other carboxylate esters.
A41: EthylButanoate | B41: S | C41: C6H12O2 | D41: 6 | E41: 12 | F41: 2 | G41: 0 | H41: 0 | I41: Carboxylate Ester | J41: =(D41*4+E41*1+F41*-2+G41*-3)/D41 -> 5.3333333 | L41: Diffusion(?) | N41: =D41*12.0107+E41*1.00784+F41*15.999+G41*14.0067 -> 116.15628 | P41: Not in BiGG db at all. Considered a carboxylate but it’s not charged (it’s a carboxylate ester so the O group that’s usually charged in a carboxylate is not, as it has two bonds via the ester). May have similar transport to other carboxylate esters.
A42: EthylPentanoate | B42: S | C42: C7H14O2 | D42: 7 | E42: 14 | F42: 2 | G42: 0 | H42: 0 | I42: Carboxylate Ester | J42: =(D42*4+E42*1+F42*-2+G42*-3)/D42 -> 5.4285714 | L42: Diffusion(?) | N42: =D42*12.0107+E42*1.00784+F42*15.999+G42*14.0067 -> 130.18266 | P42: Not in BiGG db at all, aka ethyl valerate. Considered a carboxylate but it’s not charged (it’s a carboxylate ester so the O group that’s usually charged in a carboxylate is not, as it has two bonds via the ester). May have similar transport to other carboxylate esters.
A43: Ethylbenzene | B43: S | C43: C8H10 | D43: 8 | E43: 10 | F43: 0 | G43: 0 | H43: 0 | I43: Cycloalkane | J43: =(D43*4+E43*1+F43*-2+G43*-3)/D43 -> 5.25 | L43: ?? | N43: =D43*12.0107+E43*1.00784+F43*15.999+G43*14.0067 -> 106.164 | P43: Not in BiGG db at all. Aka phenylethane and ethylbenzol.
A44: Ethylene | B44: S | C44: C2H4 | D44: 2 | E44: 4 | F44: 0 | G44: 0 | H44: 0 | I44: Hydrocarbon | J44: =(D44*4+E44*1+F44*-2+G44*-3)/D44 -> 6 | L44: Diffusion | N44: =D44*12.0107+E44*1.00784+F44*15.999+G44*14.0067 -> 28.05276 | O44: ethe_c | P44: Only exists in on BiGG model (iLB1027_lipid), and participates in only one reaction.
A45: HMF | B45: S | C45: C6H6O3 | D45: 6 | E45: 6 | F45: 3 | G45: 0 | H45: 0 | I45: Cycloalkane + Alcohol + Carbonyl + Ester | J45: =(D45*4+E45*1+F45*-2+G45*-3)/D45 -> 4 | L45: ?? | N45: =D45*12.0107+E45*1.00784+F45*15.999+G45*14.0067 -> 126.10824 | P45: Not in BiGG db at all. Aka 5-hydroxymethylfurfural or 5-Hydroxymethyl-2-furaldehyde. PKa predicted to be ~12.8, so will be protonated and neutral at pH ~7.
A46: Isobutanol | B46: S | C46: C5H10O | D46: 5 | E46: 10 | F46: 1 | G46: 0 | H46: 0 | I46: Alcohol | J46: =(D46*4+E46*1+F46*-2+G46*-3)/D46 -> 5.6 | L46: Diffusion | M46: EX_ibtol_e | N46: =D46*12.0107+E46*1.00784+F46*15.999+G46*14.0067 -> 86.1309 | O46: ibtol_c | P46: Only exists in one BiGG model: iCN900 for Clostridioides difficile. Transport in this model is via diffusion (rxnID IBTOLt).
A47: IsobutylAcetate | B47: S | C47: C6H12O2 | D47: 6 | E47: 12 | F47: 2 | G47: 0 | H47: 0 | I47: Carboxylate Ester | J47: =(D47*4+E47*1+F47*-2+G47*-3)/D47 -> 5.3333333 | L47: Diffusion | M47: EX_ibutac_e | N47: =D47*12.0107+E47*1.00784+F47*15.999+G47*14.0067 -> 116.15628 | O47: ibutac_c | P47: Only exists in one BiGG model: iMM904 for S. cerevisiae. Transport in this model is via diffusion (rxnID IBUTACt). May have similar transport to other carboxylate esters.
A48: IsobutylButanoate | B48: S | C48: C8H16O2 | D48: 8 | E48: 16 | F48: 2 | G48: 0 | H48: 0 | I48: Carboxylate Ester | J48: =(D48*4+E48*1+F48*-2+G48*-3)/D48 -> 5.5 | L48: Diffusion(?) | N48: =D48*12.0107+E48*1.00784+F48*15.999+G48*14.0067 -> 144.20904 | P48: Not in BiGG db at all, aka isobutyl butyrate. May have similar transport to other carboxylate esters.
A49: IsobutylPentanoate | B49: S | C49: C9H18O2 | D49: 9 | E49: 18 | F49: 2 | G49: 0 | H49: 0 | I49: Carboxylate Ester | J49: =(D49*4+E49*1+F49*-2+G49*-3)/D49 -> 5.5555556 | L49: Diffusion(?) | N49: =D49*12.0107+E49*1.00784+F49*15.999+G49*14.0067 -> 158.23542 | P49: Not in BiGG db at all, aka isobutyl valerate. May have similar transport to other carboxylate esters.
A50: Isoprene | B50: S | C50: C5H8 | D50: 5 | E50: 8 | F50: 0 | G50: 0 | H50: 0 | I50: Hydrocarbon | J50: =(D50*4+E50*1+F50*-2+G50*-3)/D50 -> 5.6 | L50: Diffusion(?) | N50: =D50*12.0107+E50*1.00784+F50*15.999+G50*14.0067 -> 68.11622 | P50: Not in BiGG db at all, aka isopentadiene or 2-methyl-1,3-butadiene.
A51: Itaconate | B51: S | C51: C5H4O4 | D51: 5 | E51: 4 | F51: 4 | G51: 0 | H51: -2 | I51: Dicarboxylate | J51: =(D51*4+E51*1+F51*-2+G51*-3)/D51 -> 3.2 | L51: ?? | M51: EX_itacon_e | N51: =D51*12.0107+E51*1.00784+F51*15.999+G51*14.0067 -> 128.08086 | O51: itacon_c | P51: Itaconate (itaconic acid)
A52: Levulinate | B52: S | C52: C5H7O3 | D52: 5 | E52: 7 | F52: 3 | G52: 0 | H52: -1 | I52: Carboxylate | J52: =(D52*4+E52*1+F52*-2+G52*-3)/D52 -> 4.2 | L52: Sodium symporter | M52: EX_4oxptn_e | N52: =D52*12.0107+E52*1.00784+F52*15.999+G52*14.0067 -> 115.10538 | O52: 4oxptn_c | P52: Exists in P. Putida model iJN1463 as the acid (4opa_c) and as the conjugate base (4oxptn_c), under its other name: 4-Oxopentanoic acid. Has pKa of ~4.3 meaning it will be deprotonated at pH ~7, so conjugate base is assumed here. In the iJN1463 model a sodium symporter is used for transportation from P --> C (rxnID: 4OXPTNtpp), and diffusion is assumed from E <=> P (rxnID: 4OXPTNtex). Assumed that same transport system would work in reverse.
A53: Limonene | B53: S | C53: C10H16 | D53: 10 | E53: 16 | F53: 0 | G53: 0 | H53: 0 | I53: Cycloalkane | J53: =(D53*4+E53*1+F53*-2+G53*-3)/D53 -> 5.6 | L53: ?? | M53: EX_limnen_e | N53: =D53*12.0107+E53*1.00784+F53*15.999+G53*14.0067 -> 136.23244 | O53: limnen_c | P53: Exists in a few BiGG models, but all mammal models. Called limnen in these models for some reason (but confident its limonene because it has the same formula and is used in the Limonene exchange reaction). Aka Dipentene. Transport in the mammal models is by diffusion (see rxnIDs LIMNENte). Not sure if applicable here.
A54: Myrcene (Mycrene?) | B54: S | C54: C10H16 | D54: 10 | E54: 16 | F54: 0 | G54: 0 | H54: 0 | I54: Hydrocarbon (triene) | J54: =(D54*4+E54*1+F54*-2+G54*-3)/D54 -> 5.6 | L54: ?? | N54: =D54*12.0107+E54*1.00784+F54*15.999+G54*14.0067 -> 136.23244 | P54: Not in BiGG db at all, aka 7-Methyl-3-methylene-1,6-octadiene. Name was written as Mycrene, but I think it was supposed to be Myrcrene.
A55: Pentanol | B55: S | C55: C5H12O | D55: 5 | E55: 12 | F55: 1 | G55: 0 | H55: 0 | I55: Alcohol | J55: =(D55*4+E55*1+F55*-2+G55*-3)/D55 -> 6 | L55: Diffusion (??) | N55: =D55*12.0107+E55*1.00784+F55*15.999+G55*14.0067 -> 88.14658 | P55: Not in BiGG db at all. Transport of butanol exists in BiGG db as free diffusion, same probably for pentanol?
A56: PentylPentanoate | B56: S | C56: C10H20O2 | D56: 10 | E56: 20 | F56: 2 | G56: 0 | H56: 0 | I56: Carboxylate Ester | J56: =(D56*4+E56*1+F56*-2+G56*-3)/D56 -> 5.6 | L56: ?? | N56: =D56*12.0107+E56*1.00784+F56*15.999+G56*14.0067 -> 172.2618 | P56: Not in BiGG db at all. Aka pentyl valerate. A carboxyl ester, but probably not free diffusion like some other carboxyl esters because it’s much bigger.
A57: Phenol | B57: S | C57: C6H6O | D57: 6 | E57: 6 | F57: 1 | G57: 0 | H57: 0 | I57: Cycloalkane + Alcohol | J57: =(D57*4+E57*1+F57*-2+G57*-3)/D57 -> 4.6666667 | L57: Proton symporter | M57: EX_phenol_e | N57: =D57*12.0107+E57*1.00784+F57*15.999+G57*14.0067 -> 94.11024 | O57: phenol_c | P57: Not in iJO1366 but exist in a couple other BiGG models. Aka Hydroxybenzene. In Geobacter metallireducens iAF987 model transport from P --> C is via proton symporter (rxnID: PHENOLt2pp), and P <=> E is via diffusion (rxnID: PHENOLtex). Assuming proton symporter could work in reverse to transport out.
A58: PolylacticAcid | B58: S | C58: (C3H4O2)n | D58: 3 | E58: 4 | F58: 2 | G58: 0 | H58: 0 | I58: Polymer | J58: =(D58*4+E58*1+F58*-2+G58*-3)/D58 -> 4 | L58: **Intracellular** | P58: Not in BiGG db at all. Polylactic acid is the polymer of lactic acid. Yang (2010)/Jung (2009) (same group) engineered propionate-CoA transferase from Clostridium propionicum and polyhydroxyalkanoate (PHA) synthase from Pseudomonas in E. coli for polylactic acid production. See MetaCyc for more info on PHA synthase: https://metacyc.org/META/NEW-IMAGE?type=REACTION&object=RXN-21039 . In Yang (2010) they say they measured the PHA accumulated in cells suggesting it’s an intracellular product (likely true if large polymer). Not sure what size PLA they made...
A59: PropylButanoate | B59: S | C59: C7H14O2 | D59: 7 | E59: 14 | F59: 2 | G59: 0 | H59: 0 | I59: Carboxylate Ester | J59: =(D59*4+E59*1+F59*-2+G59*-3)/D59 -> 5.4285714 | L59: ?? | N59: =D59*12.0107+E59*1.00784+F59*15.999+G59*14.0067 -> 130.18266 | P59: Not in BiGG db at all. Aka propyl butyrate. Transport may be diffusion like other carboxylate esters, but it’s larger so might need to be actively transported.
A60: Styrene | B60: S | C60: C8H8 | D60: 8 | E60: 8 | F60: 0 | G60: 0 | H60: 0 | I60: Cycloalkane | J60: =(D60*4+E60*1+F60*-2+G60*-3)/D60 -> 5 | L60: Transporter?? | N60: =D60*12.0107+E60*1.00784+F60*15.999+G60*14.0067 -> 104.14832 | P60: Not in BiGG db at all. Aka ethenylbenzene or phenylethylene. Phenylethyl alcohol exists in the P. Putida iJN1463 model and requires ABC transporter system (rxnID PEAL2tabc), although it looks a bit bulkier as a molecule compared to styrene.
A61: Vanillin | B61: S | C61: C8H8O3 | D61: 8 | E61: 8 | F61: 3 | G61: 0 | H61: 0 | I61: Cycloalkane + Alcohol + Carbonyl + Ester | J61: =(D61*4+E61*1+F61*-2+G61*-3)/D61 -> 4.25 | L61: Proton symporter | M61: EX_vanln_e | N61: =D61*12.0107+E61*1.00784+F61*15.999+G61*14.0067 -> 152.14532 | O61: vanln_c | P61: Exists in P. Putida models iJN1463 and iJN746, with charge 0 (pKa is ~7.4, so likely protonated and neutral at pH ~7; that’s what’s assumed here). In P. Putida models proton symporter is used for transport for P <=> C (rxnID: VNLNpp), and diffusion is used for transport between E <=> P (rxnID: VANLNtex) .
A62: P-Xylene | B62: S | C62: C8H10 | D62: 8 | E62: 10 | F62: 0 | G62: 0 | H62: 0 | I62: Cycloalkane | J62: =(D62*4+E62*1+F62*-2+G62*-3)/D62 -> 5.25 | L62: ?? | M62: EX_p_xyl_e | N62: =D62*12.0107+E62*1.00784+F62*15.999+G62*14.0067 -> 106.164 | O62: p_xyl_c | P62: Not in BiGG db at all, but M-xylene exists in the P. Putida models iJN1463 and iJN746 (metID: m_xyl_c). Aka para-xylene or 1,4-Dimethylbenzene. In P. Putida models, M-xylene transport is a mix of passive diffusion (M_XYLtpp), proton antiport (MXYLt6) and porin transport (M_Xylt1). So not sure what to use....
A66: *The Degree of reduction can be calculated and is indicative of the oxidation state (high degree of reduction = low degree of oxidation). The Degree of reduction (Ɣ) is calculated based on the number of electrons each atom can donate: C = 4, H = 1, O = -2, N = -3, P = 5 (-ve value means atom receives electrons rather than donates them). The calculation is as follows: (4*Cn+1*Hn-2*On-3*Nn+5*Pn)/Cn. For example, isopropanol (C3H8O): (4*(3)+1*(8)-2*(1))/(3) = 6 . SOURCE: Shuler and Kargi (2001) – Bioprocess Engineering Basic Concepts (p.211).
A67: **CCM Feeder = central carbon metabolism feeder, aka the metabolite from CCM that feeds into the production pathway for the given product.

Sheet All Pathways
A1: 1,3-butanediol | C1: https://www.tandfonline.com/doi/pdf/10.1080/09168451.2014.891933?needAccess=true
A2: 2ACALD -> C4H8O2 (3-hydroxybutanal, HB3)
A3: HB3 + NADH + H(+) -> 1,3-BD + NAD(+)
A5: 1,4-butanediol | C5: https://www.genomatica.com/wp-content/uploads/2017/01/Metabolic-engineering-of-Escherichia-coli-for-direct-production-of-14-butanediol-Nature-Chemical-V1.pdf
A6: sucsal + NADH + H(+) -> C4H7O3(-) (4-hydroxybutyrate) + NAD(+)
A7: C4H7O3(-) (4-hydroxybutyrate) + accoa + 4H(+) -> C25H42N7O18P3S (4-hydroxybutyryl-CoA) + acetate
A8: C25H42N7O18P3S (4-hydroxybutyryl-CoA) + NADPH -> C4H8O2 (4-hydroxybutyraldehyde) + NADP(+) + CoA + 3H(+)
A9: C4H8O2 (4-hydroxybutyraldehyde) + NADPH + H(+) -> BD-1,4 NADP(+)
A11: 1-propanol | C11: https://www.sciencedirect.com/science/article/abs/pii/S1389172316300330?via%3Dihub
A12: PPDR12 (12ppd__R) -> C3H6O (propionaldehyde) + H2O
A13: C3H6O + NADH + H(+) -> C3H8O (1-propanol) + NAD(+)
A15: 2,3-butanediol | C15: https://biotechnologyforbiofuels.biomedcentral.com/track/pdf/10.1186/s13068-019-1545-1
A16: alac__S -> C4H8O2 (Acetoin) + CO2
A17: C4H8O2 (acetoin) + NADH + H(+) -> 2,3-BD + NAD(+)
A19: Adipic acid | C19: https://www.sciencedirect.com/science/article/pii/S2214030117300275
A20: 3-dehydroshikimate -> C7H5O4(-) (PCA) + H2O
A21: C7H5O4(-) (PCA) + H(+) -> C6H6O2 (catechol) + CO2
A22: C6H6O2 (catechol) + O2 -> C6H4O4(2-) (cis,cis-muconic acid) + 2H(+)
A23: C6H4O4(2-) (CCMA) + 2H(+) + 2NADH -> C6H8O4(2-) (adipic acid) + 2NAD(+)
A25: alpha-Farnesene | C25: https://academic.oup.com/femsle/article/365/10/fny079/4953741
A26: frdp -> diphosphate + C15H24 (alpha-farnesene)
A28: Butane | C28: https://www.ncbi.nlm.nih.gov/pmc/articles/PMC5270751/
A29: accoa + ppcoa -> C26H38N7O18P3S(4-) (3-oxopentanoyl-CoA) + CoA
A30: 3-oxopentanoyl-CoA + NADPH + H(+) -> C26H40N7O18P3S(4-) (3-hydroxypentanoyl-CoA) + NADP(+)
A31: 3-hydroxypentanoyl-CoA -> C26H38N7O17P3S(4-) (pentenoyl-CoA) + H2O
A32: C26H38N7O17P3S(4-) (pentenoyl-CoA) + NADH + H(+) -> C26H40N7O12P3S(4-) (pentanoyl-CoA) + NAD(+)
A33: pentanoyl-CoA + H2O -> C5H9O2(-) (pentanoate) + CoA + H(+)
A34: pentanoate + NADPH + 2H(+) -> C5H10O (pentanal) + NADP(+) + H2O
A35: pentanal + H2O -> C4H10 (butane) + formate + H(+)
A37: Butanol | C37: https://pubs.acs.org/doi/pdf/10.1021/acssynbio.9b00518
A38: 2accoa + 4NADH + 4H(+) -> 2CoA + 4NAD(+) + butanol + H2O
A40: Butyl butanoate | C40: https://pubs.acs.org/doi/pdf/10.1021/acssynbio.9b00518
A41: 4accoa + 4NADH + 6H(+) -> butyl-butanoate + 4CoA + 2H2O + 6NAD(+)
A43: Casbene | C43: https://academic.oup.com/femsle/article/365/10/fny079/4953741
A44: FRDP + IPDP -> diphosphate + C20H33O7P2(3-) (geranylgeranyl diphosphate)
A45: geranylgeranyl diphosphate -> casbene + diphosphate
A47: Catechol | C47: https://www.sciencedirect.com/science/article/pii/S2214030117300275
A48: 3-dehydroshikimate -> C7H5O4(-) (PCA) + H2O
A49: C7H5O4(-) (PCA) + H(+) -> C6H6O2 (catechol) + CO2
A51: Ethyl Acetate | C51: https://pubs.acs.org/doi/pdf/10.1021/acssynbio.9b00518
A52: 2accoa + 2H(+) + 2NADH -> ethyl acetate + 2CoA + 2NAD(+)
A54: Ethyl butanoate | C54: https://pubs.acs.org/doi/pdf/10.1021/acssynbio.9b00518
A55: 3accoa + 4NADH + 4H(+) -> ethyl butanoate + 3CoA + H2O + 4NAD(+)
A57: Ethyl pentanoate | C57: https://pubs.acs.org/doi/pdf/10.1021/acssynbio.9b00518
A58: accoa + oaa + glc__D + 6NADH + 6H(+) -> ethyl pentanoate + CoA + akg + 5H2O + 6NAD(+)
A60: Ethylbenzene | C60: (took styrene pathway and then added this: https://www.genome.jp/dbget-bin/www_bget?rn:R05424 )
A61: skm + atp -> s3p (shikimate 3-phosphate) + adp + H(+)
A62: s3p + pep + H <-> EPSP (5-enolpyruvylshikimate-3-phosphate) + phosphite
A63: EPSP -> chorismate + phosphite + H(+)
A64: chorismate <-> pphn (Prephenate)
A65: glu__L + pphn <-> C10H12NO5 (L-Arogenate) + akg
A66: L-Arogenate + H -> phe__L + h2o + co2
A67: phe__L -> cinnamate + nh4
A68: cinnamate + H -> styrene + co2
A69: styrene + H(+) + nadh <-> ethylbenzene + nad(+)
A71: Ethylene | C71: https://www.genome.jp/dbget-bin/www_bget?rn:R09784
A72: akg + O2 + 2H(+) -> ethylene + 3CO2 + H2O
A74: Heptane | C74: https://www.ncbi.nlm.nih.gov/pmc/articles/PMC5270751/
A75: (S)-3-Hydroxyoctanoyl-CoA ->C29H44N7O17P3S(4-) (octenoyl-CoA) + H2O
A76: octenoyl-CoA + nadh + H(+) <-> C29H46N7O17P3S(4-)(octanoyl-coa) + nad(+)
A77: octanoyl-coa + h2o <-> octanoate + coa + H(+)
A78: octanoate + nadph + 2H(+) <-> octanal + nadp(+) + h2o
A79: octanal + h2o <-> heptane + formate + H(+)
A81: HMF | C81: https://www.genome.jp/kegg-bin/show_pathway?map00365+C11101
A82: akg + coa <-> C26H34N7O20P3S(-6)(2-oxoglutaryl-CoA) + h2o
A83: 2-oxoglutaryl-CoA <-> C26H32N7O19P3S(-6)(5-hydroxy-2-furoyl-CoA) + h2o
A84: 5-hydroxy-2-furoyl-CoA + nadh <-> C26H31N7O18P3S(-7)(2-furoyl-CoA) + nad + h2o
A85: 2-furoyl-CoA + ppi + amp + 3H <-> C5H3O3(-)(2-furoate) + coa + atp
A86: 2-furoate + co2 <-> C6H3O5(-)(2,5-furandicarboxylate)
A87: 2,5-furandicarboxylate + 3H2O2 + H(+) <-> HMF + 3O2 + 2H2O
A89: Isobutanol | C89: https://www.nature.com/articles/s41929-018-0212-4#Sec2
A90: mob3 (3mob) + H(+) -> C4H8O (isobutyraldehyde) + co2
A91: isobutyraldehyde + nadh + H -> isobutanol + nad
A93: Isobutyl Acetate | C93: https://pubs.acs.org/doi/pdf/10.1021/acssynbio.9b00518
A94: 6accoa + 2pyr + 14nadh + 16H(+) -> 3isobutyl acetate + 6coa + 6h2o + 14nad
A96: Isobutyl butanoate | C96: https://pubs.acs.org/doi/pdf/10.1021/acssynbio.9b00518
A97: accoa + 2pyr + 8nadh + 10H -> isobutyl butanoate + coa + 5h2o + 8nad
A99: Isobutyl pentanoate | C99: https://pubs.acs.org/doi/pdf/10.1021/acssynbio.9b00518
A100: accoa + pyr + oaa + 11nadh + 14H -> coa + 7h2o + 11nad + isobutyl pentanoate
A102: Isoprene | C102: https://link.springer.com/article/10.1007/s00253-011-3199-1
A103: dmpp -> diphosphate + isoprene
A105: Itaconic acid | C105: https://www.genome.jp/kegg-bin/show_pathway?map00660+C00490
A106: pyr + accoa -> C26H37N7O20P3S(-5)(citramolyl-CoA)
A107: citramoyl-CoA -> C26H35N7O19P3S(-5)(itaconyl-CoA) + h2o
A108: itaconyl-CoA + ac <-> accoa + itaconate
A110: Levulinic acid | B110: FIG 5: | C110: https://reader.elsevier.com/reader/sd/pii/S1364032115006048?token=0C0DBD2713B334A0234794CF2E59C21207218A9B5535235B70F12F556422AC0C38065E4A98EF48FA950E03BCFF581021
A111: 5-Amino-4-oxopentanoate + nadh + H -> levulinate + ammonium + nad
A113: Limonene | C113: https://academic.oup.com/femsle/article/365/10/fny079/4953741
A114: grdp <-> limonene + diphosphate
A116: Mycrene | C116: https://academic.oup.com/femsle/article/365/10/fny079/4953741
A117: grdp <-> mycrene + diphosphate
A119: Nonane | C119: https://www.ncbi.nlm.nih.gov/pmc/articles/PMC5270751/
A120: (S)-3-Hydroxydecanoyl-CoA <-> C31H48N7O17P3S(4-)(decenoyl-coa) + h2o
A121: decenoyl-coa + nadh + H <-> decanoyl-coa + nad
A122: decanoyl-coa + h2o <-> decanoate + coa + H
A123: decanoate + nadph + 2H <-> decanal + nadp + h2o
A124: decanal + h2o <-> nonane + formate + H
A126: Pentane | C126: https://www.ncbi.nlm.nih.gov/pmc/articles/PMC5270751/
A127: (S)-3-Hydroxyhexanoyl-CoA <-> hexenoyl-coa + h2o
A128: hexenoyl-coa + nadh + H <-> hexanoyl-coa + nad
...

Sheet yields
B1: mmol/gDw.h | C1: mg/gDw.h | F1: mol/mol | G1: g/mol
A2: Product | B2: MOL FLUX | C2: MASS FLUX | D2: EX_name | E2: SBML file name | F2: YIELDS | G2: MOLAR MASS | H2: FINAL METABOLITE
A3: phenol | B3: 7.445245 | C3: =94.11*B3 -> 700.672 | D3: EX_phenol_e | E3: phenol.xml | F3: =B3/10 -> 0.7445245 | G3: =C3/B3 -> 94.11
A4: styrene | B4: 5.5072917 | C4: =104.15*B4 -> 573.58443 | D4: EX_styrene_e | E4: styrene.xml | F4: =B4/10 -> 0.55072917 | G4: =C4/B4 -> 104.15
A5: Isobutanol | B5: 10 | C5: =74.122*B5 -> 741.22 | D5: EX_ibtol_e | E5: isobutanol.xml | F5: =B5/10 -> 1 | G5: =C5/B5 -> 74.122
A6: Catechol | B6: 8.5879646 | C6: =110.1*B6 -> 945.5349 | D6: EX_catechol_e | E6: catechol.xml | F6: =B6/10 -> 0.85879646 | G6: =C6/B6 -> 110.1
A7: 1-propanol | B7: 12.749231 | C7: =60.0952*B7 -> 766.16757 | D7: EX_ppoh_e | E7: 1_propanol.xml | F7: =B7/10 -> 1.2749231 | G7: =C7/B7 -> 60.0952
A8: Adipic acid | B8: 7.4992 | C8: =144.12532*B8 -> 1080.8246 | D8: EX_adipic_e | E8: adipic_acid.xml | F8: =B8/10 -> 0.74992 | G8: =C8/B8 -> 144.12532
A9: Polylactic acid | B9: 16.462329 | C9: =90.08*B9 -> 1482.9266 | D9: EX_polylactic_e | E9: polylactic_acid.xml | F9: =B9/10 -> 1.6462329 | G9: =C9/B9 -> 90.08
A10: 1,3-butanediol | B10: 10.909091 | C10: =90.12*B10 -> 983.12727 | D10: EX_13btdl_e | E10: 1_3_butanediol.xml | F10: =B10/10 -> 1.0909091 | G10: =C10/B10 -> 90.12
A11: 2,3-butanediol | B11: 10.909091 | C11: =90.12*B11 -> 983.12727 | D11: EX_23btdl_e | E11: 2_3_butanediol.xml | F11: =B11/10 -> 1.0909091 | G11: =C11/B11 -> 90.12
A12: 1,4-butanediol | B12: 10.283333 | C12: =90.12*B12 -> 926.734 | D12: EX_14btdl_e | E12: 1_4_butanediol.xml | F12: =B12/10 -> 1.0283333 | G12: =C12/B12 -> 90.12
A13: Levulinic acid | B13: 10.206015 | C13: =115.10728*B13 -> 1174.7866 | D13: EX_levulinate_e | E13: levulinic_acid.xml | F13: =B13/10 -> 1.0206015 | G13: =C13/B13 -> 115.10728
A14: Butanol | B14: 10 | C14: =74.121*B14 -> 741.21 | D14: EX_btoh_e | E14: butanol.xml | F14: =B14/10 -> 1 | G14: =C14/B14 -> 74.121
A15: Pentanol | B15: 8 | C15: =88.15*B15 -> 705.2 | D15: EX_ptoh_e | E15: pentanol.xml | F15: =B15/10 -> 0.8 | G15: =C15/B15 -> 88.15
A16: Ethyl acetate | B16: 11.885455 | C16: =88.11*B16 -> 1047.2274 | D16: EX_ethac_e | E16: ethyl_acetate.xml | F16: =B16/10 -> 1.1885455 | G16: =C16/B16 -> 88.11
A17: Isobutyl acetate | B17: 7.5 | C17: =116.16*B17 -> 871.2 | D17: EX_ibutac_e | E17: isobutyl_acetate.xml | F17: =B17/10 -> 0.75 | G17: =C17/B17 -> 116.16
A18: Ethyl butanoate | B18: 7.5 | C18: =116.16*B18 -> 871.2 | D18: EX_ethbt_e | E18: ethyl_butanoate.xml | F18: =B18/10 -> 0.75 | G18: =C18/B18 -> 116.16
A19: Butyl butanoate | B19: 5.4545455 | C19: =144.21*B19 -> 786.6 | D19: EX_butyl_but_e | E19: butyl_butanoate.xml | F19: =B19/10 -> 0.54545455 | G19: =C19/B19 -> 144.21
A20: Isobutyl butanoate | B20: 5.4545455 | C20: =144.21*B20 -> 786.6 | D20: EX_ibutbu_e | E20: isobutyl_butanoate.xml | F20: =B20/10 -> 0.54545455 | G20: =C20/B20 -> 144.21
A21: Propyl butanoate | B21: 6.3157895 | C21: =130.18*B21 -> 822.18947 | D21: EX_propyl_but_e | E21: propyl_butanoate.xml | F21: =B21/10 -> 0.63157895 | G21: =C21/B21 -> 130.18
A22: Ethyl pentanoate | B22: 6.1588972 | C22: =130.18*B22 -> 801.76524 | D22: EX_ethpt_e | E22: ethyl_pentanoate.xml | F22: =B22/10 -> 0.61588972 | G22: =C22/B22 -> 130.18
A23: Isobutyl pentanoate | B23: 4.8 | C23: =158.24*B23 -> 759.552 | D23: EX_iso_pent_e | E23: isobutyl_pentanoate.xml | F23: =B23/10 -> 0.48 | G23: =C23/B23 -> 158.24
A24: Pentyl pentanoate | B24: 4.2826873 | C24: =172.15*B24 -> 737.26463 | D24: EX_pentyl_pent_e | E24: pentyl_pentanoate.xml | F24: =B24/10 -> 0.42826873 | G24: =C24/B24 -> 172.15
A25: Propane | B25: 9.6668831 | C25: =44.1*B25 -> 426.30955 | D25: EX_propane_e | E25: propane.xml | F25: =B25/10 -> 0.96668831 | G25: =C25/B25 -> 44.1
A26: Isoprene | B26: 8.1754098 | C26: =68.12*B26 -> 556.90892 | D26: EX_isoprene_e | E26: isoprene.xml | F26: =B26/10 -> 0.81754098 | G26: =C26/B26 -> 68.12
A27: Vanillin | B27: 3.7605585 | C27: =152.15*B27 -> 572.16897 | D27: EX_vanln_e | E27: vanillin.xml | F27: =B27/10 -> 0.37605585 | G27: =C27/B27 -> 152.15
A28: Itaconic acid | B28: 12 | C28: =130.099*B28 -> 1561.188 | D28: EX_itacon_e | E28: itaconic_acid.xml | F28: =B28/10 -> 1.2 | G28: =C28/B28 -> 130.099
A29: HMF | B29: 10 | C29: =126.11*B29 -> 1261.1 | D29: EX_HMF_e | E29: HMF.xml | F29: =B29/10 -> 1 | G29: =C29/B29 -> 126.11
A30: Ethylene | B30: 13.010337 | C30: =28.05*B30 -> 364.93996 | D30: EX_ethe_e | E30: ethylene.xml | F30: =B30/10 -> 1.3010337 | G30: =C30/B30 -> 28.05
A31: Ethylbenzene | B31: 5.2998897 | C31: =106.17*B31 -> 562.68929 | D31: EX_ethylbenzene_e | E31: ethylbenzene.xml | F31: =B31/10 -> 0.52998897 | G31: =C31/B31 -> 106.17
A32: n-Nonane | B32: 4.2529412 | C32: =128.2*B32 -> 545.22706 | D32: EX_nonane_e | E32: nonane.xml | F32: =B32/10 -> 0.42529412 | G32: =C32/B32 -> 128.2
A33: n-Heptane | B33: 5.3660156 | C33: =100.21*B33 -> 537.72843 | D33: EX_heptane_e | E33: heptane.xml | F33: =B33/10 -> 0.53660156 | G33: =C33/B33 -> 100.21
A34: n-Butane | B34: 9.0376068 | C34: =58.12*B34 -> 525.26571 | D34: EX_butane_e | E34: butane.xml | F34: =B34/10 -> 0.90376068 | G34: =C34/B34 -> 58.12
A35: n-Pentane | B35: 7.268254 | C35: =72.15*B35 -> 524.40452 | D35: EX_pentane_e | E35: pentane.xml | F35: =B35/10 -> 0.7268254 | G35: =C35/B35 -> 72.15
A36: Xylene | B36: 7.5 | C36: =106.16*B36 -> 796.2 | D36: EX_p_xyl_e | E36: xylene.xml | F36: =B36/10 -> 0.75 | G36: =C36/B36 -> 106.16
A37: Mycrene | B37: 4.0877049 | C37: =136.23*B37 -> 556.86804 | D37: EX_mycrene_e | E37: mycrene.xml | F37: =B37/10 -> 0.40877049 | G37: =C37/B37 -> 136.23
A38: Limonene | B38: =B37 -> 4.0877049 | C38: =C37 -> 556.86804 | D38: EX_limnen_e | E38: limonene.xml
A39: alpha-Pinene | B39: =B38 -> 4.0877049 | C39: =C38 -> 556.86804 | D39: -
A40: beta-Pinene | B40: =B37 -> 4.0877049 | C40: =C38 -> 556.86804 | D40: -
A41: Camphene | B41: =B37 -> 4.0877049 | C41: =C37 -> 556.86804 | D41: -
A42: alpha-farnesene | B42: 2.7251366 | C42: =204.3511*B42 -> 556.88466 | D42: EX_farnesene_e | E42: alpha_farnesene.xml | F42: =B42/10 -> 0.27251366 | G42: =C42/B42 -> 204.3511
A43: beta-farnesene | B43: =B42 -> 2.7251366 | C43: =C42 -> 556.88466 | D43: -
A44: epi-Isozizaene | B44: =B42 -> 2.7251366 | C44: =C42 -> 556.88466 | D44: -
A45: alpha-Bisabolene | B45: =B42 -> 2.7251366 | C45: =C42 -> 556.88466 | D45: -
A46: beta-Bisabolene | B46: =B42 -> 2.7251366 | C46: =C42 -> 556.88466 | D46: -
A47: gamma-Bisabolene | B47: =B42 -> 2.7251366 | C47: =C42 -> 556.88466 | D47: -
A48: beta-Macrocarpene | B48: =B42 -> 2.7251366 | C48: =C42 -> 556.88466 | D48: -
A49: Trichodiene | B49: =B42 -> 2.7251366 | C49: =C42 -> 556.88466 | D49: -
A50: Amorpha-4,11-diene | B50: =B42 -> 2.7251366 | C50: =C42 -> 556.88466 | D50: -
A51: alpha-Santalene | B51: =B42 -> 2.7251366 | C51: =C42 -> 556.88466 | D51: -
A52: alpha-Barbatene | B52: =B42 -> 2.7251366 | C52: =C42 -> 556.88466 | D52: -
A53: beta-Chamigrene | B53: =B42 -> 2.7251366 | C53: =C42 -> 556.88466 | D53: -
A54: Thujopsene | B54: =B42 -> 2.7251366 | C54: =C42 -> 556.88466 | D54: -
A55: Casbene | B55: 2.0438525 | C55: =272.5*B55 -> 556.9498 | D55: EX_casbene_e | E55: casbene.xml | F55: =B55/10 -> 0.20438525 | G55: =C55/B55 -> 272.5
A56: Cembrene | B56: =B55 -> 2.0438525 | C56: =C55 -> 556.9498 | D56: -
A57: Stemar-13-ene | B57: =B55 -> 2.0438525 | C57: =C55 -> 556.9498 | D57: -
A58: Stemod-13(17)-ene | B58: =B55 -> 2.0438525 | C58: =C55 -> 556.9498 | D58: -
A59: 9beta-Pimara-7,15-diene | B59: =B55 -> 2.0438525 | C59: =C55 -> 556.9498 | D59: -
A60: 2,4-dien-1-yl-decahydronaphthalene | B60: =B55 -> 2.0438525 | C60: =C55 -> 556.9498 | D60: -
A61: ent-Pimara-8(14),15-diene | B61: =B55 -> 2.0438525 | C61: =C55 -> 556.9498 | D61: -
A62: ent-Cassa-12,15-diene | B62: =B55 -> 2.0438525 | C62: =C55 -> 556.9498 | D62: -
A63: Taxa-4,11-diene | B63: =B55 -> 2.0438525 | C63: =C55 -> 556.9498 | D63: -
A65: AUSTIN | B65: mmol/gDw.h | C65: mg/gDw.h | F65: mol/mol | G65: g/mol
A66: Product | B66: MOL FLUX | C66: MASS FLUX | D66: EX_name | E66: SBML file name | F66: YIELDS | G66: MOLAR MASS | H66: FINAL METABOLITE
A67: 1,3-Propanediol | B67: =14.539706 -> 14.539706 | C67: =G67*B67 -> 1106.3262 | D67: EX_13ppd_e | E67: 1_3_propanediol.xml | F67: =B67/10 -> 1.4539706 | G67: =76.09 -> 76.09 | H67: Glycerol
A68: Acetone | B68: =13.984541 -> 13.984541 | C68: =G68*B68 -> 812.22214 | D68: EX_acetone_e | E68: acetone.xml | F68: =B68/10 -> 1.3984541 | G68: =58.08 -> 58.08 | H68: Acetoacetate
A69: Acrylic acid | B69: =16.462329 -> 16.462329 | C69: =G69*B69 -> 1186.2754 | D69: EX_acryl_e | E69: acrylic_acid_1.xml | F69: =B69/10 -> 1.6462329 | G69: =72.06 -> 72.06 | H69: 3-Hydroxypropanoate
A70: Ethylene Glycol | B70: Pathway 1 uses XYLOSE as an input so is on hold for now, see alternative pathway for EG for results
A71: Gamma-Butyrolactone | B71: =11.829194 -> 11.829194 | C71: =B71*G71 -> 1018.3753 | D71: EX_gblt_e | E71: gamma_butyrolactone.xml | F71: =B71/10 -> 1.1829194 | G71: =86.09 -> 86.09 | H71: Gamma-Hydroxybutyrate
A72: Beta-Carosene | B72: =1.008907 -> 1.008907 | C72: =B72*G72 -> 541.6519 | D72: EX_caro_e | E72: beta_carotene.xml | F72: =B72/10 -> 0.1008907 | G72: 536.87 | H72: Farnesyl-Diphosphate
A73: Farnesene | B73: =2.767101 -> 2.767101 | C73: =B73*G73 -> 565.48476 | D73: EX_frene_e | E73: farnesene.xml | F73: =B73/10 -> 0.2767101 | G73: =204.36 -> 204.36 | H73: Farnesyl-Diphosphate
A74: Isobutyric Acid (Isobutyrate) | B74: =12.027869 -> 12.027869 | C74: =B74*G74 -> 1047.6274 | D74: EX_ibt_e | E74: isobutyrate.xml | F74: =B74/10 -> 1.2027869 | G74: =87.1 -> 87.1
A75: Isopropanol | B75: =12.859459 -> 12.859459 | C75: =B75*G75 -> 772.85349 | D75: EX_ipp_e | E75: isopropanol.xml | F75: =B75/10 -> 1.2859459 | G75: =60.1 -> 60.1 | H75: Acetoacetate
A76: Benzoic acid | B76: =6.678099 -> 6.678099 | C76: =B76*G76 -> 815.52945 | D76: EX_bz_e | E76: benzoic_acid.xml | F76: =B76/10 -> 0.6678099 | G76: =122.12 -> 122.12 | H76: L-Phenylalanine
A77: cis,cis- Muconic Acid | B77: =8.587965 -> 8.587965 | C77: =B77*G77 -> 1220.4357 | D77: EX_ccmuac_e | E77: muconic_acid.xml | F77: =B77/10 -> 0.8587965 | G77: =142.11 -> 142.11 | H77: 3-Dehydroshikimate
A78: 2-Pyrone-4,6-dicarboxylic acid | B78: =8.983043 -> 8.983043 | C78: =B78*G78 -> 1653.7782 | D78: EX_2p46dc_e | E78: pyrone_2_4_6_dicarboxylic_acid.xml | F78: =B78/10 -> 0.8983043 | G78: =184.1 -> 184.1 | H78: 3-Dehydroshikimate
A79: Butyrolactam
A80: Caprolactam
A81: 1,2,4-Butanetriol
A82: 2-Methyl-1-butanol | B82: =7.552857 -> 7.552857 | C82: =B82*G82 -> 665.78434 | D82: EX_2mbtoh_e | E82: methyl_2_butanol.xml | F82: =B82/10 -> 0.7552857 | G82: =88.15 -> 88.15 | H82: 3-Methyl-2-oxopentanoate | I82: (On Lee map closest is 2-Ketobutyric Acid)
A83: 3-Methyl-1-pentanol | B83: =6.205814 -> 6.205814 | C83: =B83*G83 -> 634.04802 | D83: EX_3mptoh_e | E83: methyl_3_1_pentanol.xml | F83: =B83/10 -> 0.6205814 | G83: =102.17 -> 102.17 | H83: 3-Methyl-2-oxopentanoate | I83: (On Lee map closest is 2-Ketobutyric Acid)
A84: Malonic Acid | B84: =23.785294 -> 23.785294 | C84: =B84*G84 -> 2475.0977 | D84: EX_malon_e | E84: malonic_acid.xml | F84: =B84/10 -> 2.3785294 | G84: =104.06 -> 104.06 | H84: Beta-Alanine
A85: Glutaric Acid | B85: =8.961017 -> 8.961017 | C85: =B85*G85 -> 1183.9296 | D85: EX_glutar_e | E85: glutaric_acid_1.xml | F85: =B85/10 -> 0.8961017 | G85: =132.12 -> 132.12 | H85: L-Lysine
A86: 5-Aminovaleric Acid | B86: =10.909091 -> 10.909091 | C86: =B86*G86 -> 1278 | D86: EX_5aptn_e | E86: 5_aminovaleric_acid_1.xml | F86: =B86/10 -> 1.0909091 | G86: =117.15 -> 117.15 | H86: L-Proline
A87: 1,3-Diaminopropane | B87: =13.206044 -> 13.206044 | C87: =B87*G87 -> 978.89801 | D87: EX_13dampp_e | E87: 1_3_diaminopropane.xml | F87: =B87/10 -> 1.3206044 | G87: =74.125 -> 74.125 | H87: Aspartate Semialdehyde

Sheet Alternative Yields
A1: Product | B1: MOL FLUX | C1: MASS FLUX | D1: YIELDS
A2: phenol | B2: 7.329078 | C2: =B2*94.11 -> 689.73953 | D2: =C2/1801.56 -> 0.38285682
A3: catechol | B3: 7.7119403 | C3: =B3*110.1 -> 849.08463 | D3: =C3/1801.56 -> 0.47130522
A4: adipic acid | B4: 6.7278646 | C4: =B4*144.12532 -> 969.65564 | D4: =C4/1801.56 -> 0.53823111
A5: levulinic acid | B5: 10.345338 | C5: =B5*115.10728 -> 1190.8237 | D5: =C5/1801.56 -> 0.66099584
A6: ethylene | B6: 11.123151 | C6: =B6*28.05316 -> 312.03953 | D6: =C6/1801.56 -> 0.17320518
A7: propane | B7: 9.4537975 | C7: =B7*44.09562 -> 416.87106 | D7: =C7/1801.56 -> 0.23139449
A8: vanillin | B8: 7.4992 | C8: =B8*152.147319999999 -> 1140.9832 | D8: =C8/1801.56 -> 0.63333066
A9: butane | B9: 10.909091
A10: butanol | B10: 10
A11: 1-propanol | B11: 11.753056
A12: ethyl acetate | B12: 12
A13: itaconic acid | B13: 11.839673
A15: AUSTIN | B15: mmol/gDw.h | C15: mg/gDw.h | D15: mol/mol
A16: Product | B16: MOL FLUX | C16: MASS FLUX | D16: YIELDS | E16: FINAL METABOLITE
A17: Acrylic acid | B17: =20 -> 20 | C17: =B17*72.06 -> 1441.2 | D17: =B17/10 -> 2 | E17: Lactic Acid (Lactate)
A18: Ethylene Glycol | B18: =20.508276 -> 20.508276 | C18: =B18*62.07 -> 1272.9487 | D18: =B18/10 -> 2.0508276 | E18: Glycolaldehyde
A19: Glutaric Acid | B19: =13.333333 -> 13.333333 | C19: =B19*132.12 -> 1761.6 | D19: =B19/10 -> 1.3333333 | E19: L-Proline
A20: 5- Aminovaleric Acid | B20: =7.891045 -> 7.891045 | C20: =B20*117.15 -> 924.43592 | D20: =B20/10 -> 0.7891045 | E20: L-Lysine

Sheet Alternative Pathways
A1: Phenol Pathway
A2: https://www.sciencedirect.com/science/article/pii/S0734975019300606
A3: C7H5O3(-) (4-hydroxybenzoate) + H(+) -> phenol + CO2
A5: Catechol Pathway
A6: https://www.genome.jp/dbget-bin/www_bget?rn:R00821
A7: https://link.springer.com/content/pdf/10.1007/s10295-014-1581-6.pdf
A8: C7H5O4(-) (2,3-dihydroxybenzoate) + H(+) <-> catechol + CO2
A10: Adipic Acid Pathway
A11: https://www.sciencedirect.com/science/article/pii/S2214030117300275
A12: https://www.genome.jp/dbget-bin/www_bget?rn:R00821
A13: C7H5O4(-) (2,3-dihydroxybenzoate) + H(+) <-> catechol + CO2
A14: catechol + O2 -> C6H4O4(2-) (cis,cis-muconic acid) + 2H(+)
... A53: butanal + nadph + H <-> butanol + nadp
A54: butanol + nad + h2o <-> butane + nadh + H | AC54: https://www.nature.com/articles/ncomms3833.pdf
AC55: https://www.nature.com/articles/s41929-018-0212-4#Sec2
A56: 1-Propanol Pathway | AC56: https://reader.elsevier.com/reader/sd/pii/S1674205214000136?token=24558B4FA588171D1491210857413B2A1D3B8EB2E6F958A39E177FF626C9FB17A53E6D648ADBB2FD8C8E77A6F95BAC63
A57: https://www.sciencedirect.com/science/article/pii/S1096717608000487 | AC57: Cannizzaro Reaction
A58: 2-ketobutyrate + NADH + 2H <-> 1-propanol + co2 + nad
A60: Ethyl acetate pathway
A61: https://www.genome.jp/dbget-bin/www_bget?rn:R12515
A62: acetate + ethanol + H <-> h2o + ethyl acetate
A64: Itaconic Acid Pathway
A65: https://www.researchgate.net/figure/Metabolic-pathway-for-itaconic-acid-production-via-the-different-compartments-in-the_fig1_259804784
A66: citrate <-> cis-aconitate + h2o
A67: cis-aconitate + H <=> itaconate + co2
A69: AUSTIN
A71: Acrylic Acid Pathway
A72: https://pubmed.ncbi.nlm.nih.gov/23023753/ | F72: https://link.springer.com/article/10.1007%2Fs00253-012-4274-y | M72: <- (Mainly used as a reference for E-Coli)
A73: Lactate + Propanoyl-CoA <=> lactoyl-CoA + Propanoate
A74: Acrylyl-CoA + H2O <=> Acrylic acid + CoA
A76: Ethylene Glycol Pathway (Lee Paper)
A77: Glycolaldehyde + NADH + H+ <=> Ethylene Glycol + NAD
A79: Glutaric Acid (Lee Paper)
A80: L-Proline + NAD -> 1-Pyrroline-2-carboxylate + NADH + 2H+
A81: 1-Pyrroline-2-carboxylate + Ubiquinol + H+ -> D-Proline + Ubiquinone
A82: D-Proline + PrdC protein with thiol/selenol residues -> 5-Aminopentanoate + a PrdC protein with a selenide-sulfide bridge
A83: 5-Aminopentanoate + 2-Oxoglutarate <=> L-Glutamate + Glutarate semialdehyde
A84: Glutarate semialdehyde + NAD + H2O <=> Glutaric acid + NADH
A86: 5- Aminovaleric Acid (Lee Paper)
A87: L-Lysine + O2 <=> 5-Aminopentanamide + CO2 + H2O + H+
A88: 5-Aminopentanamide + H2O + H+ <=> 5-Aminovaleric Acid + Ammonium

Sheet Sources
A1: # | B1: Sources
A2: 1 | B2: https://www.nature.com/articles/s41929-018-0212-4#Sec2 | H2: (Lee Paper)
A3: 2 | B3: https://onlinelibrary.wiley.com/doi/epdf/10.1002/biot.201300263
A4: 3 | B4: https://reader.elsevier.com/reader/sd/pii/S0734975019300606?token=EF72CE41C7374742F9154FDA975955FA84A15DA64B3A1DC30A53DEF1443CA3B9BE197BA96FBBE0DABDD516E95443B92B
A5: 4 | B5: https://www.sciencedirect.com/science/article/pii/S1096717611000711?casa_token=4MLgnW7sYJ0AAAAA:iGhz83AcdznODA6XutEHQliJRt1eJCdyKi6de3LTTR8JnTU0Ma8c12v1hbeYB3wWExe302juKQ
A6: 5 | B6: https://www.nature.com/articles/nchembio.970
A7: 6 | B7: https://chemistry-europe.onlinelibrary.wiley.com/doi/full/10.1002/cssc.201000111?casa_token=_8tJZdAlhcIAAAAA%3Ag_7zBE0Z-eo5gEHcrWTF-WLy0D7Nch7Bj60KI5fHOAAqFparFm1re9yECLXrAwI6SsZLSj4lKo9k4A
A8: 7 | B8: https://patentimages.storage.googleapis.com/46/49/5d/78c8a9fd23d64f/US5798236.pdf
A9: 8 | B9: https://reader.elsevier.com/reader/sd/pii/S0141022916300151?token=CAEED787D94C5A577054054DE9190F6222FF74F7FF0358C1B30560DED07A63FC7AD04B6AC8EA52A9FEF74D13730B3078
A10: 9 | B10: https://www.ncbi.nlm.nih.gov/pmc/articles/PMC91161/
A11: 10 | B11: https://www.researchgate.net/figure/Metabolic-pathways-involved-in-the-production-of-xylitol-xylonate-lactic-acid_fig2_324276493
A12: 11 | B12: https://www.sciencedirect.com/science/article/pii/S156673670700444X?casa_token=IQT_d4kUvK4AAAAA:5Z8N4oNSl9x4I3nqWAalaasGT6glMP0vk2KhWEHJu6--B1V577XRyjBZVyhTccPBBe-foe1uAQ
A13: 12 | B13: https://biotechnologyforbiofuels.biomedcentral.com/articles/10.1186/s13068-019-1486-8
A14: 13 | B14: https://microbialcellfactories.biomedcentral.com/articles/10.1186/s12934-019-1171-4
... A28: 27 | B28: https://www.ncbi.nlm.nih.gov/pmc/articles/PMC4818529/
A30: AUSTIN
A31: 28 | B31: https://microbialcellfactories.biomedcentral.com/articles/10.1186/s12934-019-1054-8
A32: 29 | B32: https://www.sciencedirect.com/science/article/pii/S1096717615001020
A33: 30 | B33: https://pubmed.ncbi.nlm.nih.gov/23023753/
A34: 31 | B34: https://link.springer.com/article/10.1007%2Fs00253-012-4274-y
A35: 32 | B35: https://www.ncbi.nlm.nih.gov/pmc/articles/PMC101949/
A36: 33 | B36: https://www.sciencedirect.com/science/article/pii/S1937644810810056
A37: 34 | B37: https://www.sciencedirect.com/science/article/pii/B9780123814661000286
A38: 35 | B38: https://onlinelibrary.wiley.com/doi/abs/10.1111/tpj.14506
A39: 36 | B39: https://pubs.acs.org/doi/10.1021/acssynbio.8b00281
A40: 37 | B40: https://pubmed.ncbi.nlm.nih.gov/18758769/
A41: 38 | B41: https://www.ncbi.nlm.nih.gov/pmc/articles/PMC2634914/?tool=pmcentrez&report=abstract
A42: 39 | B42: https://pubs.acs.org/doi/10.1021/acssynbio.6b00007
A43: 40 | B43: https://www.nature.com/articles/srep13040

Sheet Sheet8
