Workbook

Sheet Overall-ECR-Bio
B1: Substrate | C1: Formula_S | D1: C_Sn | E1: H_Sn | F1: O_Sn | G1: MW_S | H1: N_electrons | I1: ParametersType | J1: CellVoltage | K1: CurrentDensity | L1: FaradaicEfficiency | M1: EnergyEfficiency | N1: ByProducts | O1: ByP_FE | P1: Xco2 | Q1: ElectricityPrice | R1: CO2Price | S1: CarbonTax | T1: Conversion | U1: ElectrolyzerPrice | V1: PlantLife | W1: StreamFactor | X1: ScalingFactor | Y1: ElectrodeArea | Z1: I | AA1: Power | AB1: kWh | AC1: kWh_sep | AD1: emol_curr | AE1: MaxProductionRate | AF1: ActualProductionRate | AG1: ActualProductionRate_mass | AH1: CO2rate_fed | AI1: CO2rate_conv | AJ1: Cost_elec_h | AK1: Cost_h_sep | AL1: Type_sep | AM1: Cost_CO2_h | AN1: Cost_electrolyzer_h | AO1: CT_savings_h | AP1: ProductionCost_hNOCT | AQ1: ProductionCost_h | AR1: Cost_elec_mol | AS1: Cost_elec_mass | AT1: Cost_CO2_mass | AU1: Cost_electrolyzer_mass | AV1: CT_savings_mass | AW1: ProductionCost_massNOCT | AX1: ProductionCost_mass | AY1: CO2_ECons_mass | AZ1: BioProduct_Graph | BA1: BioProduct | BB1: Formula_BP | BC1: MW_BP | BD1: Deg_RedBP | BE1: BoilP_degC | BF1: SubstratePathway | BG1: CO2_BProd_mass | BH1: YieldBP_Molar | BI1: YieldBP_Mass | BJ1: Bioconversion | BK1: BioproductionCost_massNOCT | BL1: BioproductionCost_mass1 | BM1: CO2_OverallCons_mass | BN1: CT_OverallSavings_mass | BO1: BioproductionCost_mass2
A2: 0 | B2: Acetaldehyde | C2: C2H4O | D2: 2 | E2: 4 | F2: 1 | G2: 44.05176 | H2: 10 | I2: Categories-Category_2 | J2: 1.176 | K2: 500 | L2: 100 | N2: FormicAcid/CO | O2: 0 | P2: 0.2 | Q2: 0.0325 | R2: 77.5 | S2: 170 | T2: 100 | U2: 1812.1302 | V2: 20 | W2: 0.95 | X2: 1 | Y2: 33997.862 | Z2: 1.6998931e+08 | AA2: 1.9990743e+08 | AB2: 199907.43 | AC2: 0 | AD2: 1761.815 | AE2: 634253.42 | AF2: 634253.42 | AG2: 27.939979 | AH2: 55.826986 | AI2: 55.826986 | AJ2: 6496.9915 | AK2: 854.70085 | AL2: Nanofiltration | AM2: 4326.5914 | AN2: 370.15472 | AO2: 9490.5876 | AP2: 12048.438 | AQ2: 2557.8509 | AR2: 0.010243526 | AS2: 232.53387 | AT2: 154.85306 | AU2: 13.24821 | AV2: 339.67769 | AW2: 431.22575 | AX2: 91.548059 | AY2: 1.998104 | AZ2: =VLOOKUP(BA2,Sheet1!$A$1:$B$58,2,FALSE) -> 1,3-Butanediol (PW1) | BA2: 1-3-Butanediol-PW1 | BB2: C4H10O2 | BC2: 90.1192 | BD2: 5.5 | BE2: 207 | BF2: Acetaldehyde | BG2: 0.27966661 | BH2: 0.43738095 | BI2: 0.89477518 | BJ2: 90 | BK2: 535.48615 | BL2: 113.68226 | BM2: 2.2015327 | BN2: 374.26057 | BO2: 161.22559
A3: 1 | B3: Acetaldehyde | C3: C2H4O | D3: 2 | E3: 4 | F3: 1 | G3: 44.05176 | H3: 10 | I3: Categories-Category_2 | J3: 1.176 | K3: 500 | L3: 100 | N3: FormicAcid/CO | O3: 0 | P3: 0.2 | Q3: 0.0325 | R3: 77.5 | S3: 170 | T3: 100 | U3: 1812.1302 | V3: 20 | W3: 0.95 | X3: 1 | Y3: 33429.253 | Z3: 1.6714626e+08 | AA3: 1.9656401e+08 | AB3: 196564.01 | AC3: 0 | AD3: 1732.3489 | AE3: 623645.62 | AF3: 623645.62 | AG3: 27.472687 | AH3: 54.893287 | AI3: 54.893287 | AJ3: 6388.3302 | AK3: 854.70085 | AL3: Nanofiltration | AM3: 4254.2298 | AN3: 363.96394 | AO3: 9331.8588 | AP3: 11861.225 | AQ3: 2529.3659 | AR3: 0.010243526 | AS3: 232.53387 | AT3: 154.85306 | AU3: 13.24821 | AV3: 339.67769 | AW3: 431.74607 | AX3: 92.068385 | AY3: 1.998104 | AZ3: =VLOOKUP(BA3,Sheet1!$A$1:$B$58,2,FALSE) -> 1,3-Butanediol (PW2) | BA3: 1-3-Butanediol-PW2 | BB3: C4H10O2 | BC3: 90.1192 | BD3: 5.5 | BE3: 207 | BF3: Acetaldehyde | BG3: 0.24231868 | BH3: 0.44482051 | BI3: 0.90999471 | BJ3: 90 | BK3: 527.16554 | BL3: 112.41626 | BM3: 2.197383 | BN3: 373.55511 | BO3: 153.61044
A4: 2 | B4: Acetaldehyde | C4: C2H4O | D4: 2 | E4: 4 | F4: 1 | G4: 44.05176 | H4: 10 | I4: Categories-Category_2 | J4: 1.176 | K4: 500 | L4: 100 | N4: FormicAcid/CO | O4: 0 | P4: 0.2 | Q4: 0.0325 | R4: 77.5 | S4: 170 | T4: 100 | U4: 1812.1302 | V4: 20 | W4: 0.95 | X4: 1 | Y4: 35449.564 | Z4: 1.7724782e+08 | AA4: 2.0844343e+08 | AB4: 208443.43 | AC4: 0 | AD4: 1837.0442 | AE4: 661335.9 | AF4: 661335.9 | AG4: 29.13301 | AH4: 58.210786 | AI4: 58.210786 | AJ4: 6774.4116 | AK4: 854.70085 | AL4: Nanofiltration | AM4: 4511.3359 | AN4: 385.96025 | AO4: 9895.8336 | AP4: 12526.409 | AQ4: 2630.575 | AR4: 0.010243526 | AS4: 232.53387 | AT4: 154.85306 | AU4: 13.24821 | AV4: 339.67769 | AW4: 429.97303 | AX4: 90.295338 | AY4: 1.998104 | AZ4: =VLOOKUP(BA4,Sheet1!$A$1:$B$58,2,FALSE) -> 1,3-Diaminopropane | BA4: 1-3-Diaminopropane | BB4: C3H12N2 | BC4: 76.13958 | BD4: 6 | BE4: 139.3 | BF4: Acetaldehyde | BG4: 0.59437932 | BH4: 0.49648649 | BI4: 0.85813308 | BJ4: 90 | BK4: 556.72927 | BL4: 116.91445 | BM4: 1.9927667 | BN4: 338.77034 | BO4: 217.95893
A5: 3 | B5: Acetaldehyde | C5: C2H4O | D5: 2 | E5: 4 | F5: 1 | G5: 44.05176 | H5: 10 | I5: Categories-Category_2 | J5: 1.176 | K5: 500 | L5: 100 | N5: FormicAcid/CO | O5: 0 | P5: 0.2 | Q5: 0.0325 | R5: 77.5 | S5: 170 | T5: 100 | U5: 1812.1302 | V5: 20 | W5: 0.95 | X5: 1 | Y5: 34471.821 | Z5: 1.723591e+08 | AA5: 2.0269431e+08 | AB5: 202694.31 | AC5: 0 | AD5: 1786.3762 | AE5: 643095.44 | AF5: 643095.44 | AG5: 28.329486 | AH5: 56.60526 | AI5: 56.60526 | AJ5: 6587.5649 | AK5: 854.70085 | AL5: Nanofiltration | AM5: 4386.9077 | AN5: 375.31499 | AO5: 9622.8943 | AP5: 12204.488 | AQ5: 2581.5942 | AR5: 0.010243526 | AS5: 232.53387 | AT5: 154.85306 | AU5: 13.24821 | AV5: 339.67769 | AW5: 430.80515 | AX5: 91.127464 | AY5: 1.998104 | AZ5: =VLOOKUP(BA5,Sheet1!$A$1:$B$58,2,FALSE) -> 1,3-Propanediol | BA5: 1-3-Propanediol | BB5: C3H8O2 | BC5: 76.09282 | BD5: 5.3333333 | BE5: 213 | BF5: Acetaldehyde | BG5: 0.5290927 | BH5: 0.51088235 | BI5: 0.88247278 | BJ5: 90 | BK5: 542.42171 | BL5: 114.73752 | BM5: 1.9866967 | BN5: 337.73843 | BO5: 204.68328
A6: 4 | B6: Acetaldehyde | C6: C2H4O | D6: 2 | E6: 4 | F6: 1 | G6: 44.05176 | H6: 10 | I6: Categories-Category_2 | J6: 1.176 | K6: 500 | L6: 100 | N6: FormicAcid/CO | O6: 0 | P6: 0.2 | Q6: 0.0325 | R6: 77.5 | S6: 170 | T6: 100 | U6: 1812.1302 | V6: 20 | W6: 0.95 | X6: 1 | Y6: 36811.212 | Z6: 1.8405606e+08 | AA6: 2.1644992e+08 | AB6: 216449.92 | AC6: 0 | AD6: 1907.6066 | AE6: 686738.38 | AF6: 686738.38 | AG6: 30.252034 | AH6: 60.446712 | AI6: 60.446712 | AJ6: 7034.6225 | AK6: 854.70085 | AL6: Nanofiltration | AM6: 4684.6202 | AN6: 400.78531 | AO6: 10275.941 | AP6: 12974.729 | AQ6: 2698.7879 | AR6: 0.010243526 | AS6: 232.53387 | AT6: 154.85306 | AU6: 13.24821 | AV6: 339.67769 | AW6: 428.88782 | AX6: 89.210128 | AY6: 1.998104 | AZ6: =VLOOKUP(BA6,Sheet1!$A$1:$B$58,2,FALSE) -> 1,4-Butanediol | BA6: 1-4-Butanediol | BB6: C4H10O2 | BC6: 90.1192 | BD6: 5.5 | BE6: 230 | BF6: Acetaldehyde | BG6: 0.46445567 | BH6: 0.40395349 | BI6: 0.82639071 | BJ6: 90 | BK6: 576.65462 | BL6: 119.94613 | BM6: 2.2220649 | BN6: 377.75103 | BO6: 198.90359
A7: 5 | B7: Acetaldehyde | C7: C2H4O | D7: 2 | E7: 4 | F7: 1 | G7: 44.05176 | H7: 10 | I7: Categories-Category_2 | J7: 1.176 | K7: 500 | L7: 100 | N7: FormicAcid/CO | O7: 0 | P7: 0.2 | Q7: 0.0325 | R7: 77.5 | S7: 170 | T7: 100 | U7: 1812.1302 | V7: 20 | W7: 0.95 | X7: 1 | Y7: 48043.559 | Z7: 2.4021779e+08 | AA7: 2.8249612e+08 | AB7: 282496.12 | AC7: 0 | AD7: 2489.682 | AE7: 896285.51 | AF7: 896285.51 | AG7: 39.482954 | AH7: 78.89105 | AI7: 78.89105 | AJ7: 9181.1241 | AK7: 854.70085 | AL7: Nanofiltration | AM7: 6114.0564 | AN7: 523.07848 | AO7: 13411.479 | AP7: 16672.96 | AQ7: 3261.4812 | AR7: 0.010243526 | AS7: 232.53387 | AT7: 154.85306 | AU7: 13.24821 | AV7: 339.67769 | AW7: 422.28248 | AX7: 82.604793 | AY7: 1.998104 | AZ7: =VLOOKUP(BA7,Sheet1!$A$1:$B$58,2,FALSE) -> 1-Propanol (PW1) | BA7: 1-Propanol-PW1 | BB7: C3H8O | BC7: 60.09382 | BD7: 6 | BE7: 97 | BF7: Acetaldehyde | BG7: 0.95857749 | BH7: 0.46415584 | BI7: 0.63318464 | BJ7: 90 | BK7: 741.02043 | BL7: 144.95472 | BM7: 2.5476914 | BN7: 433.10754 | BO7: 307.91289
A8: 6 | B8: Acetaldehyde | C8: C2H4O | D8: 2 | E8: 4 | F8: 1 | G8: 44.05176 | H8: 10 | I8: Categories-Category_2 | J8: 1.176 | K8: 500 | L8: 100 | N8: FormicAcid/CO | O8: 0 | P8: 0.2 | Q8: 0.0325 | R8: 77.5 | S8: 170 | T8: 100 | U8: 1812.1302 | V8: 20 | W8: 0.95 | X8: 1 | Y8: 51591.572 | Z8: 2.5795786e+08 | AA8: 3.0335845e+08 | AB8: 303358.45 | AC8: 0 | AD8: 2673.5448 | AE8: 962476.14 | AF8: 962476.14 | AG8: 42.398768 | AH8: 84.71715 | AI8: 84.71715 | AJ8: 9859.1495 | AK8: 854.70085 | AL8: Nanofiltration | AM8: 6565.5791 | AN8: 561.7078 | AO8: 14401.915 | AP8: 17841.137 | AQ8: 3439.2218 | AR8: 0.010243526 | AS8: 232.53387 | AT8: 154.85306 | AU8: 13.24821 | AV8: 339.67769 | AW8: 420.79377 | AX8: 81.116079 | AY8: 1.998104 | AZ8: =VLOOKUP(BA8,Sheet1!$A$1:$B$58,2,FALSE) -> 1-Propanol (PW2) | BA8: 1-Propanol-PW2 | BB8: C3H8O | BC8: 60.09382 | BD8: 6 | BE8: 97 | BF8: Acetaldehyde | BG8: 1.1916215 | BH8: 0.43223529 | BI8: 0.58963978 | BJ8: 90 | BK8: 792.93943 | BL8: 152.8543 | BM8: 2.5735852 | BN8: 437.50948 | BO8: 355.42995
A9: 7 | B9: Acetaldehyde | C9: C2H4O | D9: 2 | E9: 4 | F9: 1 | G9: 44.05176 | H9: 10 | I9: Categories-Category_2 | J9: 1.176 | K9: 500 | L9: 100 | N9: FormicAcid/CO | O9: 0 | P9: 0.2 | Q9: 0.0325 | R9: 77.5 | S9: 170 | T9: 100 | U9: 1812.1302 | V9: 20 | W9: 0.95 | X9: 1 | Y9: 34807.335 | Z9: 1.7403668e+08 | AA9: 2.0466713e+08 | AB9: 204667.13 | AC9: 0 | AD9: 1803.763 | AE9: 649354.69 | AF9: 649354.69 | AG9: 28.605217 | AH9: 57.1562 | AI9: 57.1562 | AJ9: 6651.6817 | AK9: 854.70085 | AL9: Nanofiltration | AM9: 4429.6055 | AN9: 378.96793 | AO9: 9716.5539 | AP9: 12314.956 | AQ9: 2598.4021 | AR9: 0.010243526 | AS9: 232.53387 | AT9: 154.85306 | AU9: 13.24821 | AV9: 339.67769 | AW9: 430.51434 | AX9: 90.83665 | AY9: 1.998104 | AZ9: =VLOOKUP(BA9,Sheet1!$A$1:$B$58,2,FALSE) -> 2,3-Butanediol | BA9: 2-3-Butanediol | BB9: C4H10O2 | BC9: 90.1192 | BD9: 5.5 | BE9: 177 | BF9: Acetaldehyde | BG9: 0.33283517 | BH9: 0.4272093 | BI9: 0.87396646 | BJ9: 90 | BK9: 547.33138 | BL9: 115.48454 | BM9: 2.2074404 | BN9: 375.26486 | BO9: 172.06652
A10: 8 | B10: Acetaldehyde | C10: C2H4O | D10: 2 | E10: 4 | F10: 1 | G10: 44.05176 | H10: 10 | I10: Categories-Category_2 | J10: 1.176 | K10: 500 | L10: 100 | N10: FormicAcid/CO | O10: 0 | P10: 0.2 | Q10: 0.0325 | R10: 77.5 | S10: 170 | T10: 100 | U10: 1812.1302 | V10: 20 | W10: 0.95 | X10: 1 | Y10: 55448.395 | Z10: 2.7724198e+08 | AA10: 3.2603656e+08 | AB10: 326036.56 | AC10: 0 | AD10: 2873.4106 | AE10: 1034427.8 | AF10: 1034427.8 | AG10: 45.568366 | AH10: 91.050336 | AI10: 91.050336 | AJ10: 10596.188 | AK10: 854.70085 | AL10: Nanofiltration | AM10: 7056.401 | AN10: 603.69929 | AO10: 15478.557 | AP10: 19110.99 | AQ10: 3632.4324 | AR10: 0.010243526 | AS10: 232.53387 | AT10: 154.85306 | AU10: 13.24821 | AV10: 339.67769 | AW10: 419.39159 | AX10: 79.713906 | AY10: 1.998104 | AZ10: =VLOOKUP(BA10,Sheet1!$A$1:$B$58,2,FALSE) -> 2-Methyl-1-Butanol | BA10: 2-Methyl-1-Butanol | BB10: C5H12O | BC10: 88.14658 | BD10: 6 | BE10: 129 | BF10: Acetaldehyde | BG10: 1.1456035 | BH10: 0.2741791 | BI10: 0.54862622 | BJ10: 90 | BK10: 849.37731 | BL10: 161.44144 | BM10: 2.9010781 | BN10: 493.18328 | BO10: 356.19403
A11: 9 | B11: Acetaldehyde | C11: C2H4O | D11: 2 | E11: 4 | F11: 1 | G11: 44.05176 | H11: 10 | I11: Categories-Category_2 | J11: 1.176 | K11: 500 | L11: 100 | N11: FormicAcid/CO | O11: 0 | P11: 0.2 | Q11: 0.0325 | R11: 77.5 | S11: 170 | T11: 100 | U11: 1812.1302 | V11: 20 | W11: 0.95 | X11: 1 | Y11: 23770.878 | Z11: 1.1885439e+08 | AA11: 1.3977276e+08 | AB11: 139772.76 | AC11: 0 | AD11: 1231.8389 | AE11: 443462.02 | AF11: 443462.02 | AG11: 19.535282 | AH11: 39.033527 | AI11: 39.033527 | AJ11: 4542.6148 | AK11: 1835.3365 | AL11: Distillation | AM11: 3025.0983 | AN11: 258.80753 | AO11: 6635.6996 | AP11: 9661.8572 | AQ11: 3026.1576 | AR11: 0.010243526 | AS11: 232.53387 | AT11: 154.85306 | AU11: 13.24821 | AV11: 339.67769 | AW11: 494.58498 | AX11: 154.90729 | AY11: 1.998104 | AZ11: =VLOOKUP(BA11,Sheet1!$A$1:$B$58,2,FALSE) -> 2-Pyrone-4,6-Dicarboxylate | BA11: 2-Pyrone-4-6-Dicarboxylate | BB11: C7H2O6 | BC11: 182.08458 | BD11: 2.5714286 | BE11: 355.5 | BF11: Acetaldehyde | BG11: -0.13056496 | BH11: 0.30960674 | BI11: 1.2797358 | BJ11: 90 | BK11: 429.41588 | BL11: 134.49589 | BM11: 1.8653884 | BN11: 317.11602 | BO11: 112.29985
A12: 10 | B12: Acetaldehyde | C12: C2H4O | D12: 2 | E12: 4 | F12: 1 | G12: 44.05176 | H12: 10 | I12: Categories-Category_2 | J12: 1.176 | K12: 500 | L12: 100 | N12: FormicAcid/CO | O12: 0 | P12: 0.2 | Q12: 0.0325 | R12: 77.5 | S12: 170 | T12: 100 | U12: 1812.1302 | V12: 20 | W12: 0.95 | X12: 1 | Y12: 57118.088 | Z12: 2.8559044e+08 | AA12: 3.3585436e+08 | AB12: 335854.36 | AC12: 0 | AD12: 2959.9363 | AE12: 1065577.1 | AF12: 1065577.1 | AG12: 46.940545 | AH12: 93.792093 | AI12: 93.792093 | AJ12: 10915.267 | AK12: 854.70085 | AL12: Nanofiltration | AM12: 7268.8872 | AN12: 621.87822 | AO12: 15944.656 | AP12: 19660.733 | AQ12: 3716.077 | AR12: 0.010243526 | AS12: 232.53387 | AT12: 154.85306 | AU12: 13.24821 | AV12: 339.67769 | AW12: 418.8433 | AX12: 79.165612 | AY12: 1.998104 | AZ12: =VLOOKUP(BA12,Sheet1!$A$1:$B$58,2,FALSE) -> 3-Methyl-1-Pentanol | BA12: 3-Methyl-1-Pentanol | BB12: C6H14O | BC12: 102.17296 | BD12: 6 | BE12: 153 | BF12: Acetaldehyde | BG12: 1.1672426 | BH12: 0.229625 | BI12: 0.53258862 | BJ12: 90 | BK12: 873.81035 | BL12: 165.15898 | BM12: 3.0012949 | BN12: 510.22013 | BO12: 363.59022
A13: 11 | B13: Acetaldehyde | C13: C2H4O | D13: 2 | E13: 4 | F13: 1 | G13: 44.05176 | H13: 10 | I13: Categories-Category_2 | J13: 1.176 | K13: 500 | L13: 100 | N13: FormicAcid/CO | O13: 0 | P13: 0.2 | Q13: 0.0325 | R13: 77.5 | S13: 170 | T13: 100 | U13: 1812.1302 | V13: 20 | W13: 0.95 | X13: 1 | Y13: 57275.744 | Z13: 2.8637872e+08 | AA13: 3.3678138e+08 | AB13: 336781.38 | AC13: 0 | AD13: 2968.1063 | AE13: 1068518.3 | AF13: 1068518.3 | AG13: 47.07011 | AH13: 94.050977 | AI13: 94.050977 | AJ13: 10945.395 | AK13: 854.70085 | AL13: Nanofiltration | AM13: 7288.9507 | AN13: 623.59471 | AO13: 15988.666 | AP13: 19712.641 | AQ13: 3723.9749 | AR13: 0.010243526 | AS13: 232.53387 | AT13: 154.85306 | AU13: 13.24821 | AV13: 339.67769 | AW13: 418.79318 | AX13: 79.115493 | AY13: 1.998104 | AZ13: =VLOOKUP(BA13,Sheet1!$A$1:$B$58,2,FALSE) -> 4-Hydroxystyrene | BA13: 4-Hydroxystyrene | BB13: C8H8O | BC13: 120.14732 | BD13: 4.75 | BE13: 229 | BF13: Acetaldehyde | BG13: 0.83163662 | BH13: 0.19473498 | BI13: 0.53112262 | BJ13: 90 | BK13: 876.11738 | BL13: 165.51 | BM13: 3.3484068 | BN13: 569.22915 | BO13: 306.88822
... A28: 26 | B28: Acetaldehyde | C28: C2H4O | D28: 2 | E28: 4 | F28: 1 | G28: 44.05176 | H28: 10 | I28: Categories-Category_2 | J28: 1.176 | K28: 500 | L28: 100 | N28: FormicAcid/CO | O28: 0 | P28: 0.2 | Q28: 0.0325 | R28: 77.5 | S28: 170 | T28: 100 | U28: 1812.1302 | V28: 20 | W28: 0.95 | X28: 1 | Y28: 33239.555 | Z28: 1.6619777e+08 | AA28: 1.9544858e+08 | AB28: 195448.58 | AC28: 0 | AD28: 1722.5185 | AE28: 620106.67 | AF28: 620106.67 | AG28: 27.31679 | AH28: 54.581789 | AI28: 54.581789 | AJ28: 6352.0789 | AK28: 854.70085 | AL28: Nanofiltration | AM28: 4230.0887 | AN28: 361.89858 | AO28: 9278.9042 | AP28: 11798.767 | AQ28: 2519.8629 | AR28: 0.010243526 | AS28: 232.53387 | AT28: 154.85306 | AU28: 13.24821 | AV28: 339.67769 | AW28: 431.92362 | AX28: 92.245935 | AY28: 1.998104 | AZ28: =VLOOKUP(BA28,Sheet1!$A$1:$B$58,2,FALSE) -> cis,cis-Muconate | BA28: ciscisMuconate | BB28: C6H4O4 | BC28: 140.09156 | BD28: 3.3333333 | BE28: 345.4 | BF28: Acetaldehyde | BG28: 0.29836145 | BH28: 0.28778068 | BI28: 0.91518805 | BJ28: 90 | BK28: 524.38965 | BL28: 111.9939 | BM28: 2.1274959 | BN28: 361.6743 | BO28: 162.71535
A29: 27 | B29: Acetaldehyde | C29: C2H4O | D29: 2 | E29: 4 | F29: 1 | G29: 44.05176 | H29: 10 | I29: Categories-Category_2 | J29: 1.176 | K29: 500 | L29: 100 | N29: FormicAcid/CO | O29: 0 | P29: 0.2 | Q29: 0.0325 | R29: 77.5 | S29: 170 | T29: 100 | U29: 1812.1302 | V29: 20 | W29: 0.95 | X29: 1 | Y29: 15829.453 | Z29: 79147265 | AA29: 93077184 | AB29: 93077.184 | AC29: 0 | AD29: 820.30359 | AE29: 295309.29 | AF29: 295309.29 | AG29: 13.008894 | AH29: 25.993124 | AI29: 25.993124 | AJ29: 3025.0085 | AK29: 854.70085 | AL29: Nanofiltration | AM29: 2014.4671 | AN29: 172.34457 | AO29: 4418.8311 | AP29: 6066.521 | AQ29: 1647.6899 | AR29: 0.010243526 | AS29: 232.53387 | AT29: 154.85306 | AU29: 13.24821 | AV29: 339.67769 | AW29: 466.33641 | AX29: 126.65872 | AY29: 1.998104 | AZ29: =VLOOKUP(BA29,Sheet1!$A$1:$B$58,2,FALSE) -> Citrate | BA29: Citrate | BB29: C6H5O7 | BC29: 189.0964 | BD29: 2.5 | BF29: Acetaldehyde | BG29: -0.35670564 | BH29: 0.44769231 | BI29: 1.9217621 | BJ29: 90 | BK29: 269.62316 | BL29: 73.230664 | BM29: 1.5119556 | BN29: 257.03245 | BO29: 12.590705
A30: 28 | B30: Acetaldehyde | C30: C2H4O | D30: 2 | E30: 4 | F30: 1 | G30: 44.05176 | H30: 10 | I30: Categories-Category_2 | J30: 1.176 | K30: 500 | L30: 100 | N30: FormicAcid/CO | O30: 0 | P30: 0.2 | Q30: 0.0325 | R30: 77.5 | S30: 170 | T30: 100 | U30: 1812.1302 | V30: 20 | W30: 0.95 | X30: 1 | Y30: 42403.18 | Z30: 2.120159e+08 | AA30: 2.493307e+08 | AB30: 249330.7 | AC30: 0 | AD30: 2197.39 | AE30: 791060.38 | AF30: 791060.38 | AG30: 34.847602 | AH30: 69.629135 | AI30: 69.629135 | AJ30: 8103.2477 | AK30: 854.70085 | AL30: Nanofiltration | AM30: 5396.258 | AN30: 461.66836 | AO30: 11836.953 | AP30: 14815.875 | AQ30: 2978.922 | AR30: 0.010243526 | AS30: 232.53387 | AT30: 154.85306 | AU30: 13.24821 | AV30: 339.67769 | AW30: 425.16196 | AX30: 85.484274 | AY30: 1.998104 | AZ30: =VLOOKUP(BA30,Sheet1!$A$1:$B$58,2,FALSE) -> Coumaric Acid | BA30: CoumaricAcid | BB30: C9H7O3 | BC30: 163.14818 | BD30: 4.1111111 | BE30: 346 | BF30: Acetaldehyde | BG30: 0.35737245 | BH30: 0.19370826 | BI30: 0.71740948 | BJ30: 90 | BK30: 658.48333 | BL30: 132.39653 | BM30: 2.7372558 | BN30: 465.33348 | BO30: 193.14985
A31: 29 | B31: Acetaldehyde | C31: C2H4O | D31: 2 | E31: 4 | F31: 1 | G31: 44.05176 | H31: 10 | I31: Categories-Category_2 | J31: 1.176 | K31: 500 | L31: 100 | N31: FormicAcid/CO | O31: 0 | P31: 0.2 | Q31: 0.0325 | R31: 77.5 | S31: 170 | T31: 100 | U31: 1812.1302 | V31: 20 | W31: 0.95 | X31: 1 | Y31: 31085.945 | Z31: 1.5542973e+08 | AA31: 1.8278536e+08 | AB31: 182785.36 | AC31: 0 | AD31: 1610.9156 | AE31: 579929.61 | AF31: 579929.61 | AG31: 25.54692 | AH31: 51.045404 | AI31: 51.045404 | AJ31: 5940.5241 | AK31: 854.70085 | AL31: Nanofiltration | AM31: 3956.0188 | AN31: 338.45097 | AO31: 8677.7187 | AP31: 11089.695 | AQ31: 2411.9761 | AR31: 0.010243526 | AS31: 232.53387 | AT31: 154.85306 | AU31: 13.24821 | AV31: 339.67769 | AW31: 434.09126 | AX31: 94.413576 | AY31: 1.998104 | AZ31: =VLOOKUP(BA31,Sheet1!$A$1:$B$58,2,FALSE) -> Ethyl Acetate | BA31: EthylAcetate | BB31: C4H8O2 | BC31: 88.10352 | BD31: 5 | BE31: 77.1 | BF31: Acetaldehyde | BG31: 0.043712121 | BH31: 0.48929577 | BI31: 0.97859155 | BJ31: 90 | BK31: 492.87532 | BL31: 107.19894 | BM31: 2.2249725 | BN31: 378.24533 | BO31: 114.63
A32: 30 | B32: Acetaldehyde | C32: C2H4O | D32: 2 | E32: 4 | F32: 1 | G32: 44.05176 | H32: 10 | I32: Categories-Category_2 | J32: 1.176 | K32: 500 | L32: 100 | N32: FormicAcid/CO | O32: 0 | P32: 0.2 | Q32: 0.0325 | R32: 77.5 | S32: 170 | T32: 100 | U32: 1812.1302 | V32: 20 | W32: 0.95 | X32: 1 | Y32: 63543.02 | Z32: 3.177151e+08 | AA32: 3.7363296e+08 | AB32: 373632.96 | AC32: 0 | AD32: 3292.885 | AE32: 1185438.6 | AF32: 1185438.6 | AG32: 52.220656 | AH32: 104.3423 | AI32: 104.3423 | AJ32: 12143.071 | AK32: 1835.3365 | AL32: Distillation | AM32: 8086.5286 | AN32: 691.83024 | AO32: 17738.192 | AP32: 22756.767 | AQ32: 5018.5748 | AR32: 0.010243526 | AS32: 232.53387 | AT32: 154.85306 | AU32: 13.24821 | AV32: 339.67769 | AW32: 435.78094 | AX32: 96.103251 | AY32: 1.998104 | AZ32: =VLOOKUP(BA32,Sheet1!$A$1:$B$58,2,FALSE) -> Farnesene | BA32: Farnesene | BB32: C15H24 | BC32: 204.34866 | BD32: 5.6 | BE32: 260 (A)/272 (B) | BF32: Acetaldehyde | BG32: 0.94318409 | BH32: 0.10320225 | BI32: 0.47873776 | BJ32: 90 | BK32: 1011.4118 | BL32: 223.04777 | BM32: 3.6942517 | BN32: 628.02278 | BO32: 383.38907
A33: 31 | B33: Acetaldehyde | C33: C2H4O | D33: 2 | E33: 4 | F33: 1 | G33: 44.05176 | H33: 10 | I33: Categories-Category_2 | J33: 1.176 | K33: 500 | L33: 100 | N33: FormicAcid/CO | O33: 0 | P33: 0.2 | Q33: 0.0325 | R33: 77.5 | S33: 170 | T33: 100 | U33: 1812.1302 | V33: 20 | W33: 0.95 | X33: 1 | Y33: 33752.556 | Z33: 1.6876278e+08 | AA33: 1.9846503e+08 | AB33: 198465.03 | AC33: 0 | AD33: 1749.1029 | AE33: 629677.05 | AF33: 629677.05 | AG33: 27.738382 | AH33: 55.424174 | AI33: 55.424174 | AJ33: 6450.1134 | AK33: 1835.3365 | AL33: Distillation | AM33: 4295.3735 | AN33: 367.48393 | AO33: 9422.1096 | AP33: 12948.307 | AQ33: 3526.1977 | AR33: 0.010243526 | AS33: 232.53387 | AT33: 154.85306 | AU33: 13.24821 | AV33: 339.67769 | AW33: 466.8011 | AX33: 127.12341 | AY33: 1.998104 | AZ33: =VLOOKUP(BA33,Sheet1!$A$1:$B$58,2,FALSE) -> Gamma Butyrolactone | BA33: GammaButyrolactone | BB33: C4H6O2 | BC33: 86.08784 | BD33: 4.5 | BE33: 204 | BF33: Acetaldehyde | BG33: 0.17207886 | BH33: 0.46119048 | BI33: 0.90127822 | BJ33: 90 | BK33: 575.48033 | BL33: 156.7199 | BM33: 2.2912178 | BN33: 389.50702 | BO33: 185.97331
A34: 32 | B34: Acetaldehyde | C34: C2H4O | D34: 2 | E34: 4 | F34: 1 | G34: 44.05176 | H34: 10 | I34: Categories-Category_2 | J34: 1.176 | K34: 500 | L34: 100 | N34: FormicAcid/CO | O34: 0 | P34: 0.2 | Q34: 0.0325 | R34: 77.5 | S34: 170 | T34: 100 | U34: 1812.1302 | V34: 20 | W34: 0.95 | X34: 1 | Y34: 19809.978 | Z34: 99049891 | AA34: 1.1648267e+08 | AB34: 116482.67 | AC34: 0 | AD34: 1026.5798 | AE34: 369568.72 | AF34: 369568.72 | AG34: 16.280152 | AH34: 32.529438 | AI34: 32.529438 | AJ34: 3785.6868 | AK34: 854.70085 | AL34: Nanofiltration | AM34: 2521.0315 | AN34: 215.68288 | AO34: 5530.0045 | AP34: 7377.1021 | AQ34: 1847.0975 | AR34: 0.010243526 | AS34: 232.53387 | AT34: 154.85306 | AU34: 13.24821 | AV34: 339.67769 | AW34: 453.1347 | AX34: 113.45702 | AY34: 1.998104 | AZ34: =VLOOKUP(BA34,Sheet1!$A$1:$B$58,2,FALSE) -> L-Glutamate | BA34: Glutamate_L | BB34: C5H8NO4 | BC34: 146.11892 | BD34: 3.4 | BE34: 333.8 | BF34: Acetaldehyde | BG34: -0.2047876 | BH34: 0.46295455 | BI34: 1.5356122 | BJ34: 90 | BK34: 327.8712 | BL34: 82.093223 | BM34: 1.6505404 | BN34: 280.59187 | BO34: 47.27933
A35: 33 | B35: Acetaldehyde | C35: C2H4O | D35: 2 | E35: 4 | F35: 1 | G35: 44.05176 | H35: 10 | I35: Categories-Category_2 | J35: 1.176 | K35: 500 | L35: 100 | N35: FormicAcid/CO | O35: 0 | P35: 0.2 | Q35: 0.0325 | R35: 77.5 | S35: 170 | T35: 100 | U35: 1812.1302 | V35: 20 | W35: 0.95 | X35: 1 | Y35: 31961.618 | Z35: 1.5980809e+08 | AA35: 1.8793431e+08 | AB35: 187934.31 | AC35: 0 | AD35: 1656.2941 | AE35: 596265.88 | AF35: 596265.88 | AG35: 26.266562 | AH35: 52.483323 | AI35: 52.483323 | AJ35: 6107.8652 | AK35: 854.70085 | AL35: Nanofiltration | AM35: 4067.4575 | AN35: 347.98493 | AO35: 8922.1649 | AP35: 11378.009 | AQ35: 2455.8436 | AR35: 0.010243526 | AS35: 232.53387 | AT35: 154.85306 | AU35: 13.24821 | AV35: 339.67769 | AW35: 433.17465 | AX35: 93.496957 | AY35: 1.998104 | AZ35: =VLOOKUP(BA35,Sheet1!$A$1:$B$58,2,FALSE) -> Glutarate | BA35: Glutarate | BB35: C5H6O4 | BC35: 130.09654 | BD35: 3.6 | BE35: 200 | BF35: Acetaldehyde | BG35: 0.4078967 | BH35: 0.3222807 | BI35: 0.95178046 | BJ35: 90 | BK35: 505.68927 | BL35: 109.1486 | BM35: 1.9246954 | BN35: 327.19822 | BO35: 178.49104
A36: 34 | B36: Acetaldehyde | C36: C2H4O | D36: 2 | E36: 4 | F36: 1 | G36: 44.05176 | H36: 10 | I36: Categories-Category_2 | J36: 1.176 | K36: 500 | L36: 100 | N36: FormicAcid/CO | O36: 0 | P36: 0.2 | Q36: 0.0325 | R36: 77.5 | S36: 170 | T36: 100 | U36: 1812.1302 | V36: 20 | W36: 0.95 | X36: 1 | Y36: 15128.873 | Z36: 75644363 | AA36: 88957771 | AB36: 88957.771 | AC36: 0 | AD36: 783.99857 | AE36: 282239.49 | AF36: 282239.49 | AG36: 12.433146 | AH36: 24.84272 | AI36: 24.84272 | AJ36: 2891.1276 | AK36: 854.70085 | AL36: Nanofiltration | AM36: 1925.3108 | AN36: 164.71693 | AO36: 4223.2623 | AP36: 5835.8561 | AQ36: 1612.5938 | AR36: 0.010243526 | AS36: 232.53387 | AT36: 154.85306 | AU36: 13.24821 | AV36: 339.67769 | AW36: 469.37887 | AX36: 129.70119 | AY36: 1.998104 | AZ36: =VLOOKUP(BA36,Sheet1!$A$1:$B$58,2,FALSE) -> Glycolate | BA36: Glycolate | BB36: C2H3O3 | BC36: 75.04192 | BD36: 2.5 | BE36: 112 | BF36: Acetaldehyde | BG36: -0.17923562 | BH36: 1.1803704 | BI36: 2.0107541 | BJ36: 90 | BK36: 259.37138 | BL36: 71.670835 | BM36: 1.2833565 | BN36: 218.1706 | BO36: 41.20078
A37: 35 | B37: Acetaldehyde | C37: C2H4O | D37: 2 | E37: 4 | F37: 1 | G37: 44.05176 | H37: 10 | I37: Categories-Category_2 | J37: 1.176 | K37: 500 | L37: 100 | N37: FormicAcid/CO | O37: 0 | P37: 0.2 | Q37: 0.0325 | R37: 77.5 | S37: 170 | T37: 100 | U37: 1812.1302 | V37: 20 | W37: 0.95 | X37: 1 | Y37: 62598.831 | Z37: 3.1299416e+08 | AA37: 3.6808113e+08 | AB37: 368081.13 | AC37: 0 | AD37: 3243.9558 | AE37: 1167824.1 | AF37: 1167824.1 | AG37: 51.444706 | AH37: 102.79188 | AI37: 102.79188 | AJ37: 11962.637 | AK37: 854.70085 | AL37: Nanofiltration | AM37: 7966.3704 | AN37: 681.55029 | AO37: 17474.619 | AP37: 21465.258 | AQ37: 3990.6392 | AR37: 0.010243526 | AS37: 232.53387 | AT37: 154.85306 | AU37: 13.24821 | AV37: 339.67769 | AW37: 417.24911 | AX37: 77.571425 | AY37: 1.998104 | AZ37: =VLOOKUP(BA37,Sheet1!$A$1:$B$58,2,FALSE) -> Heptane | BA37: Heptane | BB37: C7H16 | BC37: 100.20034 | BD37: 6.2857143 | BE37: 98 | BF37: Acetaldehyde | BG37: 1.0371346 | BH37: 0.21364532 | BI37: 0.48595865 | BJ37: 90 | BK37: 954.01147 | BL37: 177.36174 | BM37: 3.5313932 | BN37: 600.33685 | BO37: 353.67462
A38: 36 | B38: Acetaldehyde | C38: C2H4O | D38: 2 | E38: 4 | F38: 1 | G38: 44.05176 | H38: 10 | I38: Categories-Category_2 | J38: 1.176 | K38: 500 | L38: 100 | N38: FormicAcid/CO | O38: 0 | P38: 0.2 | Q38: 0.0325 | R38: 77.5 | S38: 170 | T38: 100 | U38: 1812.1302 | V38: 20 | W38: 0.95 | X38: 1 | Y38: 63564.009 | Z38: 3.1782005e+08 | AA38: 3.7375637e+08 | AB38: 373756.37 | AC38: 0 | AD38: 3293.9726 | AE38: 1185830.1 | AF38: 1185830.1 | AG38: 52.237905 | AH38: 104.37677 | AI38: 104.37677 | AJ38: 12147.082 | AK38: 854.70085 | AL38: Nanofiltration | AM38: 8089.1997 | AN38: 692.05876 | AO38: 17744.051 | AP38: 21783.041 | AQ38: 4038.9906 | AR38: 0.010243526 | AS38: 232.53387 | AT38: 154.85306 | AU38: 13.24821 | AV38: 339.67769 | AW38: 416.99684 | AX38: 77.319153 | AY38: 1.998104 | AZ38: =VLOOKUP(BA38,Sheet1!$A$1:$B$58,2,FALSE) -> Hexane | BA38: Hexane | BB38: C6H14 | BC38: 86.17396 | BD38: 6.3333333 | BE38: 69 | BF38: Acetaldehyde | BG38: 1.110804 | BH38: 0.24464789 | BI38: 0.47857968 | BJ38: 90 | BK38: 968.13518 | BL38: 179.51069 | BM38: 3.5281635 | BN38: 599.7878 | BO38: 368.34738
A39: 37 | B39: Acetaldehyde | C39: C2H4O | D39: 2 | E39: 4 | F39: 1 | G39: 44.05176 | H39: 10 | I39: Categories-Category_2 | J39: 1.176 | K39: 500 | L39: 100 | N39: FormicAcid/CO | O39: 0 | P39: 0.2 | Q39: 0.0325 | R39: 77.5 | S39: 170 | T39: 100 | U39: 1812.1302 | V39: 20 | W39: 0.95 | X39: 1 | Y39: 40230.393 | Z39: 2.0115196e+08 | AA39: 2.3655471e+08 | AB39: 236554.71 | AC39: 0 | AD39: 2084.7932 | AE39: 750525.54 | AF39: 750525.54 | AG39: 33.061971 | AH39: 66.061258 | AI39: 66.061258 | AJ39: 7688.028 | AK39: 854.70085 | AL39: Nanofiltration | AM39: 5119.7475 | AN39: 438.01195 | AO39: 11230.414 | AP39: 14100.488 | AQ39: 2870.0745 | AR39: 0.010243526 | AS39: 232.53387 | AT39: 154.85306 | AU39: 13.24821 | AV39: 339.67769 | AW39: 426.48662 | AX39: 86.808934 | AY39: 1.998104 | AZ39: =VLOOKUP(BA39,Sheet1!$A$1:$B$58,2,FALSE) -> Isobutanol | BA39: Isobutanol | BB39: C5H10O | BC39: 86.1309 | BD39: 5.6 | BE39: 108 | BF39: Acetaldehyde | BG39: 0.59858454 | BH39: 0.38673684 | BI39: 0.75615576 | BJ39: 90 | BK39: 626.68837 | BL39: 127.55886 | BM39: 2.3374714 | BN39: 397.37013 | BO39: 229.31824
A40: 38 | B40: Acetaldehyde | C40: C2H4O | D40: 2 | E40: 4 | F40: 1 | G40: 44.05176 | H40: 10 | I40: Categories-Category_2 | J40: 1.176 | K40: 500 | L40: 100 | N40: FormicAcid/CO | O40: 0 | P40: 0.2 | Q40: 0.0325 | R40: 77.5 | S40: 170 | T40: 100 | U40: 1812.1302 | V40: 20 | W40: 0.95 | X40: 1 | Y40: 33502.948 | Z40: 1.6751474e+08 | AA40: 1.9699733e+08 | AB40: 196997.33 | AC40: 0 | AD40: 1736.1679 | AE40: 625020.45 | AF40: 625020.45 | AG40: 27.533251 | AH40: 55.0143 | AI40: 55.0143 | AJ40: 6402.4134 | AK40: 854.70085 | AL40: Nanofiltration | AM40: 4263.6083 | AN40: 364.7663 | AO40: 9352.431 | AP40: 11885.489 | AQ40: 2533.0578 | AR40: 0.010243526 | AS40: 232.53387 | AT40: 154.85306 | AU40: 13.24821 | AV40: 339.67769 | AW40: 431.67764 | AX40: 91.999951 | AY40: 1.998104 | AZ40: =VLOOKUP(BA40,Sheet1!$A$1:$B$58,2,FALSE) -> Isobutyrate | BA40: Isobutyrate | BB40: C4H7O2 | BC40: 87.09568 | BD40: 4.75 | BE40: 155 | BF40: Acetaldehyde | BG40: 0.17934662 | BH40: 0.45925 | BI40: 0.90799303 | BJ40: 90 | BK40: 528.24395 | BL40: 112.58034 | BM40: 2.2657334 | BN40: 385.17468 | BO40: 143.06927
A41: 39 | B41: Acetaldehyde | C41: C2H4O | D41: 2 | E41: 4 | F41: 1 | G41: 44.05176 | H41: 10 | I41: Categories-Category_2 | J41: 1.176 | K41: 500 | L41: 100 | N41: FormicAcid/CO | O41: 0 | P41: 0.2 | Q41: 0.0325 | R41: 77.5 | S41: 170 | T41: 100 | U41: 1812.1302 | V41: 20 | W41: 0.95 | X41: 1 | Y41: 63721.512 | Z41: 3.1860756e+08 | AA41: 3.7468249e+08 | AB41: 374682.49 | AC41: 66773.504 | AD41: 3302.1346 | AE41: 1188768.5 | AF41: 1188768.5 | AG41: 52.367343 | AH41: 104.6354 | AI41: 104.6354 | AJ41: 12177.181 | AK41: 2170.1389 | AL41: PSA | AM41: 8109.2436 | AN41: 693.77358 | AO41: 17788.018 | AP41: 23150.337 | AQ41: 5362.3188 | AR41: 0.010243526 | AS41: 232.53387 | AT41: 154.85306 | AU41: 13.24821 | AV41: 339.67769 | AW41: 442.07583 | AX41: 102.39815 | AY41: 1.998104 | AZ41: =VLOOKUP(BA41,Sheet1!$A$1:$B$58,2,FALSE) -> Isoprene | BA41: Isoprene | BB41: C5H8 | BC41: 68.11622 | BD41: 5.6 | BE41: 34.07 | BF41: Acetaldehyde | BG41: 0.95490794 | BH41: 0.3087395 | BI41: 0.47739676 | BJ41: 90 | BK41: 1028.9039 | BL41: 238.32528 | BM41: 3.6955543 | BN41: 628.24423 | BO41: 400.65963
A42: 40 | B42: Acetaldehyde | C42: C2H4O | D42: 2 | E42: 4 | F42: 1 | G42: 44.05176 | H42: 10 | I42: Categories-Category_2 | J42: 1.176 | K42: 500 | L42: 100 | N42: FormicAcid/CO | O42: 0 | P42: 0.2 | Q42: 0.0325 | R42: 77.5 | S42: 170 | T42: 100 | U42: 1812.1302 | V42: 20 | W42: 0.95 | X42: 1 | Y42: 41982.489 | Z42: 2.0991244e+08 | AA42: 2.4685703e+08 | AB42: 246857.03 | AC42: 0 | AD42: 2175.5891 | AE42: 783212.09 | AF42: 783212.09 | AG42: 34.501871 | AH42: 68.938328 | AI42: 68.938328 | AJ42: 8022.8536 | AK42: 854.70085 | AL42: Nanofiltration | AM42: 5342.7204 | AN42: 457.08805 | AO42: 11719.516 | AP42: 14677.363 | AQ42: 2957.8471 | AR42: 0.010243526 | AS42: 232.53387 | AT42: 154.85306 | AU42: 13.24821 | AV42: 339.67769 | AW42: 425.40774 | AX42: 85.730049 | AY42: 1.998104 | AZ42: =VLOOKUP(BA42,Sheet1!$A$1:$B$58,2,FALSE) -> Isopropanol | BA42: Isopropanol | BB42: C3H8O | BC42: 60.09382 | BD42: 6 | BE42: 82.5 | BF42: Acetaldehyde | BG42: 0.56046861 | BH42: 0.53116667 | BI42: 0.72459838 | BJ42: 90 | BK42: 652.32724 | BL42: 131.45987 | BM42: 2.5034571 | BN42: 425.58771 | BO42: 226.73953
A43: 41 | B43: Acetaldehyde | C43: C2H4O | D43: 2 | E43: 4 | F43: 1 | G43: 44.05176 | H43: 10 | I43: Categories-Category_2 | J43: 1.176 | K43: 500 | L43: 100 | N43: FormicAcid/CO | O43: 0 | P43: 0.2 | Q43: 0.0325 | R43: 77.5 | S43: 170 | T43: 100 | U43: 1812.1302 | V43: 20 | W43: 0.95 | X43: 1 | Y43: 22599.884 | Z43: 1.1299942e+08 | AA43: 1.3288732e+08 | AB43: 132887.32 | AC43: 0 | AD43: 1171.1565 | AE43: 421616.33 | AF43: 421616.33 | AG43: 18.572941 | AH43: 37.110669 | AI43: 37.110669 | AJ43: 4318.8379 | AK43: 854.70085 | AL43: Nanofiltration | AM43: 2876.0769 | AN43: 246.05823 | AO43: 6308.8138 | AP43: 8295.6738 | AQ43: 1986.8601 | AR43: 0.010243526 | AS43: 232.53387 | AT43: 154.85306 | AU43: 13.24821 | AV43: 339.67769 | AW43: 446.65375 | AX43: 106.97606 | AY43: 1.998104 | AZ43: =VLOOKUP(BA43,Sheet1!$A$1:$B$58,2,FALSE) -> Itaconate | BA43: Itaconate | BB43: C5H4O4 | BC43: 128.08086 | BD43: 3.2 | BE43: 381 | BF43: Acetaldehyde | BG43: -0.23362853 | BH43: 0.46295455 | BI43: 1.3460442 | BJ43: 90 | BK43: 368.69661 | BL43: 88.304892 | BM43: 1.8829916 | BN43: 320.10857 | BO43: 48.588042
A44: 42 | B44: Acetaldehyde | C44: C2H4O | D44: 2 | E44: 4 | F44: 1 | G44: 44.05176 | H44: 10 | I44: Categories-Category_2 | J44: 1.176 | K44: 500 | L44: 100 | N44: FormicAcid/CO | O44: 0 | P44: 0.2 | Q44: 0.0325 | R44: 77.5 | S44: 170 | T44: 100 | U44: 1812.1302 | V44: 20 | W44: 0.95 | X44: 1 | Y44: 63453.775 | Z44: 3.1726887e+08 | AA44: 3.731082e+08 | AB44: 373108.2 | AC44: 0 | AD44: 3288.2601 | AE44: 1183773.6 | AF44: 1183773.6 | AG44: 52.147313 | AH44: 104.19576 | AI44: 104.19576 | AJ44: 12126.016 | AK44: 854.70085 | AL44: Nanofiltration | AM44: 8075.1711 | AN44: 690.85857 | AO44: 17713.279 | AP44: 21746.747 | AQ44: 4033.4683 | AR44: 0.010243526 | AS44: 232.53387 | AT44: 154.85306 | AU44: 13.24821 | AV44: 339.67769 | AW44: 417.02527 | AX44: 77.347577 | AY44: 1.998104 | AZ44: =VLOOKUP(BA44,Sheet1!$A$1:$B$58,2,FALSE) -> Limonene | BA44: Limonene | BB44: C10H16 | BC44: 136.23244 | BD44: 5.6 | BE44: 176 | BF44: Acetaldehyde | BG44: 0.93732216 | BH44: 0.1550211 | BI44: 0.47941109 | BJ44: 90 | BK44: 966.52208 | BL44: 179.26526 | BM44: 3.6936003 | BN44: 627.91206 | BO44: 338.61003
A45: 43 | B45: Acetaldehyde | C45: C2H4O | D45: 2 | E45: 4 | F45: 1 | G45: 44.05176 | H45: 10 | I45: Categories-Category_2 | J45: 1.176 | K45: 500 | L45: 100 | N45: FormicAcid/CO | O45: 0 | P45: 0.2 | Q45: 0.0325 | R45: 77.5 | S45: 170 | T45: 100 | U45: 1812.1302 | V45: 20 | W45: 0.95 | X45: 1 | Y45: 32214.045 | Z45: 1.6107022e+08 | AA45: 1.8941858e+08 | AB45: 189418.58 | AC45: 0 | AD45: 1669.3752 | AE45: 600975.08 | AF45: 600975.08 | AG45: 26.47401 | AH45: 52.897826 | AI45: 52.897826 | AJ45: 6156.1039 | AK45: 854.70085 | AL45: Nanofiltration | AM45: 4099.5815 | AN45: 350.73325 | AO45: 8992.6305 | AP45: 11461.12 | AQ45: 2468.4891 | AR45: 0.010243526 | AS45: 232.53387 | AT45: 154.85306 | AU45: 13.24821 | AV45: 339.67769 | AW45: 432.91967 | AX45: 93.24198 | AY45: 1.998104 | AZ45: =VLOOKUP(BA45,Sheet1!$A$1:$B$58,2,FALSE) -> L-Lysine | BA45: Lysine_L | BB45: C6H15N2O2 | BC45: 147.1932 | BD45: 4.8333333 | BF45: Acetaldehyde | BG45: 0.32194431 | BH45: 0.28261538 | BI45: 0.94432238 | BJ45: 90 | BK45: 509.38309 | BL45: 109.71063 | BM45: 2.0290702 | BN45: 344.94193 | BO45: 164.44116
A46: 44 | B46: Acetaldehyde | C46: C2H4O | D46: 2 | E46: 4 | F46: 1 | G46: 44.05176 | H46: 10 | I46: Categories-Category_2 | J46: 1.176 | K46: 500 | L46: 100 | N46: FormicAcid/CO | O46: 0 | P46: 0.2 | Q46: 0.0325 | R46: 77.5 | S46: 170 | T46: 100 | U46: 1812.1302 | V46: 20 | W46: 0.95 | X46: 1 | Y46: 15441.805 | Z46: 77209023 | AA46: 90797811 | AB46: 90797.811 | AC46: 0 | AD46: 800.21513 | AE46: 288077.45 | AF46: 288077.45 | AG46: 12.690319 | AH46: 25.356577 | AI46: 25.356577 | AJ46: 2950.9289 | AK46: 854.70085 | AL46: Nanofiltration | AM46: 1965.1347 | AN46: 168.12401 | AO46: 4310.6181 | AP46: 5938.8884 | AQ46: 1628.2704 | AR46: 0.010243526 | AS46: 232.53387 | AT46: 154.85306 | AU46: 13.24821 | AV46: 339.67769 | AW46: 467.98577 | AX46: 128.30808 | AY46: 1.998104 | AZ46: =VLOOKUP(BA46,Sheet1!$A$1:$B$58,2,FALSE) -> L-Malate | BA46: Malate_L | BB46: C4H4O5 | BC46: 132.06916 | BD46: 2.5 | BF46: Acetaldehyde | BG46: -0.31867491 | BH46: 0.65709677 | BI46: 1.9700057 | BJ46: 90 | BK46: 263.9506 | BL46: 72.367572 | BM46: 1.4456339 | BN46: 245.75776 | BO46: 18.192837
A47: 45 | B47: Acetaldehyde | C47: C2H4O | D47: 2 | E47: 4 | F47: 1 | G47: 44.05176 | H47: 10 | I47: Categories-Category_2 | J47: 1.176 | K47: 500 | L47: 100 | N47: FormicAcid/CO | O47: 0 | P47: 0.2 | Q47: 0.0325 | R47: 77.5 | S47: 170 | T47: 100 | U47: 1812.1302 | V47: 20 | W47: 0.95 | X47: 1 | Y47: 14237.441 | Z47: 71187205 | AA47: 83716153 | AB47: 83716.153 | AC47: 0 | AD47: 737.80339 | AE47: 265609.22 | AF47: 265609.22 | AG47: 11.700554 | AH47: 23.378923 | AI47: 23.378923 | AJ47: 2720.775 | AK47: 854.70085 | AL47: Nanofiltration | AM47: 1811.8666 | AN47: 155.0114 | AO47: 3974.417 | AP47: 5542.3538 | AQ47: 1567.9368 | AR47: 0.010243526 | AS47: 232.53387 | AT47: 154.85306 | AU47: 13.24821 | AV47: 339.67769 | AW47: 473.68304 | AX47: 134.00535 | AY47: 1.998104 | AZ47: =VLOOKUP(BA47,Sheet1!$A$1:$B$58,2,FALSE) -> Malonate | BA47: Malonate | BB47: C3H2O4 | BC47: 102.04378 | BD47: 2 | BE47: 199 | BF47: Acetaldehyde | BG47: -0.35869948 | BH47: 0.92238095 | BI47: 2.136651 | BJ47: 90 | BK47: 246.32684 | BL47: 69.686081 | BM47: 1.3977627 | BN47: 237.61967 | BO47: 8.7071687
A48: 46 | B48: Acetaldehyde | C48: C2H4O | D48: 2 | E48: 4 | F48: 1 | G48: 44.05176 | H48: 10 | I48: Categories-Category_2 | J48: 1.176 | K48: 500 | L48: 100 | N48: FormicAcid/CO | O48: 0 | P48: 0.2 | Q48: 0.0325 | R48: 77.5 | S48: 170 | T48: 100 | U48: 1812.1302 | V48: 20 | W48: 0.95 | X48: 1 | Y48: 61916.248 | Z48: 3.0958124e+08 | AA48: 3.6406754e+08 | AB48: 364067.54 | AC48: 0 | AD48: 3208.5834 | AE48: 1155090 | AF48: 1155090 | AG48: 50.883749 | AH48: 101.67103 | AI48: 101.67103 | AJ48: 11832.195 | AK48: 854.70085 | AL48: Nanofiltration | AM48: 7879.5045 | AN48: 674.11861 | AO48: 17284.074 | AP48: 21240.519 | AQ48: 3956.4447 | AR48: 0.010243526 | AS48: 232.53387 | AT48: 154.85306 | AU48: 13.24821 | AV48: 339.67769 | AW48: 417.43227 | AX48: 77.754583 | AY48: 1.998104 | AZ48: =VLOOKUP(BA48,Sheet1!$A$1:$B$58,2,FALSE) -> Nonane | BA48: Nonane | BB48: C9H20 | BC48: 128.2531 | BD48: 6.2222222 | BE48: 151 | BF48: Acetaldehyde | BG48: 0.97849461 | BH48: 0.16875486 | BI48: 0.491316 | BJ48: 90 | BK48: 944.02307 | BL48: 175.84199 | BM48: 3.5402176 | BN48: 601.837 | BO48: 342.18607
A49: 47 | B49: Acetaldehyde | C49: C2H4O | D49: 2 | E49: 4 | F49: 1 | G49: 44.05176 | H49: 10 | I49: Categories-Category_2 | J49: 1.176 | K49: 500 | L49: 100 | N49: FormicAcid/CO | O49: 0 | P49: 0.2 | Q49: 0.0325 | R49: 77.5 | S49: 170 | T49: 100 | U49: 1812.1302 | V49: 20 | W49: 0.95 | X49: 1 | Y49: 62474.532 | Z49: 3.1237266e+08 | AA49: 3.6735025e+08 | AB49: 367350.25 | AC49: 0 | AD49: 3237.5145 | AE49: 1165505.2 | AF49: 1165505.2 | AG49: 51.342555 | AH49: 102.58777 | AI49: 102.58777 | AJ49: 11938.883 | AK49: 854.70085 | AL49: Nanofiltration | AM49: 7950.552 | AN49: 680.19698 | AO49: 17439.921 | AP49: 21424.333 | AQ49: 3984.4123 | AR49: 0.010243526 | AS49: 232.53387 | AT49: 154.85306 | AU49: 13.24821 | AV49: 339.67769 | AW49: 417.28217 | AX49: 77.604481 | AY49: 1.998104 | AZ49: =VLOOKUP(BA49,Sheet1!$A$1:$B$58,2,FALSE) -> Octane | BA49: Octane | BB49: C8H18 | BC49: 114.22672 | BD49: 6.25 | BE49: 126 | BF49: Acetaldehyde | BG49: 1.0212196 | BH49: 0.18778378 | BI49: 0.48692551 | BJ49: 90 | BK49: 952.19257 | BL49: 177.08499 | BM49: 3.5382367 | BN49: 601.50024 | BO49: 350.69233
A50: 48 | B50: Acetaldehyde | C50: C2H4O | D50: 2 | E50: 4 | F50: 1 | G50: 44.05176 | H50: 10 | I50: Categories-Category_2 | J50: 1.176 | K50: 500 | L50: 100 | N50: FormicAcid/CO | O50: 0 | P50: 0.2 | Q50: 0.0325 | R50: 77.5 | S50: 170 | T50: 100 | U50: 1812.1302 | V50: 20 | W50: 0.95 | X50: 1 | Y50: 64026.359 | Z50: 3.2013179e+08 | AA50: 3.7647499e+08 | AB50: 376474.99 | AC50: 66773.504 | AD50: 3317.9322 | AE50: 1194455.6 | AF50: 1194455.6 | AG50: 52.617871 | AH50: 105.13598 | AI50: 105.13598 | AJ50: 12235.437 | AK50: 2170.1389 | AL50: PSA | AM50: 8148.0386 | AN50: 697.09263 | AO50: 17873.117 | AP50: 23250.707 | AQ50: 5377.5904 | AR50: 0.010243526 | AS50: 232.53387 | AT50: 154.85306 | AU50: 13.24821 | AV50: 339.67769 | AW50: 441.87852 | AX50: 102.20084 | AY50: 1.998104 | AZ50: =VLOOKUP(BA50,Sheet1!$A$1:$B$58,2,FALSE) -> Pentane | BA50: Pentane | BB50: C5H12 | BC50: 72.14758 | BD50: 6.4 | BE50: 36.1 | BF50: Acetaldehyde | BG50: 1.1554409 | BH50: 0.29010033 | BI50: 0.47512374 | BJ50: 90 | BK50: 1033.3648 | BL50: 239.00402 | BM50: 3.5172694 | BN50: 597.93579 | BO50: 435.42897
A51: 49 | B51: Acetaldehyde | C51: C2H4O | D51: 2 | E51: 4 | F51: 1 | G51: 44.05176 | H51: 10 | I51: Categories-Category_2 | J51: 1.176 | K51: 500 | L51: 100 | N51: FormicAcid/CO | O51: 0 | P51: 0.2 | Q51: 0.0325 | R51: 77.5 | S51: 170 | T51: 100 | U51: 1812.1302 | V51: 20 | W51: 0.95 | X51: 1 | Y51: 50896.661 | Z51: 2.5448331e+08 | AA51: 2.9927237e+08 | AB51: 299272.37 | AC51: 0 | AD51: 2637.5336 | AE51: 949512.1 | AF51: 949512.1 | AG51: 41.827679 | AH51: 83.576055 | AI51: 83.576055 | AJ51: 9726.352 | AK51: 854.70085 | AL51: Nanofiltration | AM51: 6477.1442 | AN51: 554.14189 | AO51: 14207.929 | AP51: 17612.339 | AQ51: 3404.4097 | AR51: 0.010243526 | AS51: 232.53387 | AT51: 154.85306 | AU51: 13.24821 | AV51: 339.67769 | AW51: 421.069 | AX51: 81.391313 | AY51: 1.998104 | AZ51: =VLOOKUP(BA51,Sheet1!$A$1:$B$58,2,FALSE) -> Pentanol (PW1) | BA51: Pentanol-PW1 | BB51: C5H12O | BC51: 88.14658 | BD51: 6 | BE51: 138 | BF51: Acetaldehyde | BG51: 0.84663223 | BH51: 0.29869919 | BI51: 0.59769035 | BJ51: 90 | BK51: 782.77062 | BL51: 151.3071 | BM51: 2.8678591 | BN51: 487.53605 | BO51: 295.23458
A52: 50 | B52: Acetaldehyde | C52: C2H4O | D52: 2 | E52: 4 | F52: 1 | G52: 44.05176 | H52: 10 | I52: Categories-Category_2 | J52: 1.176 | K52: 500 | L52: 100 | N52: FormicAcid/CO | O52: 0 | P52: 0.2 | Q52: 0.0325 | R52: 77.5 | S52: 170 | T52: 100 | U52: 1812.1302 | V52: 20 | W52: 0.95 | X52: 1 | Y52: 55601.765 | Z52: 2.7800883e+08 | AA52: 3.2693838e+08 | AB52: 326938.38 | AC52: 0 | AD52: 2881.3584 | AE52: 1037289 | AF52: 1037289 | AG52: 45.694407 | AH52: 91.302181 | AI52: 91.302181 | AJ52: 10625.497 | AK52: 854.70085 | AL52: Nanofiltration | AM52: 7075.919 | AN52: 605.36912 | AO52: 15521.371 | AP52: 19161.486 | AQ52: 3640.1156 | AR52: 0.010243526 | AS52: 232.53387 | AT52: 154.85306 | AU52: 13.24821 | AV52: 339.67769 | AW52: 419.33986 | AX52: 79.662169 | AY52: 1.998104 | AZ52: =VLOOKUP(BA52,Sheet1!$A$1:$B$58,2,FALSE) -> Pentanol (PW2) | BA52: Pentanol-PW2 | BB52: C5H12O | BC52: 88.14658 | BD52: 6 | BE52: 138 | BF52: Acetaldehyde | BG52: 1.1556773 | BH52: 0.27342282 | BI52: 0.5471129 | BJ52: 90 | BK52: 851.62161 | BL52: 161.78292 | BM52: 2.9021974 | BN52: 493.37356 | BO52: 358.24805
A53: 51 | B53: Acetaldehyde | C53: C2H4O | D53: 2 | E53: 4 | F53: 1 | G53: 44.05176 | H53: 10 | I53: Categories-Category_2 | J53: 1.176 | K53: 500 | L53: 100 | N53: FormicAcid/CO | O53: 0 | P53: 0.2 | Q53: 0.0325 | R53: 77.5 | S53: 170 | T53: 100 | U53: 1812.1302 | V53: 20 | W53: 0.95 | X53: 1 | Y53: 57619.087 | Z53: 2.8809544e+08 | AA53: 3.3880023e+08 | AB53: 338800.23 | AC53: 0 | AD53: 2985.8988 | AE53: 1074923.6 | AF53: 1074923.6 | AG53: 47.352274 | AH53: 94.614771 | AI53: 94.614771 | AJ53: 11011.008 | AK53: 854.70085 | AL53: Nanofiltration | AM53: 7332.6448 | AN53: 627.33289 | AO53: 16084.511 | AP53: 19825.686 | AQ53: 3741.175 | AR53: 0.010243526 | AS53: 232.53387 | AT53: 154.85306 | AU53: 13.24821 | AV53: 339.67769 | AW53: 418.68498 | AX53: 79.007292 | AY53: 1.998104 | AZ53: =VLOOKUP(BA53,Sheet1!$A$1:$B$58,2,FALSE) -> Phenol | BA53: Phenol | BB53: C6H6O | BC53: 94.11024 | BD53: 4.6666667 | BE53: 181.7 | BF53: Acetaldehyde | BG53: 0.97873253 | BH53: 0.24713004 | BI53: 0.52795774 | BJ53: 90 | BK53: 881.1416 | BL53: 166.27444 | BM53: 3.2263684 | BN53: 548.48263 | BO53: 332.65897
A54: 52 | B54: Acetaldehyde | C54: C2H4O | D54: 2 | E54: 4 | F54: 1 | G54: 44.05176 | H54: 10 | I54: Categories-Category_2 | J54: 1.176 | K54: 500 | L54: 100 | N54: FormicAcid/CO | O54: 0 | P54: 0.2 | Q54: 0.0325 | R54: 77.5 | S54: 170 | T54: 100 | U54: 1812.1302 | V54: 20 | W54: 0.95 | X54: 1 | Y54: 66919.884 | Z54: 3.3459942e+08 | AA54: 3.9348892e+08 | AB54: 393488.92 | AC54: 66773.504 | AD54: 3467.8786 | AE54: 1248436.3 | AF54: 1248436.3 | AG54: 54.995816 | AH54: 109.88736 | AI54: 109.88736 | AJ54: 12788.39 | AK54: 2170.1389 | AL54: PSA | AM54: 8516.2706 | AN54: 728.59614 | AO54: 18680.852 | AP54: 24203.395 | AQ54: 5522.5438 | AR54: 0.010243526 | AS54: 232.53387 | AT54: 154.85306 | AU54: 13.24821 | AV54: 339.67769 | AW54: 440.09522 | AX54: 100.41753 | AY54: 1.998104 | AZ54: =VLOOKUP(BA54,Sheet1!$A$1:$B$58,2,FALSE) -> Propane (PW1) | BA54: Propane-PW1 | BB54: C3H8 | BC54: 44.09482 | BD54: 6.6666667 | BE54: -42 | BF54: Acetaldehyde | BG54: 1.4012652 | BH54: 0.45413613 | BI54: 0.45458004 | BJ54: 90 | BK54: 1075.7065 | BL54: 245.44639 | BM54: 3.4826175 | BN54: 592.04498 | BO54: 483.66148
A55: 53 | B55: Acetaldehyde | C55: C2H4O | D55: 2 | E55: 4 | F55: 1 | G55: 44.05176 | H55: 10 | I55: Categories-Category_2 | J55: 1.176 | K55: 500 | L55: 100 | N55: FormicAcid/CO | O55: 0 | P55: 0.2 | Q55: 0.0325 | R55: 77.5 | S55: 170 | T55: 100 | U55: 1812.1302 | V55: 20 | W55: 0.95 | X55: 1 | Y55: 84372.759 | Z55: 4.2186379e+08 | AA55: 4.9611182e+08 | AB55: 496111.82 | AC55: 66773.504 | AD55: 4372.3101 | AE55: 1574031.6 | AF55: 1574031.6 | AG55: 69.338863 | AH55: 138.54626 | AI55: 138.54626 | AJ55: 16123.634 | AK55: 2170.1389 | AL55: PSA | AM55: 10737.335 | AN55: 918.61585 | AO55: 23552.865 | AP55: 29949.724 | AQ55: 6396.8595 | AR55: 0.010243526 | AS55: 232.53387 | AT55: 154.85306 | AU55: 13.24821 | AV55: 339.67769 | AW55: 431.93273 | AX55: 92.255038 | AY55: 1.998104 | AZ55: =VLOOKUP(BA55,Sheet1!$A$1:$B$58,2,FALSE) -> Propane (PW2) | BA55: Propane-PW2 | BB55: C3H8 | BC55: 44.09482 | BD55: 6.6666667 | BE55: -42 | BF55: Acetaldehyde | BG55: 2.5476213 | BH55: 0.36019608 | BI55: 0.36054817 | BJ55: 90 | BK55: 1331.0989 | BL55: 284.30487 | BM55: 3.6099904 | BN55: 613.69837 | BO55: 717.40049
A56: 54 | B56: Acetaldehyde | C56: C2H4O | D56: 2 | E56: 4 | F56: 1 | G56: 44.05176 | H56: 10 | I56: Categories-Category_2 | J56: 1.176 | K56: 500 | L56: 100 | N56: FormicAcid/CO | O56: 0 | P56: 0.2 | Q56: 0.0325 | R56: 77.5 | S56: 170 | T56: 100 | U56: 1812.1302 | V56: 20 | W56: 0.95 | X56: 1 | Y56: 28580.133 | Z56: 1.4290066e+08 | AA56: 1.6805118e+08 | AB56: 168051.18 | AC56: 0 | AD56: 1481.061 | AE56: 533181.96 | AF56: 533181.96 | AG56: 23.487604 | AH56: 46.930676 | AI56: 46.930676 | AJ56: 5461.6633 | AK56: 854.70085 | AL56: Nanofiltration | AM56: 3637.1274 | AN56: 311.16871 | AO56: 7978.2149 | AP56: 10264.66 | AQ56: 2286.4454 | AR56: 0.010243526 | AS56: 232.53387 | AT56: 154.85306 | AU56: 13.24821 | AV56: 339.67769 | AW56: 437.02459 | AX56: 97.346899 | AY56: 1.998104 | AZ56: =VLOOKUP(BA56,Sheet1!$A$1:$B$58,2,FALSE) -> Shikimate | BA56: Shikimate | BB56: C7H9O5 | BC56: 173.14046 | BD56: 3.8571429 | BE56: 400.5 | BF56: Acetaldehyde | BG56: 0.097920221 | BH56: 0.27081081 | BI56: 1.0643913 | BJ56: 90 | BK56: 456.20712 | BL56: 101.61979 | BM56: 1.9878876 | BN56: 337.94089 | BO56: 118.26623
A57: 55 | B57: Acetaldehyde | C57: C2H4O | D57: 2 | E57: 4 | F57: 1 | G57: 44.05176 | H57: 10 | I57: Categories-Category_2 | J57: 1.176 | K57: 500 | L57: 100 | N57: FormicAcid/CO | O57: 0 | P57: 0.2 | Q57: 0.0325 | R57: 77.5 | S57: 170 | T57: 100 | U57: 1812.1302 | V57: 20 | W57: 0.95 | X57: 1 | Y57: 68525.818 | Z57: 3.4262909e+08 | AA57: 4.0293181e+08 | AB57: 402931.81 | AC57: 0 | AD57: 3551.1003 | AE57: 1278396.1 | AF57: 1278396.1 | AG57: 56.315598 | AH57: 112.52442 | AI57: 112.52442 | AJ57: 13095.284 | AK57: 854.70085 | AL57: Nanofiltration | AM57: 8720.6429 | AN57: 746.08089 | AO57: 19129.152 | AP57: 23416.708 | AQ57: 4287.5564 | AR57: 0.010243526 | AS57: 232.53387 | AT57: 154.85306 | AU57: 13.24821 | AV57: 339.67769 | AW57: 415.81213 | AX57: 76.134437 | AY57: 1.998104 | AZ57: =VLOOKUP(BA57,Sheet1!$A$1:$B$58,2,FALSE) -> Styrene | BA57: Styrene | BB57: C8H8 | BC57: 104.14832 | BD57: 5 | BE57: 145 | BF57: Acetaldehyde | BG57: 1.1204135 | BH57: 0.18776831 | BI57: 0.44392674 | BJ57: 90 | BK57: 1040.7426 | BL57: 190.55806 | BM57: 3.880672 | BN57: 659.71423 | BO57: 381.02836
A58: 56 | B58: Acetaldehyde | C58: C2H4O | D58: 2 | E58: 4 | F58: 1 | G58: 44.05176 | H58: 10 | I58: Categories-Category_2 | J58: 1.176 | K58: 500 | L58: 100 | N58: FormicAcid/CO | O58: 0 | P58: 0.2 | Q58: 0.0325 | R58: 77.5 | S58: 170 | T58: 100 | U58: 1812.1302 | V58: 20 | W58: 0.95 | X58: 1 | Y58: 18703.855 | Z58: 93519276 | AA58: 1.0997867e+08 | AB58: 109978.67 | AC58: 0 | AD58: 969.25899 | AE58: 348933.23 | AF58: 348933.23 | AG58: 15.371123 | AH58: 30.713103 | AI58: 30.713103 | AJ58: 3574.3067 | AK58: 854.70085 | AL58: Nanofiltration | AM58: 2380.2655 | AN58: 203.63987 | AO58: 5221.2276 | AP58: 7012.913 | AQ58: 1791.6854 | AR58: 0.010243526 | AS58: 232.53387 | AT58: 154.85306 | AU58: 13.24821 | AV58: 339.67769 | AW58: 456.23946 | AX58: 116.56178 | AY58: 1.998104 | AZ58: =VLOOKUP(BA58,Sheet1!$A$1:$B$58,2,FALSE) -> Succinate | BA58: Succinate | BB58: C4H4O4 | BC58: 116.07016 | BD58: 3 | BE58: 235 | BF58: Acetaldehyde | BG58: -0.28814475 | BH58: 0.61727273 | BI58: 1.6264264 | BJ58: 90 | BK58: 311.68502 | BL58: 79.630462 | BM58: 1.6531716 | BN58: 281.03917 | BO58: 30.645854
... A85: 83 | B85: AceticAcid | C85: CH3COOH | D85: 2 | E85: 4 | F85: 2 | G85: 60.05076 | H85: 8 | I85: Categories-Category_2 | J85: 1.131 | K85: 500 | L85: 100 | N85: FormicAcid/CO | O85: 0 | P85: 0.25 | Q85: 0.0325 | R85: 77.5 | S85: 170 | T85: 100 | U85: 1812.1302 | V85: 20 | W85: 0.95 | X85: 1 | Y85: 37504.426 | Z85: 1.8752213e+08 | AA85: 2.1208753e+08 | AB85: 212087.53 | AC85: 0 | AD85: 1943.5299 | AE85: 874588.46 | AF85: 874588.46 | AG85: 52.519701 | AH85: 76.981276 | AI85: 76.981276 | AJ85: 6892.8447 | AK85: 854.70085 | AL85: Nanofiltration | AM85: 5966.0489 | AN85: 408.33274 | AO85: 13086.817 | AP85: 14121.927 | AQ85: 1035.1103 | AR85: 0.0078812436 | AS85: 131.24303 | AT85: 113.5964 | AU85: 7.7748489 | AV85: 249.17919 | AW85: 268.88818 | AX85: 19.70899 | AY85: 1.46576 | AZ85: =VLOOKUP(BA85,Sheet1!$A$1:$B$58,2,FALSE) -> cis,cis-Muconate | BA85: ciscisMuconate | BB85: C6H4O4 | BC85: 140.09156 | BD85: 3.3333333 | BE85: 345.4 | BF85: Acetate | BG85: 1.2469025 | BH85: 0.20061972 | BI85: 0.47601185 | BJ85: 90 | BK85: 627.64121 | BL85: 46.0049 | BM85: 2.1744875 | BN85: 369.66287 | BO85: 257.97833
A86: 84 | B86: AceticAcid | C86: CH3COOH | D86: 2 | E86: 4 | F86: 2 | G86: 60.05076 | H86: 8 | I86: Categories-Category_2 | J86: 1.131 | K86: 500 | L86: 100 | N86: FormicAcid/CO | O86: 0 | P86: 0.25 | Q86: 0.0325 | R86: 77.5 | S86: 170 | T86: 100 | U86: 1812.1302 | V86: 20 | W86: 0.95 | X86: 1 | Y86: 17140.638 | Z86: 85703192 | AA86: 96930310 | AB86: 96930.31 | AC86: 0 | AD86: 888.25099 | AE86: 399712.94 | AF86: 399712.94 | AG86: 24.003066 | AH86: 35.182733 | AI86: 35.182733 | AJ86: 3150.2351 | AK86: 854.70085 | AL86: Nanofiltration | AM86: 2726.6618 | AN86: 186.62021 | AO86: 5981.0647 | AP86: 6918.218 | AQ86: 937.15332 | AR86: 0.0078812436 | AS86: 131.24303 | AT86: 113.5964 | AU86: 7.7748489 | AV86: 249.17919 | AW86: 288.22226 | AX86: 39.043067 | AY86: 1.46576 | AZ86: =VLOOKUP(BA86,Sheet1!$A$1:$B$58,2,FALSE) -> Citrate | BA86: Citrate | BB86: C6H5O7 | BC86: 189.0964 | BD86: 2.5 | BF86: Acetate | BG86: 0.034900961 | BH86: 0.32520548 | BI86: 1.0415336 | BJ86: 90 | BK86: 307.47636 | BL86: 41.651259 | BM86: 1.5287761 | BN86: 259.89193 | BO86: 47.584422
A87: 85 | B87: AceticAcid | C87: CH3COOH | D87: 2 | E87: 4 | F87: 2 | G87: 60.05076 | H87: 8 | I87: Categories-Category_2 | J87: 1.131 | K87: 500 | L87: 100 | N87: FormicAcid/CO | O87: 0 | P87: 0.25 | Q87: 0.0325 | R87: 77.5 | S87: 170 | T87: 100 | U87: 1812.1302 | V87: 20 | W87: 0.95 | X87: 1 | Y87: 47606.729 | Z87: 2.3803365e+08 | AA87: 2.6921605e+08 | AB87: 269216.05 | AC87: 0 | AD87: 2467.0449 | AE87: 1110170.2 | AF87: 1110170.2 | AG87: 66.666564 | AH87: 97.717181 | AI87: 97.717181 | AJ87: 8749.5218 | AK87: 854.70085 | AL87: Nanofiltration | AM87: 7573.0815 | AN87: 518.32246 | AO87: 16611.921 | AP87: 17695.627 | AQ87: 1083.7059 | AR87: 0.0078812436 | AS87: 131.24303 | AT87: 113.5964 | AU87: 7.7748489 | AV87: 249.17919 | AW87: 265.43481 | AX87: 16.255613 | AY87: 1.46576 | AZ87: =VLOOKUP(BA87,Sheet1!$A$1:$B$58,2,FALSE) -> Coumaric Acid | BA87: CoumaricAcid | BB87: C9H7O3 | BC87: 163.14818 | BD87: 4.1111111 | BE87: 346 | BF87: Acetate | BG87: 1.5476141 | BH87: 0.13571178 | BI87: 0.37500058 | BJ87: 90 | BK87: 786.47229 | BL87: 48.164705 | BM87: 2.7953717 | BN87: 475.21319 | BO87: 311.2591
A88: 86 | B88: AceticAcid | C88: CH3COOH | D88: 2 | E88: 4 | F88: 2 | G88: 60.05076 | H88: 8 | I88: Categories-Category_2 | J88: 1.131 | K88: 500 | L88: 100 | N88: FormicAcid/CO | O88: 0 | P88: 0.25 | Q88: 0.0325 | R88: 77.5 | S88: 170 | T88: 100 | U88: 1812.1302 | V88: 20 | W88: 0.95 | X88: 1 | Y88: 35781.001 | Z88: 1.78905e+08 | AA88: 2.0234156e+08 | AB88: 202341.56 | AC88: 0 | AD88: 1854.2197 | AE88: 834398.86 | AF88: 834398.86 | AG88: 50.106286 | AH88: 73.443788 | AI88: 73.443788 | AJ88: 6576.1007 | AK88: 854.70085 | AL88: Nanofiltration | AM88: 5691.8935 | AN88: 389.5688 | AO88: 12485.444 | AP88: 13512.264 | AQ88: 1026.82 | AR88: 0.0078812436 | AS88: 131.24303 | AT88: 113.5964 | AU88: 7.7748489 | AV88: 249.17919 | AW88: 269.67203 | AX88: 20.492838 | AY88: 1.46576 | AZ88: =VLOOKUP(BA88,Sheet1!$A$1:$B$58,2,FALSE) -> Ethyl Acetate | BA88: EthylAcetate | BB88: C4H8O2 | BC88: 88.10352 | BD88: 5 | BE88: 77.1 | BF88: Acetate | BG88: 0.98979375 | BH88: 0.3343662 | BI88: 0.4989394 | BJ88: 90 | BK88: 600.54506 | BL88: 45.636444 | BM88: 2.2743746 | BN88: 386.64368 | BO88: 213.90138
A89: 87 | B89: AceticAcid | C89: CH3COOH | D89: 2 | E89: 4 | F89: 2 | G89: 60.05076 | H89: 8 | I89: Categories-Category_2 | J89: 1.131 | K89: 500 | L89: 100 | N89: FormicAcid/CO | O89: 0 | P89: 0.25 | Q89: 0.0325 | R89: 77.5 | S89: 170 | T89: 100 | U89: 1812.1302 | V89: 20 | W89: 0.95 | X89: 1 | Y89: 71340.766 | Z89: 3.5670383e+08 | AA89: 4.0343203e+08 | AB89: 403432.03 | AC89: 0 | AD89: 3696.9747 | AE89: 1663638.6 | AF89: 1663638.6 | AG89: 99.902763 | AH89: 146.43347 | AI89: 146.43347 | AJ89: 13111.541 | AK89: 1835.3365 | AL89: Distillation | AM89: 11348.594 | AN89: 776.72889 | AO89: 24893.69 | AP89: 27072.2 | AQ89: 2178.5106 | AR89: 0.0078812436 | AS89: 131.24303 | AT89: 113.5964 | AU89: 7.7748489 | AV89: 249.17919 | AW89: 270.9855 | AX89: 21.80631 | AY89: 1.46576 | AZ89: =VLOOKUP(BA89,Sheet1!$A$1:$B$58,2,FALSE) -> Farnesene | BA89: Farnesene | BB89: C15H24 | BC89: 204.34866 | BD89: 5.6 | BE89: 260 (A)/272 (B) | BF89: Acetate | BG89: 2.7268132 | BH89: 0.072303371 | BI89: 0.25024333 | BJ89: 90 | BK89: 1203.2089 | BL89: 96.822692 | BM89: 3.781341 | BN89: 642.82797 | BO89: 560.38094
A90: 88 | B90: AceticAcid | C90: CH3COOH | D90: 2 | E90: 4 | F90: 2 | G90: 60.05076 | H90: 8 | I90: Categories-Category_2 | J90: 1.131 | K90: 500 | L90: 100 | N90: FormicAcid/CO | O90: 0 | P90: 0.25 | Q90: 0.0325 | R90: 77.5 | S90: 170 | T90: 100 | U90: 1812.1302 | V90: 20 | W90: 0.95 | X90: 1 | Y90: 37134.543 | Z90: 1.8567271e+08 | AA90: 2.0999584e+08 | AB90: 209995.84 | AC90: 0 | AD90: 1924.3621 | AE90: 865962.92 | AF90: 865962.92 | AG90: 52.001732 | AH90: 76.222057 | AI90: 76.222057 | AJ90: 6824.8648 | AK90: 1835.3365 | AL90: Distillation | AM90: 5907.2094 | AN90: 404.30561 | AO90: 12957.75 | AP90: 14971.716 | AQ90: 2013.9667 | AR90: 0.0078812436 | AS90: 131.24303 | AT90: 113.5964 | AU90: 7.7748489 | AV90: 249.17919 | AW90: 287.90803 | AX90: 38.728839 | AY90: 1.46576 | AZ90: =VLOOKUP(BA90,Sheet1!$A$1:$B$58,2,FALSE) -> Gamma Butyrolactone | BA90: GammaButyrolactone | BB90: C4H6O2 | BC90: 86.08784 | BD90: 4.5 | BE90: 204 | BF90: Acetate | BG90: 1.0560374 | BH90: 0.32972222 | BI90: 0.48075322 | BJ90: 90 | BK90: 665.40961 | BL90: 89.50963 | BM90: 2.3316096 | BN90: 396.37362 | BO90: 269.03599
A91: 89 | B91: AceticAcid | C91: CH3COOH | D91: 2 | E91: 4 | F91: 2 | G91: 60.05076 | H91: 8 | I91: Categories-Category_2 | J91: 1.131 | K91: 500 | L91: 100 | N91: FormicAcid/CO | O91: 0 | P91: 0.25 | Q91: 0.0325 | R91: 77.5 | S91: 170 | T91: 100 | U91: 1812.1302 | V91: 20 | W91: 0.95 | X91: 1 | Y91: 21345.354 | Z91: 1.0672677e+08 | AA91: 1.2070798e+08 | AB91: 120707.98 | AC91: 0 | AD91: 1106.145 | AE91: 497765.26 | AF91: 497765.26 | AG91: 29.891182 | AH91: 43.813298 | AI91: 43.813298 | AJ91: 3923.0093 | AK91: 854.70085 | AL91: Nanofiltration | AM91: 3395.5306 | AN91: 232.39943 | AO91: 7448.2607 | AP91: 8405.6402 | AQ91: 957.37947 | AR91: 0.0078812436 | AS91: 131.24303 | AT91: 113.5964 | AU91: 7.7748489 | AV91: 249.17919 | AW91: 281.20802 | AX91: 32.028826 | AY91: 1.46576 | AZ91: =VLOOKUP(BA91,Sheet1!$A$1:$B$58,2,FALSE) -> L-Glutamate | BA91: Glutamate_L | BB91: C5H8NO4 | BC91: 146.11892 | BD91: 3.4 | BE91: 333.8 | BF91: Acetate | BG91: 0.27648183 | BH91: 0.33795455 | BI91: 0.83636706 | BJ91: 90 | BK91: 373.58401 | BL91: 42.550199 | BM91: 1.6707759 | BN91: 284.0319 | BO91: 89.55211
A92: 90 | B92: AceticAcid | C92: CH3COOH | D92: 2 | E92: 4 | F92: 2 | G92: 60.05076 | H92: 8 | I92: Categories-Category_2 | J92: 1.131 | K92: 500 | L92: 100 | N92: FormicAcid/CO | O92: 0 | P92: 0.25 | Q92: 0.0325 | R92: 77.5 | S92: 170 | T92: 100 | U92: 1812.1302 | V92: 20 | W92: 0.95 | X92: 1 | Y92: 35883.82 | Z92: 1.794191e+08 | AA92: 2.02923e+08 | AB92: 202923 | AC92: 0 | AD92: 1859.5479 | AE92: 836796.57 | AF92: 836796.57 | AG92: 50.25027 | AH92: 73.654834 | AI92: 73.654834 | AJ92: 6594.9976 | AK92: 854.70085 | AL92: Nanofiltration | AM92: 5708.2496 | AN92: 390.68826 | AO92: 12521.322 | AP92: 13548.636 | AQ92: 1027.3146 | AR92: 0.0078812436 | AS92: 131.24303 | AT92: 113.5964 | AU92: 7.7748489 | AV92: 249.17919 | AW92: 269.62316 | AX92: 20.443961 | AY92: 1.46576 | AZ92: =VLOOKUP(BA92,Sheet1!$A$1:$B$58,2,FALSE) -> Glutarate | BA92: Glutarate | BB92: C5H6O4 | BC92: 130.09654 | BD92: 3.6 | BE92: 200 | BF92: Acetate | BG92: 1.3050475 | BH92: 0.22578947 | BI92: 0.49750977 | BJ92: 90 | BK92: 602.16162 | BL92: 45.658426 | BM92: 1.9685006 | BN92: 334.64511 | BO92: 267.51651
A93: 91 | B93: AceticAcid | C93: CH3COOH | D93: 2 | E93: 4 | F93: 2 | G93: 60.05076 | H93: 8 | I93: Categories-Category_2 | J93: 1.131 | K93: 500 | L93: 100 | N93: FormicAcid/CO | O93: 0 | P93: 0.25 | Q93: 0.0325 | R93: 77.5 | S93: 170 | T93: 100 | U93: 1812.1302 | V93: 20 | W93: 0.95 | X93: 1 | Y93: 14791.883 | Z93: 73959416 | AA93: 83648099 | AB93: 83648.099 | AC93: 0 | AD93: 766.53532 | AE93: 344940.89 | AF93: 344940.89 | AG93: 20.713963 | AH93: 30.361698 | AI93: 30.361698 | AJ93: 2718.5632 | AK93: 854.70085 | AL93: Nanofiltration | AM93: 2353.0316 | AN93: 161.04793 | AO93: 5161.4886 | AP93: 6087.3436 | AQ93: 925.85499 | AR93: 0.0078812436 | AS93: 131.24303 | AT93: 113.5964 | AU93: 7.7748489 | AV93: 249.17919 | AW93: 293.87634 | AX93: 44.697144 | AY93: 1.46576 | AZ93: =VLOOKUP(BA93,Sheet1!$A$1:$B$58,2,FALSE) -> Glycolate | BA93: Glycolate | BB93: C2H3O3 | BC93: 75.04192 | BD93: 2.5 | BE93: 112 | BF93: Acetate | BG93: 0.062253999 | BH93: 0.9496 | BI93: 1.2069154 | BJ93: 90 | BK93: 270.5486 | BL93: 41.14911 | BM93: 1.2871548 | BN93: 218.81631 | BO93: 51.73229
A94: 92 | B94: AceticAcid | C94: CH3COOH | D94: 2 | E94: 4 | F94: 2 | G94: 60.05076 | H94: 8 | I94: Categories-Category_2 | J94: 1.131 | K94: 500 | L94: 100 | N94: FormicAcid/CO | O94: 0 | P94: 0.25 | Q94: 0.0325 | R94: 77.5 | S94: 170 | T94: 100 | U94: 1812.1302 | V94: 20 | W94: 0.95 | X94: 1 | Y94: 70455.569 | Z94: 3.5227784e+08 | AA94: 3.9842624e+08 | AB94: 398426.24 | AC94: 0 | AD94: 3651.1025 | AE94: 1642996.1 | AF94: 1642996.1 | AG94: 98.663167 | AH94: 144.61652 | AI94: 144.61652 | AJ94: 12948.853 | AK94: 854.70085 | AL94: Nanofiltration | AM94: 11207.78 | AN94: 767.09122 | AO94: 24584.808 | AP94: 25778.425 | AQ94: 1193.6168 | AR94: 0.0078812436 | AS94: 131.24303 | AT94: 113.5964 | AU94: 7.7748489 | AV94: 249.17919 | AW94: 261.27709 | AX94: 12.097896 | AY94: 1.46576 | AZ94: =VLOOKUP(BA94,Sheet1!$A$1:$B$58,2,FALSE) -> Heptane | BA94: Heptane | BB94: C7H16 | BC94: 100.20034 | BD94: 6.2857143 | BE94: 98 | BF94: Acetate | BG94: 2.8088623 | BH94: 0.14930818 | BI94: 0.25338737 | BJ94: 90 | BK94: 1145.7078 | BL94: 53.049635 | BM94: 3.6185386 | BN94: 615.15156 | BO94: 530.55622
A95: 93 | B95: AceticAcid | C95: CH3COOH | D95: 2 | E95: 4 | F95: 2 | G95: 60.05076 | H95: 8 | I95: Categories-Category_2 | J95: 1.131 | K95: 500 | L95: 100 | N95: FormicAcid/CO | O95: 0 | P95: 0.25 | Q95: 0.0325 | R95: 77.5 | S95: 170 | T95: 100 | U95: 1812.1302 | V95: 20 | W95: 0.95 | X95: 1 | Y95: 73164.379 | Z95: 3.6582189e+08 | AA95: 4.1374456e+08 | AB95: 413744.56 | AC95: 0 | AD95: 3791.4767 | AE95: 1706164.5 | AF95: 1706164.5 | AG95: 102.45648 | AH95: 150.1766 | AI95: 150.1766 | AJ95: 13446.698 | AK95: 854.70085 | AL95: Nanofiltration | AM95: 11638.687 | AN95: 796.58362 | AO95: 25530.022 | AP95: 26736.669 | AQ95: 1206.6471 | AR95: 0.0078812436 | AS95: 131.24303 | AT95: 113.5964 | AU95: 7.7748489 | AV95: 249.17919 | AW95: 260.95636 | AX95: 11.777168 | AY95: 1.46576 | AZ95: =VLOOKUP(BA95,Sheet1!$A$1:$B$58,2,FALSE) -> Hexane | BA95: Hexane | BB95: C6H14 | BC95: 86.17396 | BD95: 6.3333333 | BE95: 69 | BF95: Acetate | BG95: 3.0453356 | BH95: 0.1671831 | BI95: 0.24400605 | BJ95: 90 | BK95: 1188.2964 | BL95: 53.62876 | BM95: 3.62918 | BN95: 616.9606 | BO95: 571.33581
A96: 94 | B96: AceticAcid | C96: CH3COOH | D96: 2 | E96: 4 | F96: 2 | G96: 60.05076 | H96: 8 | I96: Categories-Category_2 | J96: 1.131 | K96: 500 | L96: 100 | N96: FormicAcid/CO | O96: 0 | P96: 0.25 | Q96: 0.0325 | R96: 77.5 | S96: 170 | T96: 100 | U96: 1812.1302 | V96: 20 | W96: 0.95 | X96: 1 | Y96: 45167.306 | Z96: 2.2583653e+08 | AA96: 2.5542111e+08 | AB96: 255421.11 | AC96: 0 | AD96: 2340.6307 | AE96: 1053283.8 | AF96: 1053283.8 | AG96: 63.250493 | AH96: 92.71004 | AI96: 92.71004 | AJ96: 8301.1862 | AK96: 854.70085 | AL96: Nanofiltration | AM96: 7185.0281 | AN96: 491.76303 | AO96: 15760.707 | AP96: 16832.678 | AQ96: 1071.9714 | AR96: 0.0078812436 | AS96: 131.24303 | AT96: 113.5964 | AU96: 7.7748489 | AV96: 249.17919 | AW96: 266.12723 | AX96: 16.948032 | AY96: 1.46576 | AZ96: =VLOOKUP(BA96,Sheet1!$A$1:$B$58,2,FALSE) -> Isobutanol | BA96: Isobutanol | BB96: C5H10O | BC96: 86.1309 | BD96: 5.6 | BE96: 108 | BF96: Acetate | BG96: 1.7278368 | BH96: 0.27094737 | BI96: 0.39525384 | BJ96: 90 | BK96: 748.11903 | BL96: 47.643173 | BM96: 2.3926094 | BN96: 406.7436 | BO96: 341.37543
A97: 95 | B97: AceticAcid | C97: CH3COOH | D97: 2 | E97: 4 | F97: 2 | G97: 60.05076 | H97: 8 | I97: Categories-Category_2 | J97: 1.131 | K97: 500 | L97: 100 | N97: FormicAcid/CO | O97: 0 | P97: 0.25 | Q97: 0.0325 | R97: 77.5 | S97: 170 | T97: 100 | U97: 1812.1302 | V97: 20 | W97: 0.95 | X97: 1 | Y97: 37614.296 | Z97: 1.8807148e+08 | AA97: 2.1270884e+08 | AB97: 212708.84 | AC97: 0 | AD97: 1949.2235 | AE97: 877150.59 | AF97: 877150.59 | AG97: 52.673559 | AH97: 77.206795 | AI97: 77.206795 | AJ97: 6913.0375 | AK97: 854.70085 | AL97: Nanofiltration | AM97: 5983.5266 | AN97: 409.52897 | AO97: 13125.155 | AP97: 14160.794 | AQ97: 1035.6388 | AR97: 0.0078812436 | AS97: 131.24303 | AT97: 113.5964 | AU97: 7.7748489 | AV97: 249.17919 | AW97: 268.84065 | AX97: 19.661454 | AY97: 1.46576 | AZ97: =VLOOKUP(BA97,Sheet1!$A$1:$B$58,2,FALSE) -> Isobutyrate | BA97: Isobutyrate | BB97: C4H7O2 | BC97: 87.09568 | BD97: 4.75 | BE97: 155 | BF97: Acetate | BG97: 1.119762 | BH97: 0.32175 | BI97: 0.47462143 | BJ97: 90 | BK97: 629.36862 | BL97: 46.02839 | BM97: 2.3116511 | BN97: 392.98068 | BO97: 236.38793
A98: 96 | B98: AceticAcid | C98: CH3COOH | D98: 2 | E98: 4 | F98: 2 | G98: 60.05076 | H98: 8 | I98: Categories-Category_2 | J98: 1.131 | K98: 500 | L98: 100 | N98: FormicAcid/CO | O98: 0 | P98: 0.25 | Q98: 0.0325 | R98: 77.5 | S98: 170 | T98: 100 | U98: 1812.1302 | V98: 20 | W98: 0.95 | X98: 1 | Y98: 71541.162 | Z98: 3.5770581e+08 | AA98: 4.0456527e+08 | AB98: 404565.27 | AC98: 66773.504 | AD98: 3707.3594 | AE98: 1668311.7 | AF98: 1668311.7 | AG98: 100.18339 | AH98: 146.8448 | AI98: 146.8448 | AJ98: 13148.371 | AK98: 2170.1389 | AL98: PSA | AM98: 11380.472 | AN98: 778.91071 | AO98: 24963.616 | AP98: 27477.893 | AQ98: 2514.2769 | AR98: 0.0078812436 | AS98: 131.24303 | AT98: 113.5964 | AU98: 7.7748489 | AV98: 249.17919 | AW98: 274.27594 | AX98: 25.096744 | AY98: 1.46576 | AZ98: =VLOOKUP(BA98,Sheet1!$A$1:$B$58,2,FALSE) -> Isoprene | BA98: Isoprene | BB98: C5H8 | BC98: 68.11622 | BD98: 5.6 | BE98: 34.07 | BF98: Acetate | BG98: 2.7435473 | BH98: 0.21630252 | BI98: 0.24954237 | BJ98: 90 | BK98: 1221.2397 | BL98: 111.74564 | BM98: 3.7828883 | BN98: 643.09101 | BO98: 578.14868
A99: 97 | B99: AceticAcid | C99: CH3COOH | D99: 2 | E99: 4 | F99: 2 | G99: 60.05076 | H99: 8 | I99: Categories-Category_2 | J99: 1.131 | K99: 500 | L99: 100 | N99: FormicAcid/CO | O99: 0 | P99: 0.25 | Q99: 0.0325 | R99: 77.5 | S99: 170 | T99: 100 | U99: 1812.1302 | V99: 20 | W99: 0.95 | X99: 1 | Y99: 44975.261 | Z99: 2.248763e+08 | AA99: 2.543351e+08 | AB99: 254335.1 | AC99: 0 | AD99: 2330.6786 | AE99: 1048805.4 | AF99: 1048805.4 | AG99: 62.981561 | AH99: 92.31585 | AI99: 92.31585 | AJ99: 8265.8908 | AK99: 854.70085 | AL99: Nanofiltration | AM99: 7154.4784 | AN99: 489.67212 | AO99: 15693.695 | AP99: 16764.742 | AQ99: 1071.0476 | AR99: 0.0078812436 | AS99: 131.24303 | AT99: 113.5964 | AU99: 7.7748489 | AV99: 249.17919 | AW99: 266.18493 | AX99: 17.005733 | AY99: 1.46576 | AZ99: =VLOOKUP(BA99,Sheet1!$A$1:$B$58,2,FALSE) -> Isopropanol | BA99: Isopropanol | BB99: C3H8O | BC99: 60.09382 | BD99: 6 | BE99: 82.5 | BF99: Acetate | BG99: 1.5586013 | BH99: 0.39 | BI99: 0.39694158 | BJ99: 90 | BK99: 745.09965 | BL99: 47.602115 | BM99: 2.5443253 | BN99: 432.53531 | BO99: 312.56434
A100: 98 | B100: AceticAcid | C100: CH3COOH | D100: 2 | E100: 4 | F100: 2 | G100: 60.05076 | H100: 8 | I100: Categories-Category_2 | J100: 1.131 | K100: 500 | L100: 100 | N100: FormicAcid/CO | O100: 0 | P100: 0.25 | Q100: 0.0325 | R100: 77.5 | S100: 170 | T100: 100 | U100: 1812.1302 | V100: 20 | W100: 0.95 | X100: 1 | Y100: 24351.492 | Z100: 1.2175746e+08 | AA100: 1.3770769e+08 | AB100: 137707.69 | AC100: 0 | AD100: 1261.9272 | AE100: 567867.22 | AF100: 567867.22 | AG100: 34.100858 | AH100: 49.983673 | AI100: 49.983673 | AJ100: 4475.4999 | AK100: 854.70085 | AL100: Nanofiltration | AM100: 3873.7346 | AN100: 265.12902 | AO100: 8497.2244 | AP100: 9469.0644 | AQ100: 971.84005 | AR100: 0.0078812436 | AS100: 131.24303 | AT100: 113.5964 | AU100: 7.7748489 | AV100: 249.17919 | AW100: 277.67819 | AX100: 28.498991 | AY100: 1.46576 | AZ100: =VLOOKUP(BA100,Sheet1!$A$1:$B$58,2,FALSE) -> Itaconate | BA100: Itaconate | BB100: C5H4O4 | BC100: 128.08086 | BD100: 3.2 | BE100: 381 | BF100: Acetate | BG100: 0.3154197 | BH100: 0.33795455 | BI100: 0.73311938 | BJ100: 90 | BK100: 420.84731 | BL100: 43.192891 | BM100: 1.9060769 | BN100: 324.03307 | BO100: 96.81424
A101: 99 | B101: AceticAcid | C101: CH3COOH | D101: 2 | E101: 4 | F101: 2 | G101: 60.05076 | H101: 8 | I101: Categories-Category_2 | J101: 1.131 | K101: 500 | L101: 100 | N101: FormicAcid/CO | O101: 0 | P101: 0.25 | Q101: 0.0325 | R101: 77.5 | S101: 170 | T101: 100 | U101: 1812.1302 | V101: 20 | W101: 0.95 | X101: 1 | Y101: 71240.569 | Z101: 3.5620284e+08 | AA101: 4.0286542e+08 | AB101: 402865.42 | AC101: 0 | AD101: 3691.7823 | AE101: 1661302 | AF101: 1661302 | AG101: 99.76245 | AH101: 146.2278 | AI101: 146.2278 | AJ101: 13093.126 | AK101: 854.70085 | AL101: Nanofiltration | AM101: 11332.655 | AN101: 775.63797 | AO101: 24858.727 | AP101: 26056.12 | AQ101: 1197.3929 | AR101: 0.0078812436 | AS101: 131.24303 | AT101: 113.5964 | AU101: 7.7748489 | AV101: 249.17919 | AW101: 261.18164 | AX101: 12.002441 | AY101: 1.46576 | AZ101: =VLOOKUP(BA101,Sheet1!$A$1:$B$58,2,FALSE) -> Limonene | BA101: Limonene | BB101: C10H16 | BC101: 136.23244 | BD101: 5.6 | BE101: 176 | BF101: Acetate | BG101: 2.7184462 | BH101: 0.10860759 | BI101: 0.25059529 | BJ101: 90 | BK101: 1158.0498 | BL101: 53.217462 | BM101: 3.7805673 | BN101: 642.69645 | BO101: 515.35332
A102: 100 | B102: AceticAcid | C102: CH3COOH | D102: 2 | E102: 4 | F102: 2 | G102: 60.05076 | H102: 8 | I102: Categories-Category_2 | J102: 1.131 | K102: 500 | L102: 100 | N102: FormicAcid/CO | O102: 0 | P102: 0.25 | Q102: 0.0325 | R102: 77.5 | S102: 170 | T102: 100 | U102: 1812.1302 | V102: 20 | W102: 0.95 | X102: 1 | Y102: 36167.224 | Z102: 1.8083612e+08 | AA102: 2.0452565e+08 | AB102: 204525.65 | AC102: 0 | AD102: 1874.2343 | AE102: 843405.43 | AF102: 843405.43 | AG102: 50.647137 | AH102: 74.236546 | AI102: 74.236546 | AJ102: 6647.0836 | AK102: 854.70085 | AL102: Nanofiltration | AM102: 5753.3323 | AN102: 393.77384 | AO102: 12620.213 | AP102: 13648.891 | AQ102: 1028.6778 | AR102: 0.0078812436 | AS102: 131.24303 | AT102: 113.5964 | AU102: 7.7748489 | AV102: 249.17919 | AW102: 269.48988 | AX102: 20.310681 | AY102: 1.46576 | AZ102: =VLOOKUP(BA102,Sheet1!$A$1:$B$58,2,FALSE) -> L-Lysine | BA102: Lysine_L | BB102: C6H15N2O2 | BC102: 147.1932 | BD102: 4.8333333 | BF102: Acetate | BG102: 1.2261807 | BH102: 0.198 | BI102: 0.49361132 | BJ102: 90 | BK102: 606.61736 | BL102: 45.719015 | BM102: 2.0732214 | BN102: 352.44763 | BO102: 254.16973
A103: 101 | B103: AceticAcid | C103: CH3COOH | D103: 2 | E103: 4 | F103: 2 | G103: 60.05076 | H103: 8 | I103: Categories-Category_2 | J103: 1.131 | K103: 500 | L103: 100 | N103: FormicAcid/CO | O103: 0 | P103: 0.25 | Q103: 0.0325 | R103: 77.5 | S103: 170 | T103: 100 | U103: 1812.1302 | V103: 20 | W103: 0.95 | X103: 1 | Y103: 16809.546 | Z103: 84047730 | AA103: 95057983 | AB103: 95057.983 | AC103: 0 | AD103: 871.09333 | AE103: 391992 | AF103: 391992 | AG103: 23.539417 | AH103: 34.503136 | AI103: 34.503136 | AJ103: 3089.3844 | AK103: 854.70085 | AL103: Nanofiltration | AM103: 2673.993 | AN103: 183.01541 | AO103: 5865.5331 | AP103: 6801.0937 | AQ103: 935.56065 | AR103: 0.0078812436 | AS103: 131.24303 | AT103: 113.5964 | AU103: 7.7748489 | AV103: 249.17919 | AW103: 288.92362 | AX103: 39.744427 | AY103: 1.46576 | AZ103: =VLOOKUP(BA103,Sheet1!$A$1:$B$58,2,FALSE) -> L-Malate | BA103: Malate_L | BB103: C4H4O5 | BC103: 132.06916 | BD103: 2.5 | BF103: Acetate | BG103: 0.070745655 | BH103: 0.4748 | BI103: 1.0620484 | BJ103: 90 | BK103: 302.27083 | BL103: 41.580473 | BM103: 1.462727 | BN103: 248.6636 | BO103: 53.607235
A104: 102 | B104: AceticAcid | C104: CH3COOH | D104: 2 | E104: 4 | F104: 2 | G104: 60.05076 | H104: 8 | I104: Categories-Category_2 | J104: 1.131 | K104: 500 | L104: 100 | N104: FormicAcid/CO | O104: 0 | P104: 0.25 | Q104: 0.0325 | R104: 77.5 | S104: 170 | T104: 100 | U104: 1812.1302 | V104: 20 | W104: 0.95 | X104: 1 | Y104: 15639.555 | Z104: 78197777 | AA104: 88441686 | AB104: 88441.686 | AC104: 0 | AD104: 810.46285 | AE104: 364708.28 | AF104: 364708.28 | AG104: 21.901009 | AH104: 32.101623 | AI104: 32.101623 | AJ104: 2874.3548 | AK104: 854.70085 | AL104: Nanofiltration | AM104: 2487.8758 | AN104: 170.27704 | AO104: 5457.2759 | AP104: 6387.2085 | AQ104: 929.93259 | AR104: 0.0078812436 | AS104: 131.24303 | AT104: 113.5964 | AU104: 7.7748489 | AV104: 249.17919 | AW104: 291.63991 | AX104: 42.460718 | AY104: 1.46576 | AZ104: =VLOOKUP(BA104,Sheet1!$A$1:$B$58,2,FALSE) -> Malonate | BA104: Malonate | BB104: C3H2O4 | BC104: 102.04378 | BD104: 2 | BE104: 199 | BF104: Acetate | BG104: 0.012126989 | BH104: 0.66047619 | BI104: 1.1414999 | BJ104: 90 | BK104: 283.87593 | BL104: 41.330337 | BM104: 1.4146118 | BN104: 240.48401 | BO104: 43.391925
A105: 103 | B105: AceticAcid | C105: CH3COOH | D105: 2 | E105: 4 | F105: 2 | G105: 60.05076 | H105: 8 | I105: Categories-Category_2 | J105: 1.131 | K105: 500 | L105: 100 | N105: FormicAcid/CO | O105: 0 | P105: 0.25 | Q105: 0.0325 | R105: 77.5 | S105: 170 | T105: 100 | U105: 1812.1302 | V105: 20 | W105: 0.95 | X105: 1 | Y105: 69931.186 | Z105: 3.4965593e+08 | AA105: 3.9546086e+08 | AB105: 395460.86 | AC105: 0 | AD105: 3623.9283 | AE105: 1630767.7 | AF105: 1630767.7 | AG105: 97.928842 | AH105: 143.54018 | AI105: 143.54018 | AJ105: 12852.478 | AK105: 854.70085 | AL105: Nanofiltration | AM105: 11124.364 | AN105: 761.38195 | AO105: 24401.83 | AP105: 25592.924 | AQ105: 1191.0943 | AR105: 0.0078812436 | AS105: 131.24303 | AT105: 113.5964 | AU105: 7.7748489 | AV105: 249.17919 | AW105: 261.34205 | AX105: 12.162855 | AY105: 1.46576 | AZ105: =VLOOKUP(BA105,Sheet1!$A$1:$B$58,2,FALSE) -> Nonane | BA105: Nonane | BB105: C9H20 | BC105: 128.2531 | BD105: 6.2222222 | BE105: 151 | BF105: Acetate | BG105: 2.7512677 | BH105: 0.11752475 | BI105: 0.25528741 | BJ105: 90 | BK105: 1137.4633 | BL105: 52.937525 | BM105: 3.6282957 | BN105: 616.81027 | BO105: 520.65303
A106: 104 | B106: AceticAcid | C106: CH3COOH | D106: 2 | E106: 4 | F106: 2 | G106: 60.05076 | H106: 8 | I106: Categories-Category_2 | J106: 1.131 | K106: 500 | L106: 100 | N106: FormicAcid/CO | O106: 0 | P106: 0.25 | Q106: 0.0325 | R106: 77.5 | S106: 170 | T106: 100 | U106: 1812.1302 | V106: 20 | W106: 0.95 | X106: 1 | Y106: 71910.352 | Z106: 3.5955176e+08 | AA106: 4.0665304e+08 | AB106: 406653.04 | AC106: 0 | AD106: 3726.4914 | AE106: 1676921.1 | AF106: 1676921.1 | AG106: 100.70039 | AH106: 147.6026 | AI106: 147.6026 | AJ106: 13216.224 | AK106: 854.70085 | AL106: Nanofiltration | AM106: 11439.201 | AN106: 782.9303 | AO106: 25092.442 | AP106: 26293.056 | AQ106: 1200.6148 | AR106: 0.0078812436 | AS106: 131.24303 | AT106: 113.5964 | AU106: 7.7748489 | AV106: 249.17919 | AW106: 261.10184 | AX106: 11.922643 | AY106: 1.46576 | AZ106: =VLOOKUP(BA106,Sheet1!$A$1:$B$58,2,FALSE) -> Octane | BA106: Octane | BB106: C8H18 | BC106: 114.22672 | BD106: 6.25 | BE106: 126 | BF106: Acetate | BG106: 2.9225936 | BH106: 0.12832432 | BI106: 0.24826121 | BJ106: 90 | BK106: 1168.5803 | BL106: 53.360658 | BM106: 3.6375218 | BN106: 618.37871 | BO106: 550.20157
A107: 105 | B107: AceticAcid | C107: CH3COOH | D107: 2 | E107: 4 | F107: 2 | G107: 60.05076 | H107: 8 | I107: Categories-Category_2 | J107: 1.131 | K107: 500 | L107: 100 | N107: FormicAcid/CO | O107: 0 | P107: 0.25 | Q107: 0.0325 | R107: 77.5 | S107: 170 | T107: 100 | U107: 1812.1302 | V107: 20 | W107: 0.95 | X107: 1 | Y107: 72003.149 | Z107: 3.6001574e+08 | AA107: 4.0717781e+08 | AB107: 407177.81 | AC107: 66773.504 | AD107: 3731.3002 | AE107: 1679085.1 | AF107: 1679085.1 | AG107: 100.83034 | AH107: 147.79307 | AI107: 147.79307 | AJ107: 13233.279 | AK107: 2170.1389 | AL107: PSA | AM107: 11453.963 | AN107: 783.94063 | AO107: 25124.822 | AP107: 27641.321 | AQ107: 2516.4992 | AR107: 0.0078812436 | AS107: 131.24303 | AT107: 113.5964 | AU107: 7.7748489 | AV107: 249.17919 | AW107: 274.13695 | AX107: 24.957759 | AY107: 1.46576 | AZ107: =VLOOKUP(BA107,Sheet1!$A$1:$B$58,2,FALSE) -> Pentane | BA107: Pentane | BB107: C5H12 | BC107: 72.14758 | BD107: 6.4 | BE107: 36.1 | BF107: Acetate | BG107: 2.9626353 | BH107: 0.20290598 | BI107: 0.24794125 | BJ107: 90 | BK107: 1228.5032 | BL107: 111.84441 | BM107: 3.6059456 | BN107: 613.01075 | BO107: 615.49241
A108: 106 | B108: AceticAcid | C108: CH3COOH | D108: 2 | E108: 4 | F108: 2 | G108: 60.05076 | H108: 8 | I108: Categories-Category_2 | J108: 1.131 | K108: 500 | L108: 100 | N108: FormicAcid/CO | O108: 0 | P108: 0.25 | Q108: 0.0325 | R108: 77.5 | S108: 170 | T108: 100 | U108: 1812.1302 | V108: 20 | W108: 0.95 | X108: 1 | Y108: 57926.831 | Z108: 2.8963415e+08 | AA108: 3.2757623e+08 | AB108: 327576.23 | AC108: 0 | AD108: 3001.8464 | AE108: 1350830.9 | AF108: 1350830.9 | AG108: 81.118422 | AH108: 118.90014 | AI108: 118.90014 | AJ108: 10646.227 | AK108: 854.70085 | AL108: Nanofiltration | AM108: 9214.7605 | AN108: 630.68348 | AO108: 20213.023 | AP108: 21346.372 | AQ108: 1133.3492 | AR108: 0.0078812436 | AS108: 131.24303 | AT108: 113.5964 | AU108: 7.7748489 | AV108: 249.17919 | AW108: 263.15073 | AX108: 13.971539 | AY108: 1.46576 | AZ108: =VLOOKUP(BA108,Sheet1!$A$1:$B$58,2,FALSE) -> Pentanol (PW1) | BA108: Pentanol-PW1 | BB108: C5H12O | BC108: 88.14658 | BD108: 6 | BE108: 138 | BF108: Acetate | BG108: 2.3407787 | BH108: 0.20643478 | BI108: 0.3081914 | BJ108: 90 | BK108: 948.72766 | BL108: 50.371074 | BM108: 2.9436718 | BN108: 500.42421 | BO108: 448.30345
A109: 107 | B109: AceticAcid | C109: CH3COOH | D109: 2 | E109: 4 | F109: 2 | G109: 60.05076 | H109: 8 | I109: Categories-Category_2 | J109: 1.131 | K109: 500 | L109: 100 | N109: FormicAcid/CO | O109: 0 | P109: 0.25 | Q109: 0.0325 | R109: 77.5 | S109: 170 | T109: 100 | U109: 1812.1302 | V109: 20 | W109: 0.95 | X109: 1 | Y109: 61788.228 | Z109: 3.0894114e+08 | AA109: 3.4941243e+08 | AB109: 349412.43 | AC109: 0 | AD109: 3201.9493 | AE109: 1440877.2 | AF109: 1440877.2 | AG109: 86.525769 | AH109: 126.82601 | AI109: 126.82601 | AJ109: 11355.904 | AK109: 854.70085 | AL109: Nanofiltration | AM109: 9829.0156 | AN109: 672.72478 | AO109: 21560.421 | AP109: 22712.345 | AQ109: 1151.9238 | AR109: 0.0078812436 | AS109: 131.24303 | AT109: 113.5964 | AU109: 7.7748489 | AV109: 249.17919 | AW109: 262.49227 | AX109: 13.313073 | AY109: 1.46576 | AZ109: =VLOOKUP(BA109,Sheet1!$A$1:$B$58,2,FALSE) -> Pentanol (PW2) | BA109: Pentanol-PW2 | BB109: C5H12O | BC109: 88.14658 | BD109: 6 | BE109: 138 | BF109: Acetate | BG109: 2.6632252 | BH109: 0.19353383 | BI109: 0.28893127 | BJ109: 90 | BK109: 1009.4376 | BL109: 51.196615 | BM109: 2.9734863 | BN109: 505.49266 | BO109: 503.9449
A110: 108 | B110: AceticAcid | C110: CH3COOH | D110: 2 | E110: 4 | F110: 2 | G110: 60.05076 | H110: 8 | I110: Categories-Category_2 | J110: 1.131 | K110: 500 | L110: 100 | N110: FormicAcid/CO | O110: 0 | P110: 0.25 | Q110: 0.0325 | R110: 77.5 | S110: 170 | T110: 100 | U110: 1812.1302 | V110: 20 | W110: 0.95 | X110: 1 | Y110: 64689.872 | Z110: 3.2344936e+08 | AA110: 3.6582122e+08 | AB110: 365821.22 | AC110: 0 | AD110: 3352.3163 | AE110: 1508542.4 | AF110: 1508542.4 | AG110: 90.589115 | AH110: 132.7819 | AI110: 132.7819 | AJ110: 11889.19 | AK110: 854.70085 | AL110: Nanofiltration | AM110: 10290.597 | AN110: 704.31668 | AO110: 22572.923 | AP110: 23738.804 | AQ110: 1165.8818 | AR110: 0.0078812436 | AS110: 131.24303 | AT110: 113.5964 | AU110: 7.7748489 | AV110: 249.17919 | AW110: 262.04919 | AX110: 12.869998 | AY110: 1.46576 | AZ110: =VLOOKUP(BA110,Sheet1!$A$1:$B$58,2,FALSE) -> Phenol | BA110: Phenol | BB110: C6H6O | BC110: 94.11024 | BD110: 4.6666667 | BE110: 181.7 | BF110: Acetate | BG110: 2.596079 | BH110: 0.17313901 | BI110: 0.27597135 | BJ110: 90 | BK110: 1055.058 | BL110: 51.816967 | BM110: 3.3053386 | BN110: 561.90757 | BO110: 493.15041
A111: 109 | B111: AceticAcid | C111: CH3COOH | D111: 2 | E111: 4 | F111: 2 | G111: 60.05076 | H111: 8 | I111: Categories-Category_2 | J111: 1.131 | K111: 500 | L111: 100 | N111: FormicAcid/CO | O111: 0 | P111: 0.25 | Q111: 0.0325 | R111: 77.5 | S111: 170 | T111: 100 | U111: 1812.1302 | V111: 20 | W111: 0.95 | X111: 1 | Y111: 74512.913 | Z111: 3.7256456e+08 | AA111: 4.2137052e+08 | AB111: 421370.52 | AC111: 66773.504 | AD111: 3861.3596 | AE111: 1737611.8 | AF111: 1737611.8 | AG111: 104.34491 | AH111: 152.94459 | AI111: 152.94459 | AJ111: 13694.542 | AK111: 2170.1389 | AL111: PSA | AM111: 11853.206 | AN111: 811.26591 | AO111: 26000.581 | AP111: 28529.153 | AQ111: 2528.5721 | AR111: 0.0078812436 | AS111: 131.24303 | AT111: 113.5964 | AU111: 7.7748489 | AV111: 249.17919 | AW111: 273.41202 | AX111: 24.232826 | AY111: 1.46576 | AZ111: =VLOOKUP(BA111,Sheet1!$A$1:$B$58,2,FALSE) -> Propane (PW1) | BA111: Propane-PW1 | BB111: C3H8 | BC111: 44.09482 | BD111: 6.6666667 | BE111: -42 | BF111: Acetate | BG111: 3.2279826 | BH111: 0.32081081 | BI111: 0.23959003 | BJ111: 90 | BK111: 1267.9623 | BL111: 112.38098 | BM111: 3.5695548 | BN111: 606.82431 | BO111: 661.13803
A112: 110 | B112: AceticAcid | C112: CH3COOH | D112: 2 | E112: 4 | F112: 2 | G112: 60.05076 | H112: 8 | I112: Categories-Category_2 | J112: 1.131 | K112: 500 | L112: 100 | N112: FormicAcid/CO | O112: 0 | P112: 0.25 | Q112: 0.0325 | R112: 77.5 | S112: 170 | T112: 100 | U112: 1812.1302 | V112: 20 | W112: 0.95 | X112: 1 | Y112: 94726.647 | Z112: 4.7363323e+08 | AA112: 5.3567919e+08 | AB112: 535679.19 | AC112: 66773.504 | AD112: 4908.8625 | AE112: 2208988.1 | AF112: 2208988.1 | AG112: 132.65142 | AH112: 194.43514 | AI112: 194.43514 | AJ112: 17409.574 | AK112: 2170.1389 | AL112: PSA | AM112: 15068.723 | AN112: 1031.3447 | AO112: 33053.973 | AP112: 35679.78 | AQ112: 2625.8072 | AR112: 0.0078812436 | AS112: 131.24303 | AT112: 113.5964 | AU112: 7.7748489 | AV112: 249.17919 | AW112: 268.97399 | AX112: 19.794792 | AY112: 1.46576 | AZ112: =VLOOKUP(BA112,Sheet1!$A$1:$B$58,2,FALSE) -> Propane (PW2) | BA112: Propane-PW2 | BB112: C3H8 | BC112: 44.09482 | BD112: 6.6666667 | BE112: -42 | BF112: Acetate | BG112: 4.9159335 | BH112: 0.25235294 | BI112: 0.18846388 | BJ112: 90 | BK112: 1585.768 | BL112: 116.70254 | BM112: 3.7256281 | BN112: 633.35677 | BO112: 952.41124
A113: 111 | B113: AceticAcid | C113: CH3COOH | D113: 2 | E113: 4 | F113: 2 | G113: 60.05076 | H113: 8 | I113: Categories-Category_2 | J113: 1.131 | K113: 500 | L113: 100 | N113: FormicAcid/CO | O113: 0 | P113: 0.25 | Q113: 0.0325 | R113: 77.5 | S113: 170 | T113: 100 | U113: 1812.1302 | V113: 20 | W113: 0.95 | X113: 1 | Y113: 32087.372 | Z113: 1.6043686e+08 | AA113: 1.8145409e+08 | AB113: 181454.09 | AC113: 0 | AD113: 1662.8109 | AE113: 748264.9 | AF113: 748264.9 | AG113: 44.933876 | AH113: 65.862276 | AI113: 65.862276 | AJ113: 5897.258 | AK113: 854.70085 | AL113: Nanofiltration | AM113: 5104.3264 | AN113: 349.3541 | AO113: 11196.587 | AP113: 12205.639 | AQ113: 1009.0523 | AR113: 0.0078812436 | AS113: 131.24303 | AT113: 113.5964 | AU113: 7.7748489 | AV113: 249.17919 | AW113: 271.63558 | AX113: 22.456383 | AY113: 1.46576 | AZ113: =VLOOKUP(BA113,Sheet1!$A$1:$B$58,2,FALSE) -> Shikimate | BA113: Shikimate | BB113: C7H9O5 | BC113: 173.14046 | BD113: 3.8571429 | BE113: 400.5 | BF113: Acetate | BG113: 0.900154 | BH113: 0.18972973 | BI113: 0.5563731 | BJ113: 90 | BK113: 542.47286 | BL113: 44.846771 | BM113: 2.0270583 | BN113: 344.59991 | BO113: 197.87295
A114: 112 | B114: AceticAcid | C114: CH3COOH | D114: 2 | E114: 4 | F114: 2 | G114: 60.05076 | H114: 8 | I114: Categories-Category_2 | J114: 1.131 | K114: 500 | L114: 100 | N114: FormicAcid/CO | O114: 0 | P114: 0.25 | Q114: 0.0325 | R114: 77.5 | S114: 170 | T114: 100 | U114: 1812.1302 | V114: 20 | W114: 0.95 | X114: 1 | Y114: 76935.033 | Z114: 3.8467517e+08 | AA114: 4.3506761e+08 | AB114: 435067.61 | AC114: 0 | AD114: 3986.8771 | AE114: 1794094.7 | AF114: 1794094.7 | AG114: 107.73675 | AH114: 157.91622 | AI114: 157.91622 | AJ114: 14139.697 | AK114: 854.70085 | AL114: Nanofiltration | AM114: 12238.507 | AN114: 837.63696 | AO114: 26845.757 | AP114: 28070.542 | AQ114: 1224.7853 | AR114: 0.0078812436 | AS114: 131.24303 | AT114: 113.5964 | AU114: 7.7748489 | AV114: 249.17919 | AW114: 260.54751 | AX114: 11.368315 | AY114: 1.46576 | AZ114: =VLOOKUP(BA114,Sheet1!$A$1:$B$58,2,FALSE) -> Styrene | BA114: Styrene | BB114: C8H8 | BC114: 104.14832 | BD114: 5 | BE114: 145 | BF114: Acetate | BG114: 3.043908 | BH114: 0.13155026 | BI114: 0.2320471 | BJ114: 90 | BK114: 1247.5796 | BL114: 54.434901 | BM114: 3.9745905 | BN114: 675.68038 | BO114: 571.89926
A115: 113 | B115: AceticAcid | C115: CH3COOH | D115: 2 | E115: 4 | F115: 2 | G115: 60.05076 | H115: 8 | I115: Categories-Category_2 | J115: 1.131 | K115: 500 | L115: 100 | N115: FormicAcid/CO | O115: 0 | P115: 0.25 | Q115: 0.0325 | R115: 77.5 | S115: 170 | T115: 100 | U115: 1812.1302 | V115: 20 | W115: 0.95 | X115: 1 | Y115: 20656.682 | Z115: 1.0328341e+08 | AA115: 1.1681354e+08 | AB115: 116813.54 | AC115: 0 | AD115: 1070.4571 | AE115: 481705.71 | AF115: 481705.71 | AG115: 28.926794 | AH115: 42.399736 | AI115: 42.399736 | AJ115: 3796.44 | AK115: 854.70085 | AL115: Nanofiltration | AM115: 3285.9796 | AN115: 224.90145 | AO115: 7207.9552 | AP115: 8162.0219 | AQ115: 954.06672 | AR115: 0.0078812436 | AS115: 131.24303 | AT115: 113.5964 | AU115: 7.7748489 | AV115: 249.17919 | AW115: 282.16131 | AX115: 32.982111 | AY115: 1.46576 | AZ115: =VLOOKUP(BA115,Sheet1!$A$1:$B$58,2,FALSE) -> Succinate | BA115: Succinate | BB115: C4H4O4 | BC115: 116.07016 | BD115: 3 | BE115: 235 | BF115: Acetate | BG115: 0.20827045 | BH115: 0.43962963 | BI115: 0.86425064 | BJ115: 90 | BK115: 362.75653 | BL115: 42.402965 | BM115: 1.6761623 | BN115: 284.94759 | BO115: 77.808942
... A136: 134 | B136: CarbonMonoxide | C136: CO | D136: 1 | E136: 0 | F136: 1 | G136: 28.0097 | H136: 2 | I136: Categories-Category_2 | J136: 1.333 | K136: 500 | L136: 100 | N136: FormicAcid | O136: 0 | P136: 0.5 | Q136: 0.0325 | R136: 77.5 | S136: 170 | T136: 100 | U136: 1812.1302 | V136: 20 | W136: 0.95 | X136: 1 | Y136: 77914.176 | Z136: 3.8957088e+08 | AA136: 5.1929798e+08 | AB136: 519297.98 | AC136: 0 | AD136: 4037.6176 | AE136: 7267711.7 | AF136: 7267711.7 | AG136: 203.56643 | AH136: 319.85199 | AI136: 319.85199 | AJ136: 16877.185 | AK136: 854.70085 | AL136: Nanofiltration | AM136: 24788.529 | AN136: 848.29746 | AO136: 54374.839 | AP136: 43368.712 | AQ136: -11006.127 | AR136: 0.0023222144 | AS136: 82.907505 | AT136: 121.77121 | AU136: 4.1671777 | AV136: 267.11104 | AW136: 213.04452 | AX136: -54.066512 | AY136: 1.5712414 | AZ136: =VLOOKUP(BA136,Sheet1!$A$1:$B$58,2,FALSE) -> Catechol | BA136: Catechol | BB136: C6H6O2 | BC136: 110.10924 | BD136: 4.3333333 | BE136: 245 | BF136: CO_1:H2_0 | BG136: 6.5968183 | BH136: 0.031240876 | BI136: 0.12281004 | BJ136: 90 | BK136: 1927.4983 | BL136: -489.16118 | BM136: 7.6188258 | BN136: 1295.2004 | BO136: 632.29794
A137: 135 | B137: CarbonMonoxide | C137: CO | D137: 1 | E137: 0 | F137: 1 | G137: 28.0097 | H137: 2 | I137: Categories-Category_2 | J137: 1.333 | K137: 500 | L137: 100 | N137: FormicAcid | O137: 0 | P137: 0.5 | Q137: 0.0325 | R137: 77.5 | S137: 170 | T137: 100 | U137: 1812.1302 | V137: 20 | W137: 0.95 | X137: 1 | Y137: 22849.964 | Z137: 1.1424982e+08 | AA137: 1.5229501e+08 | AB137: 152295.01 | AC137: 0 | AD137: 1184.1159 | AE137: 2131408.6 | AF137: 2131408.6 | AG137: 59.700116 | AH137: 93.803294 | AI137: 93.803294 | AJ137: 4949.5877 | AK137: 854.70085 | AL137: Nanofiltration | AM137: 7269.7553 | AN137: 248.78099 | AO137: 15946.56 | AP137: 13322.825 | AQ137: -2623.7351 | AR137: 0.0023222144 | AS137: 82.907505 | AT137: 121.77121 | AU137: 4.1671777 | AV137: 267.11104 | AW137: 223.16246 | AX137: -43.948576 | AY137: 1.5712414 | AZ137: =VLOOKUP(BA137,Sheet1!$A$1:$B$58,2,FALSE) -> Citrate | BA137: Citrate | BB137: C6H5O7 | BC137: 189.0964 | BD137: 2.5 | BF137: CO_1:H2_0 | BG137: 1.5269381 | BH137: 0.062028986 | BI137: 0.41875965 | BJ137: 90 | BK137: 592.12555 | BL137: -116.61045 | BM137: 2.6420972 | BN137: 449.15652 | BO137: 142.96903
A138: 136 | B138: CarbonMonoxide | C138: CO | D138: 1 | E138: 0 | F138: 1 | G138: 28.0097 | H138: 2 | I138: Categories-Category_2 | J138: 1.333 | K138: 500 | L138: 100 | N138: FormicAcid | O138: 0 | P138: 0.5 | Q138: 0.0325 | R138: 77.5 | S138: 170 | T138: 100 | U138: 1812.1302 | V138: 20 | W138: 0.95 | X138: 1 | Y138: 82523.171 | Z138: 4.1261586e+08 | AA138: 5.5001694e+08 | AB138: 550016.94 | AC138: 0 | AD138: 4276.462 | AE138: 7697631.5 | AF138: 7697631.5 | AG138: 215.60835 | AH138: 338.77276 | AI138: 338.77276 | AJ138: 17875.55 | AK138: 854.70085 | AL138: Nanofiltration | AM138: 26254.889 | AN138: 898.4783 | AO138: 57591.37 | AP138: 45883.619 | AQ138: -11707.751 | AR138: 0.0023222144 | AS138: 82.907505 | AT138: 121.77121 | AU138: 4.1671777 | AV138: 267.11104 | AW138: 212.81003 | AX138: -54.30101 | AY138: 1.5712414 | AZ138: =VLOOKUP(BA138,Sheet1!$A$1:$B$58,2,FALSE) -> Coumaric Acid | BA138: CoumaricAcid | BB138: C9H7O3 | BC138: 163.14818 | BD138: 4.1111111 | BE138: 346 | BF138: CO_1:H2_0 | BG138: 6.9102601 | BH138: 0.019906977 | BI138: 0.11595098 | BJ138: 90 | BK138: 2039.2719 | BL138: -520.34449 | BM138: 8.1463072 | BN138: 1384.8722 | BO138: 654.39972
A139: 137 | B139: CarbonMonoxide | C139: CO | D139: 1 | E139: 0 | F139: 1 | G139: 28.0097 | H139: 2 | I139: Categories-Category_2 | J139: 1.333 | K139: 500 | L139: 100 | N139: FormicAcid | O139: 0 | P139: 0.5 | Q139: 0.0325 | R139: 77.5 | S139: 170 | T139: 100 | U139: 1812.1302 | V139: 20 | W139: 0.95 | X139: 1 | Y139: 30420.769 | Z139: 1.5210385e+08 | AA139: 2.0275443e+08 | AB139: 202754.43 | AC139: 0 | AD139: 1576.4453 | AE139: 2837601.5 | AF139: 2837601.5 | AG139: 79.480366 | AH139: 124.88284 | AI139: 124.88284 | AJ139: 6589.5189 | AK139: 854.70085 | AL139: Nanofiltration | AM139: 9678.4201 | AN139: 331.20881 | AO139: 21230.083 | AP139: 17453.849 | AQ139: -3776.2342 | AR139: 0.0023222144 | AS139: 82.907505 | AT139: 121.77121 | AU139: 4.1671777 | AV139: 267.11104 | AW139: 219.5995 | AX139: -47.511536 | AY139: 1.5712414 | AZ139: =VLOOKUP(BA139,Sheet1!$A$1:$B$58,2,FALSE) -> Ethyl Acetate | BA139: EthylAcetate | BB139: C4H8O2 | BC139: 88.10352 | BD139: 5 | BE139: 77.1 | BF139: CO_1:H2_0 | BG139: 2.9971561 | BH139: 0.1 | BI139: 0.31454309 | BJ139: 90 | BK139: 775.72661 | BL139: -167.83263 | BM139: 2.5531924 | BN139: 434.04271 | BO139: 341.6839
A140: 138 | B140: CarbonMonoxide | C140: CO | D140: 1 | E140: 0 | F140: 1 | G140: 28.0097 | H140: 2 | I140: Categories-Category_2 | J140: 1.333 | K140: 500 | L140: 100 | N140: FormicAcid | O140: 0 | P140: 0.5 | Q140: 0.0325 | R140: 77.5 | S140: 170 | T140: 100 | U140: 1812.1302 | V140: 20 | W140: 0.95 | X140: 1 | Y140: 88868.098 | Z140: 4.4434049e+08 | AA140: 5.9230587e+08 | AB140: 592305.87 | AC140: 0 | AD140: 4605.2646 | AE140: 8289476.3 | AF140: 8289476.3 | AG140: 232.18574 | AH140: 364.81985 | AI140: 364.81985 | AJ140: 19249.941 | AK140: 1835.3365 | AL140: Distillation | AM140: 28273.539 | AN140: 967.55925 | AO140: 62019.375 | AP140: 50326.375 | AQ140: -11693 | AR140: 0.0023222144 | AS140: 82.907505 | AT140: 121.77121 | AU140: 4.1671777 | AV140: 267.11104 | AW140: 216.7505 | AX140: -50.360541 | AY140: 1.5712414 | AZ140: =VLOOKUP(BA140,Sheet1!$A$1:$B$58,2,FALSE) -> Farnesene | BA140: Farnesene | BB140: C15H24 | BC140: 204.34866 | BD140: 5.6 | BE140: 260 (A)/272 (B) | BF140: CO_1:H2_0 | BG140: 8.5885221 | BH140: 0.014758621 | BI140: 0.10767242 | BJ140: 90 | BK140: 2236.7278 | BL140: -519.68888 | BM140: 7.6256935 | BN140: 1296.3679 | BO140: 940.35989
A141: 139 | B141: CarbonMonoxide | C141: CO | D141: 1 | E141: 0 | F141: 1 | G141: 28.0097 | H141: 2 | I141: Categories-Category_2 | J141: 1.333 | K141: 500 | L141: 100 | N141: FormicAcid | O141: 0 | P141: 0.5 | Q141: 0.0325 | R141: 77.5 | S141: 170 | T141: 100 | U141: 1812.1302 | V141: 20 | W141: 0.95 | X141: 1 | Y141: 61829.651 | Z141: 3.0914826e+08 | AA141: 4.1209462e+08 | AB141: 412094.62 | AC141: 0 | AD141: 3204.0959 | AE141: 5767372.5 | AF141: 5767372.5 | AG141: 161.54237 | AH141: 253.82207 | AI141: 253.82207 | AJ141: 13393.075 | AK141: 1835.3365 | AL141: Distillation | AM141: 19671.21 | AN141: 673.17578 | AO141: 43149.751 | AP141: 35572.798 | AQ141: -7576.9535 | AR141: 0.0023222144 | AS141: 82.907505 | AT141: 121.77121 | AU141: 4.1671777 | AV141: 267.11104 | AW141: 220.20722 | AX141: -46.903814 | AY141: 1.5712414 | AZ141: =VLOOKUP(BA141,Sheet1!$A$1:$B$58,2,FALSE) -> Gamma Butyrolactone | BA141: GammaButyrolactone | BB141: C4H6O2 | BC141: 86.08784 | BD141: 4.5 | BE141: 204 | BF141: CO_1:H2_0 | BG141: 5.331998 | BH141: 0.050352941 | BI141: 0.15475816 | BJ141: 90 | BK141: 1581.0132 | BL141: -336.75349 | BM141: 5.9489827 | BN141: 1011.3271 | BO141: 569.68617
A142: 140 | B142: CarbonMonoxide | C142: CO | D142: 1 | E142: 0 | F142: 1 | G142: 28.0097 | H142: 2 | I142: Categories-Category_2 | J142: 1.333 | K142: 500 | L142: 100 | N142: FormicAcid | O142: 0 | P142: 0.5 | Q142: 0.0325 | R142: 77.5 | S142: 170 | T142: 100 | U142: 1812.1302 | V142: 20 | W142: 0.95 | X142: 1 | Y142: 26142.256 | Z142: 1.3071128e+08 | AA142: 1.7423814e+08 | AB142: 174238.14 | AC142: 0 | AD142: 1354.7269 | AE142: 2438508.5 | AF142: 2438508.5 | AG142: 68.301891 | AH142: 107.31876 | AI142: 107.31876 | AJ142: 5662.7394 | AK142: 854.70085 | AL142: Nanofiltration | AM142: 8317.2038 | AN142: 284.62612 | AO142: 18244.189 | AP142: 15119.27 | AQ142: -3124.9188 | AR142: 0.0023222144 | AS142: 82.907505 | AT142: 121.77121 | AU142: 4.1671777 | AV142: 267.11104 | AW142: 221.35947 | AX142: -45.75157 | AY142: 1.5712414 | AZ142: =VLOOKUP(BA142,Sheet1!$A$1:$B$58,2,FALSE) -> L-Glutamate | BA142: Glutamate_L | BB142: C5H8NO4 | BC142: 146.11892 | BD142: 3.4 | BE142: 333.8 | BF142: CO_1:H2_0 | BG142: 1.9957557 | BH142: 0.070163934 | BI142: 0.36602208 | BJ142: 90 | BK142: 671.96756 | BL142: -138.88528 | BM142: 2.7739669 | BN142: 471.57438 | BO142: 200.39318
A143: 141 | B143: CarbonMonoxide | C143: CO | D143: 1 | E143: 0 | F143: 1 | G143: 28.0097 | H143: 2 | I143: Categories-Category_2 | J143: 1.333 | K143: 500 | L143: 100 | N143: FormicAcid | O143: 0 | P143: 0.5 | Q143: 0.0325 | R143: 77.5 | S143: 170 | T143: 100 | U143: 1812.1302 | V143: 20 | W143: 0.95 | X143: 1 | Y143: 48399.819 | Z143: 2.419991e+08 | AA143: 3.2258479e+08 | AB143: 322584.79 | AC143: 0 | AD143: 2508.1439 | AE143: 4514658.9 | AF143: 4514658.9 | AG143: 126.45424 | AH143: 198.69014 | AI143: 198.69014 | AJ143: 10484.006 | AK143: 854.70085 | AL143: Nanofiltration | AM143: 15398.486 | AN143: 526.9573 | AO143: 33777.324 | AP143: 27264.15 | AQ143: -6513.174 | AR143: 0.0023222144 | AS143: 82.907505 | AT143: 121.77121 | AU143: 4.1671777 | AV143: 267.11104 | AW143: 215.60486 | AX143: -51.506172 | AY143: 1.5712414 | AZ143: =VLOOKUP(BA143,Sheet1!$A$1:$B$58,2,FALSE) -> Glycolate | BA143: Glycolate | BB143: C2H3O3 | BC143: 75.04192 | BD143: 2.5 | BE143: 112 | BF143: CO_1:H2_0 | BG143: 3.387288 | BH143: 0.073793103 | BI143: 0.19769997 | BJ143: 90 | BK143: 1211.74 | BL143: -289.4744 | BM143: 5.4433849 | BN143: 925.37543 | BO143: 286.36457
A144: 142 | B144: CarbonMonoxide | C144: CO | D144: 1 | E144: 0 | F144: 1 | G144: 28.0097 | H144: 2 | I144: Categories-Category_2 | J144: 1.333 | K144: 500 | L144: 100 | N144: FormicAcid | O144: 0 | P144: 0.5 | Q144: 0.0325 | R144: 77.5 | S144: 170 | T144: 100 | U144: 1812.1302 | V144: 20 | W144: 0.95 | X144: 1 | Y144: 58845.998 | Z144: 2.9422999e+08 | AA144: 3.9220858e+08 | AB144: 392208.58 | AC144: 0 | AD144: 3049.479 | AE144: 5489062.1 | AF144: 5489062.1 | AG144: 153.74698 | AH144: 241.57362 | AI144: 241.57362 | AJ144: 12746.779 | AK144: 854.70085 | AL144: Nanofiltration | AM144: 18721.956 | AN144: 640.691 | AO144: 41067.516 | AP144: 32964.127 | AQ144: -8103.3895 | AR144: 0.0023222144 | AS144: 82.907505 | AT144: 121.77121 | AU144: 4.1671777 | AV144: 267.11104 | AW144: 214.40503 | AX144: -52.706007 | AY144: 1.5712414 | AZ144: =VLOOKUP(BA144,Sheet1!$A$1:$B$58,2,FALSE) -> Heptane | BA144: Heptane | BB144: C7H16 | BC144: 100.20034 | BD144: 6.2857143 | BE144: 98 | BF144: CO_1:H2_0 | BG144: 6.588301 | BH144: 0.045454545 | BI144: 0.16260482 | BJ144: 90 | BK144: 1465.0723 | BL144: -360.15065 | BM144: 4.1483045 | BN144: 705.21177 | BO144: 759.86052
A145: 143 | B145: CarbonMonoxide | C145: CO | D145: 1 | E145: 0 | F145: 1 | G145: 28.0097 | H145: 2 | I145: Categories-Category_2 | J145: 1.333 | K145: 500 | L145: 100 | N145: FormicAcid | O145: 0 | P145: 0.5 | Q145: 0.0325 | R145: 77.5 | S145: 170 | T145: 100 | U145: 1812.1302 | V145: 20 | W145: 0.95 | X145: 1 | Y145: 59093.675 | Z145: 2.9546838e+08 | AA145: 3.9385934e+08 | AB145: 393859.34 | AC145: 0 | AD145: 3062.3139 | AE145: 5512165 | AF145: 5512165 | AG145: 154.39409 | AH145: 242.59038 | AI145: 242.59038 | AJ145: 12800.429 | AK145: 854.70085 | AL145: Nanofiltration | AM145: 18800.755 | AN145: 643.3876 | AO145: 41240.365 | AP145: 33099.272 | AQ145: -8141.0932 | AR145: 0.0023222144 | AS145: 82.907505 | AT145: 121.77121 | AU145: 4.1671777 | AV145: 267.11104 | AW145: 214.38173 | AX145: -52.729306 | AY145: 1.5712414 | AZ145: =VLOOKUP(BA145,Sheet1!$A$1:$B$58,2,FALSE) -> Hexane | BA145: Hexane | BB145: C6H14 | BC145: 86.17396 | BD145: 6.3333333 | BE145: 69 | BF145: CO_1:H2_0 | BG145: 6.6392446 | BH145: 0.052631579 | BI145: 0.1619233 | BJ145: 90 | BK145: 1471.0787 | BL145: -361.82636 | BM145: 4.1425502 | BN145: 704.23353 | BO145: 766.84522
A146: 144 | B146: CarbonMonoxide | C146: CO | D146: 1 | E146: 0 | F146: 1 | G146: 28.0097 | H146: 2 | I146: Categories-Category_2 | J146: 1.333 | K146: 500 | L146: 100 | N146: FormicAcid | O146: 0 | P146: 0.5 | Q146: 0.0325 | R146: 77.5 | S146: 170 | T146: 100 | U146: 1812.1302 | V146: 20 | W146: 0.95 | X146: 1 | Y146: 37340.98 | Z146: 1.867049e+08 | AA146: 2.4887763e+08 | AB146: 248877.63 | AC146: 0 | AD146: 1935.0599 | AE146: 3483107.8 | AF146: 3483107.8 | AG146: 97.560806 | AH146: 153.29158 | AI146: 153.29158 | AJ146: 8088.523 | AK146: 854.70085 | AL146: Nanofiltration | AM146: 11880.097 | AN146: 406.55321 | AO146: 26059.568 | AP146: 21229.874 | AQ146: -4829.6937 | AR146: 0.0023222144 | AS146: 82.907505 | AT146: 121.77121 | AU146: 4.1671777 | AV146: 267.11104 | AW146: 217.60659 | AX146: -49.504447 | AY146: 1.5712414 | AZ146: =VLOOKUP(BA146,Sheet1!$A$1:$B$58,2,FALSE) -> Isobutanol | BA146: Isobutanol | BB146: C5H10O | BC146: 86.1309 | BD146: 5.6 | BE146: 108 | BF146: CO_1:H2_0 | BG146: 4.0877316 | BH146: 0.083333333 | BI146: 0.25625045 | BJ146: 90 | BK146: 943.54997 | BL146: -214.65305 | BM146: 2.7252274 | BN146: 463.28865 | BO146: 480.26132
A147: 145 | B147: CarbonMonoxide | C147: CO | D147: 1 | E147: 0 | F147: 1 | G147: 28.0097 | H147: 2 | I147: Categories-Category_2 | J147: 1.333 | K147: 500 | L147: 100 | N147: FormicAcid | O147: 0 | P147: 0.5 | Q147: 0.0325 | R147: 77.5 | S147: 170 | T147: 100 | U147: 1812.1302 | V147: 20 | W147: 0.95 | X147: 1 | Y147: 30772.787 | Z147: 1.5386394e+08 | AA147: 2.0510063e+08 | AB147: 205100.63 | AC147: 0 | AD147: 1594.6873 | AE147: 2870437.2 | AF147: 2870437.2 | AG147: 80.400084 | AH147: 126.32794 | AI147: 126.32794 | AJ147: 6665.7704 | AK147: 854.70085 | AL147: Nanofiltration | AM147: 9790.4154 | AN147: 335.04144 | AO147: 21475.75 | AP147: 17645.928 | AQ147: -3829.8218 | AR147: 0.0023222144 | AS147: 82.907505 | AT147: 121.77121 | AU147: 4.1671777 | AV147: 267.11104 | AW147: 219.47649 | AX147: -47.634549 | AY147: 1.5712414 | AZ147: =VLOOKUP(BA147,Sheet1!$A$1:$B$58,2,FALSE) -> Isobutyrate | BA147: Isobutyrate | BB147: C4H7O2 | BC147: 87.09568 | BD147: 4.75 | BE147: 155 | BF147: CO_1:H2_0 | BG147: 3.0318381 | BH147: 0.1 | BI147: 0.31094495 | BJ147: 90 | BK147: 784.26347 | BL147: -170.2143 | BM147: 2.582737 | BN147: 439.06529 | BO147: 345.19817
A148: 146 | B148: CarbonMonoxide | C148: CO | D148: 1 | E148: 0 | F148: 1 | G148: 28.0097 | H148: 2 | I148: Categories-Category_2 | J148: 1.333 | K148: 500 | L148: 100 | N148: FormicAcid | O148: 0 | P148: 0.5 | Q148: 0.0325 | R148: 77.5 | S148: 170 | T148: 100 | U148: 1812.1302 | V148: 20 | W148: 0.95 | X148: 1 | Y148: 90093.865 | Z148: 4.5046932e+08 | AA148: 6.0047561e+08 | AB148: 600475.61 | AC148: 66773.504 | AD148: 4668.7855 | AE148: 8403813.9 | AF148: 8403813.9 | AG148: 235.38831 | AH148: 369.85185 | AI148: 369.85185 | AJ148: 19515.457 | AK148: 2170.1389 | AL148: PSA | AM148: 28663.518 | AN148: 980.9049 | AO148: 62874.815 | AP148: 51330.019 | AQ148: -11544.795 | AR148: 0.0023222144 | AS148: 82.907505 | AT148: 121.77121 | AU148: 4.1671777 | AV148: 267.11104 | AW148: 218.06529 | AX148: -49.045746 | AY148: 1.5712414 | AZ148: =VLOOKUP(BA148,Sheet1!$A$1:$B$58,2,FALSE) -> Isoprene | BA148: Isoprene | BB148: C5H8 | BC148: 68.11622 | BD148: 5.6 | BE148: 34.07 | BF148: CO_1:H2_0 | BG148: 8.689161 | BH148: 0.043673469 | BI148: 0.10620748 | BJ148: 90 | BK148: 2281.3342 | BL148: -513.102 | BM148: 7.748699 | BN148: 1317.2788 | BO148: 964.05537
A149: 147 | B149: CarbonMonoxide | C149: CO | D149: 1 | E149: 0 | F149: 1 | G149: 28.0097 | H149: 2 | I149: Categories-Category_2 | J149: 1.333 | K149: 500 | L149: 100 | N149: FormicAcid | O149: 0 | P149: 0.5 | Q149: 0.0325 | R149: 77.5 | S149: 170 | T149: 100 | U149: 1812.1302 | V149: 20 | W149: 0.95 | X149: 1 | Y149: 40139.887 | Z149: 2.0069944e+08 | AA149: 2.6753235e+08 | AB149: 267532.35 | AC149: 0 | AD149: 2080.1031 | AE149: 3744185.5 | AF149: 3744185.5 | AG149: 104.87351 | AH149: 164.7816 | AI149: 164.7816 | AJ149: 8694.8013 | AK149: 854.70085 | AL149: Nanofiltration | AM149: 12770.574 | AN149: 437.02656 | AO149: 28012.873 | AP149: 22757.103 | AQ149: -5255.7696 | AR149: 0.0023222144 | AS149: 82.907505 | AT149: 121.77121 | AU149: 4.1671777 | AV149: 267.11104 | AW149: 216.99572 | AX149: -50.11532 | AY149: 1.5712414 | AZ149: =VLOOKUP(BA149,Sheet1!$A$1:$B$58,2,FALSE) -> Isopropanol | BA149: Isopropanol | BB149: C3H8O | BC149: 60.09382 | BD149: 6 | BE149: 82.5 | BF149: CO_1:H2_0 | BG149: 4.394129 | BH149: 0.11111111 | BI149: 0.2383824 | BJ149: 90 | BK149: 1011.4268 | BL149: -233.58976 | BM149: 2.9294978 | BN149: 498.01463 | BO149: 513.41218
A150: 148 | B150: CarbonMonoxide | C150: CO | D150: 1 | E150: 0 | F150: 1 | G150: 28.0097 | H150: 2 | I150: Categories-Category_2 | J150: 1.333 | K150: 500 | L150: 100 | N150: FormicAcid | O150: 0 | P150: 0.5 | Q150: 0.0325 | R150: 77.5 | S150: 170 | T150: 100 | U150: 1812.1302 | V150: 20 | W150: 0.95 | X150: 1 | Y150: 27868.289 | Z150: 1.3934144e+08 | AA150: 1.8574214e+08 | AB150: 185742.14 | AC150: 0 | AD150: 1444.1723 | AE150: 2599510.1 | AF150: 2599510.1 | AG150: 72.811499 | AH150: 114.40444 | AI150: 114.40444 | AJ150: 6036.6197 | AK150: 854.70085 | AL150: Nanofiltration | AM150: 8866.3441 | AN150: 303.41845 | AO150: 19448.755 | AP150: 16061.083 | AQ150: -3387.6717 | AR150: 0.0023222144 | AS150: 82.907505 | AT150: 121.77121 | AU150: 4.1671777 | AV150: 267.11104 | AW150: 220.58443 | AX150: -46.526603 | AY150: 1.5712414 | AZ150: =VLOOKUP(BA150,Sheet1!$A$1:$B$58,2,FALSE) -> Itaconate | BA150: Itaconate | BB150: C5H4O4 | BC150: 128.08086 | BD150: 3.2 | BE150: 381 | BF150: CO_1:H2_0 | BG150: 2.1162588 | BH150: 0.075087719 | BI150: 0.34335236 | BJ150: 90 | BK150: 713.82592 | BL150: -150.56319 | BM150: 2.968383 | BN150: 504.62511 | BO150: 209.2008
A151: 149 | B151: CarbonMonoxide | C151: CO | D151: 1 | E151: 0 | F151: 1 | G151: 28.0097 | H151: 2 | I151: Categories-Category_2 | J151: 1.333 | K151: 500 | L151: 100 | N151: FormicAcid | O151: 0 | P151: 0.5 | Q151: 0.0325 | R151: 77.5 | S151: 170 | T151: 100 | U151: 1812.1302 | V151: 20 | W151: 0.95 | X151: 1 | Y151: 88255.215 | Z151: 4.4127607e+08 | AA151: 5.88221e+08 | AB151: 588221 | AC151: 0 | AD151: 4573.5042 | AE151: 8232307.5 | AF151: 8232307.5 | AG151: 230.58446 | AH151: 362.30385 | AI151: 362.30385 | AJ151: 19117.183 | AK151: 854.70085 | AL151: Nanofiltration | AM151: 28078.549 | AN151: 960.88643 | AO151: 61591.655 | AP151: 49011.319 | AQ151: -12580.337 | AR151: 0.0023222144 | AS151: 82.907505 | AT151: 121.77121 | AU151: 4.1671777 | AV151: 267.11104 | AW151: 212.55256 | AX151: -54.558474 | AY151: 1.5712414 | AZ151: =VLOOKUP(BA151,Sheet1!$A$1:$B$58,2,FALSE) -> Limonene | BA151: Limonene | BB151: C10H16 | BC151: 136.23244 | BD151: 5.6 | BE151: 176 | BF151: CO_1:H2_0 | BG151: 8.5382027 | BH151: 0.022291667 | BI151: 0.10842014 | BJ151: 90 | BK151: 2178.2808 | BL151: -559.12607 | BM151: 7.5641908 | BN151: 1285.9124 | BO151: 892.36839
A152: 150 | B152: CarbonMonoxide | C152: CO | D152: 1 | E152: 0 | F152: 1 | G152: 28.0097 | H152: 2 | I152: Categories-Category_2 | J152: 1.333 | K152: 500 | L152: 100 | N152: FormicAcid | O152: 0 | P152: 0.5 | Q152: 0.0325 | R152: 77.5 | S152: 170 | T152: 100 | U152: 1812.1302 | V152: 20 | W152: 0.95 | X152: 1 | Y152: 33183.832 | Z152: 1.6591916e+08 | AA152: 2.2117024e+08 | AB152: 221170.24 | AC152: 0 | AD152: 1719.6309 | AE152: 3095335.6 | AF152: 3095335.6 | AG152: 86.699422 | AH152: 136.22572 | AI152: 136.22572 | AJ152: 7188.0328 | AK152: 854.70085 | AL152: Nanofiltration | AM152: 10557.493 | AN152: 361.2919 | AO152: 23158.373 | AP152: 18961.519 | AQ152: -4196.8536 | AR152: 0.0023222144 | AS152: 82.907505 | AT152: 121.77121 | AU152: 4.1671777 | AV152: 267.11104 | AW152: 218.7041 | AX152: -48.406939 | AY152: 1.5712414 | AZ152: =VLOOKUP(BA152,Sheet1!$A$1:$B$58,2,FALSE) -> L-Lysine | BA152: Lysine_L | BB152: C6H15N2O2 | BC152: 147.1932 | BD152: 4.8333333 | BF152: CO_1:H2_0 | BG152: 3.02348 | BH152: 0.054871795 | BI152: 0.28835256 | BJ152: 90 | BK152: 842.73418 | BL152: -186.52683 | BM152: 3.0309965 | BN152: 515.2694 | BO152: 327.46478
A153: 151 | B153: CarbonMonoxide | C153: CO | D153: 1 | E153: 0 | F153: 1 | G153: 28.0097 | H153: 2 | I153: Categories-Category_2 | J153: 1.333 | K153: 500 | L153: 100 | N153: FormicAcid | O153: 0 | P153: 0.5 | Q153: 0.0325 | R153: 77.5 | S153: 170 | T153: 100 | U153: 1812.1302 | V153: 20 | W153: 0.95 | X153: 1 | Y153: 21811.026 | Z153: 1.0905513e+08 | AA153: 1.4537049e+08 | AB153: 145370.49 | AC153: 0 | AD153: 1130.2768 | AE153: 2034498.2 | AF153: 2034498.2 | AG153: 56.985684 | AH153: 89.538265 | AI153: 89.538265 | AJ153: 4724.5409 | AK153: 854.70085 | AL153: Nanofiltration | AM153: 6939.2156 | AN153: 237.46947 | AO153: 15221.505 | AP153: 12755.927 | AQ153: -2465.5783 | AR153: 0.0023222144 | AS153: 82.907505 | AT153: 121.77121 | AU153: 4.1671777 | AV153: 267.11104 | AW153: 223.84441 | AX153: -43.266627 | AY153: 1.5712414 | AZ153: =VLOOKUP(BA153,Sheet1!$A$1:$B$58,2,FALSE) -> L-Malate | BA153: Malate_L | BB153: C4H4O5 | BC153: 132.06916 | BD153: 2.5 | BF153: CO_1:H2_0 | BG153: 1.4575116 | BH153: 0.093043478 | BI153: 0.43870668 | BJ153: 90 | BK153: 566.93008 | BL153: -109.58126 | BM153: 2.5219668 | BN153: 428.73436 | BO153: 138.19572
A154: 152 | B154: CarbonMonoxide | C154: CO | D154: 1 | E154: 0 | F154: 1 | G154: 28.0097 | H154: 2 | I154: Categories-Category_2 | J154: 1.333 | K154: 500 | L154: 100 | N154: FormicAcid | O154: 0 | P154: 0.5 | Q154: 0.0325 | R154: 77.5 | S154: 170 | T154: 100 | U154: 1812.1302 | V154: 20 | W154: 0.95 | X154: 1 | Y154: 24546.701 | Z154: 1.2273351e+08 | AA154: 1.6360376e+08 | AB154: 163603.76 | AC154: 0 | AD154: 1272.0431 | AE154: 2289677.6 | AF154: 2289677.6 | AG154: 64.133184 | AH154: 100.76871 | AI154: 100.76871 | AJ154: 5317.1223 | AK154: 854.70085 | AL154: Nanofiltration | AM154: 7809.5753 | AN154: 267.25437 | AO154: 17130.681 | AP154: 14248.653 | AQ154: -2882.0285 | AR154: 0.0023222144 | AS154: 82.907505 | AT154: 121.77121 | AU154: 4.1671777 | AV154: 267.11104 | AW154: 222.17286 | AX154: -44.938178 | AY154: 1.5712414 | AZ154: =VLOOKUP(BA154,Sheet1!$A$1:$B$58,2,FALSE) -> Malonate | BA154: Malonate | BB154: C3H2O4 | BC154: 102.04378 | BD154: 2 | BE154: 199 | BF154: CO_1:H2_0 | BG154: 1.5840672 | BH154: 0.107 | BI154: 0.3898138 | BJ154: 90 | BK154: 633.27346 | BL154: -128.09015 | BM154: 2.8945423 | BN154: 492.07219 | BO154: 141.20127
A155: 153 | B155: CarbonMonoxide | C155: CO | D155: 1 | E155: 0 | F155: 1 | G155: 28.0097 | H155: 2 | I155: Categories-Category_2 | J155: 1.333 | K155: 500 | L155: 100 | N155: FormicAcid | O155: 0 | P155: 0.5 | Q155: 0.0325 | R155: 77.5 | S155: 170 | T155: 100 | U155: 1812.1302 | V155: 20 | W155: 0.95 | X155: 1 | Y155: 58513.168 | Z155: 2.9256584e+08 | AA155: 3.8999026e+08 | AB155: 389990.26 | AC155: 0 | AD155: 3032.2312 | AE155: 5458016.2 | AF155: 5458016.2 | AG155: 152.8774 | AH155: 240.20729 | AI155: 240.20729 | AJ155: 12674.684 | AK155: 854.70085 | AL155: Nanofiltration | AM155: 18616.065 | AN155: 637.06727 | AO155: 40835.24 | AP155: 32782.517 | AQ155: -8052.7229 | AR155: 0.0023222144 | AS155: 82.907505 | AT155: 121.77121 | AU155: 4.1671777 | AV155: 267.11104 | AW155: 214.43665 | AX155: -52.674386 | AY155: 1.5712414 | AZ155: =VLOOKUP(BA155,Sheet1!$A$1:$B$58,2,FALSE) -> Nonane | BA155: Nonane | BB155: C9H20 | BC155: 128.2531 | BD155: 6.2222222 | BE155: 151 | BF155: CO_1:H2_0 | BG155: 6.5198424 | BH155: 0.035714286 | BI155: 0.16352973 | BJ155: 90 | BK155: 1457.0008 | BL155: -357.8988 | BM155: 4.1560373 | BN155: 706.52634 | BO155: 750.47441
A156: 154 | B156: CarbonMonoxide | C156: CO | D156: 1 | E156: 0 | F156: 1 | G156: 28.0097 | H156: 2 | I156: Categories-Category_2 | J156: 1.333 | K156: 500 | L156: 100 | N156: FormicAcid | O156: 0 | P156: 0.5 | Q156: 0.0325 | R156: 77.5 | S156: 170 | T156: 100 | U156: 1812.1302 | V156: 20 | W156: 0.95 | X156: 1 | Y156: 58659.148 | Z156: 2.9329574e+08 | AA156: 3.9096322e+08 | AB156: 390963.22 | AC156: 0 | AD156: 3039.7961 | AE156: 5471633 | AF156: 5471633 | AG156: 153.2588 | AH156: 240.80657 | AI156: 240.80657 | AJ156: 12706.305 | AK156: 854.70085 | AL156: Nanofiltration | AM156: 18662.509 | AN156: 638.65665 | AO156: 40937.117 | AP156: 32862.171 | AQ156: -8074.9454 | AR156: 0.0023222144 | AS156: 82.907505 | AT156: 121.77121 | AU156: 4.1671777 | AV156: 267.11104 | AW156: 214.42274 | AX156: -52.688299 | AY156: 1.5712414 | AZ156: =VLOOKUP(BA156,Sheet1!$A$1:$B$58,2,FALSE) -> Octane | BA156: Octane | BB156: C8H18 | BC156: 114.22672 | BD156: 6.25 | BE156: 126 | BF156: CO_1:H2_0 | BG156: 6.5498685 | BH156: 0.04 | BI156: 0.16312277 | BJ156: 90 | BK156: 1460.541 | BL156: -358.88646 | BM156: 4.1526457 | BN156: 705.94976 | BO156: 754.59119
A157: 155 | B157: CarbonMonoxide | C157: CO | D157: 1 | E157: 0 | F157: 1 | G157: 28.0097 | H157: 2 | I157: Categories-Category_2 | J157: 1.333 | K157: 500 | L157: 100 | N157: FormicAcid | O157: 0 | P157: 0.5 | Q157: 0.0325 | R157: 77.5 | S157: 170 | T157: 100 | U157: 1812.1302 | V157: 20 | W157: 0.95 | X157: 1 | Y157: 59437.655 | Z157: 2.9718827e+08 | AA157: 3.9615197e+08 | AB157: 396151.97 | AC157: 66773.504 | AD157: 3080.1394 | AE157: 5544250.9 | AF157: 5544250.9 | AG157: 155.2928 | AH157: 244.00248 | AI157: 244.00248 | AJ157: 12874.939 | AK157: 2170.1389 | AL157: PSA | AM157: 18910.192 | AN157: 647.13271 | AO157: 41480.422 | AP157: 34602.403 | AQ157: -6878.019 | AR157: 0.0023222144 | AS157: 82.907505 | AT157: 121.77121 | AU157: 4.1671777 | AV157: 267.11104 | AW157: 222.82039 | AX157: -44.290648 | AY157: 1.5712414 | AZ157: =VLOOKUP(BA157,Sheet1!$A$1:$B$58,2,FALSE) -> Pentane | BA157: Pentane | BB157: C5H12 | BC157: 72.14758 | BD157: 6.4 | BE157: 36.1 | BF157: CO_1:H2_0 | BG157: 6.7099964 | BH157: 0.0625 | BI157: 0.16098621 | BJ157: 90 | BK157: 1537.8846 | BL157: -305.68973 | BM157: 4.1345584 | BN157: 702.87492 | BO157: 835.00965
A158: 156 | B158: CarbonMonoxide | C158: CO | D158: 1 | E158: 0 | F158: 1 | G158: 28.0097 | H158: 2 | I158: Categories-Category_2 | J158: 1.333 | K158: 500 | L158: 100 | N158: FormicAcid | O158: 0 | P158: 0.5 | Q158: 0.0325 | R158: 77.5 | S158: 170 | T158: 100 | U158: 1812.1302 | V158: 20 | W158: 0.95 | X158: 1 | Y158: 50439.708 | Z158: 2.5219854e+08 | AA158: 3.3618065e+08 | AB158: 336180.65 | AC158: 0 | AD158: 2613.8537 | AE158: 4704936.6 | AF158: 4704936.6 | AG158: 131.78386 | AH158: 207.06426 | AI158: 207.06426 | AJ158: 10925.871 | AK158: 854.70085 | AL158: Nanofiltration | AM158: 16047.48 | AN158: 549.16677 | AO158: 35200.924 | AP158: 28377.219 | AQ158: -6823.7051 | AR158: 0.0023222144 | AS158: 82.907505 | AT158: 121.77121 | AU158: 4.1671777 | AV158: 267.11104 | AW158: 215.33152 | AX158: -51.77952 | AY158: 1.5712414 | AZ158: =VLOOKUP(BA158,Sheet1!$A$1:$B$58,2,FALSE) -> Pentanol (PW1) | BA158: Pentanol-PW1 | BB158: C5H12O | BC158: 88.14658 | BD158: 6 | BE158: 138 | BF158: CO_1:H2_0 | BG158: 5.3894458 | BH158: 0.06028169 | BI158: 0.18970456 | BJ158: 90 | BK158: 1261.2097 | BL158: -303.27578 | BM158: 3.8134101 | BN158: 648.27972 | BO158: 612.93
A159: 157 | B159: CarbonMonoxide | C159: CO | D159: 1 | E159: 0 | F159: 1 | G159: 28.0097 | H159: 2 | I159: Categories-Category_2 | J159: 1.333 | K159: 500 | L159: 100 | N159: FormicAcid | O159: 0 | P159: 0.5 | Q159: 0.0325 | R159: 77.5 | S159: 170 | T159: 100 | U159: 1812.1302 | V159: 20 | W159: 0.95 | X159: 1 | Y159: 50439.708 | Z159: 2.5219854e+08 | AA159: 3.3618065e+08 | AB159: 336180.65 | AC159: 0 | AD159: 2613.8537 | AE159: 4704936.6 | AF159: 4704936.6 | AG159: 131.78386 | AH159: 207.06426 | AI159: 207.06426 | AJ159: 10925.871 | AK159: 854.70085 | AL159: Nanofiltration | AM159: 16047.48 | AN159: 549.16677 | AO159: 35200.924 | AP159: 28377.219 | AQ159: -6823.7051 | AR159: 0.0023222144 | AS159: 82.907505 | AT159: 121.77121 | AU159: 4.1671777 | AV159: 267.11104 | AW159: 215.33152 | AX159: -51.77952 | AY159: 1.5712414 | AZ159: =VLOOKUP(BA159,Sheet1!$A$1:$B$58,2,FALSE) -> Pentanol (PW2) | BA159: Pentanol-PW2 | BB159: C5H12O | BC159: 88.14658 | BD159: 6 | BE159: 138 | BF159: CO_1:H2_0 | BG159: 5.3894458 | BH159: 0.06028169 | BI159: 0.18970456 | BJ159: 90 | BK159: 1261.2097 | BL159: -303.27578 | BM159: 3.8134101 | BN159: 648.27972 | BO159: 612.93
A160: 158 | B160: CarbonMonoxide | C160: CO | D160: 1 | E160: 0 | F160: 1 | G160: 28.0097 | H160: 2 | I160: Categories-Category_2 | J160: 1.333 | K160: 500 | L160: 100 | N160: FormicAcid | O160: 0 | P160: 0.5 | Q160: 0.0325 | R160: 77.5 | S160: 170 | T160: 100 | U160: 1812.1302 | V160: 20 | W160: 0.95 | X160: 1 | Y160: 126426 | Z160: 6.3213001e+08 | AA160: 8.426293e+08 | AB160: 842629.3 | AC160: 0 | AD160: 6551.5658 | AE160: 11792818 | AF160: 11792818 | AG160: 330.31331 | AH160: 519.00194 | AI160: 519.00194 | AJ160: 27385.452 | AK160: 854.70085 | AL160: Nanofiltration | AM160: 40222.65 | AN160: 1376.4742 | AO160: 88230.329 | AP160: 69839.277 | AQ160: -18391.052 | AR160: 0.0023222144 | AS160: 82.907505 | AT160: 121.77121 | AU160: 4.1671777 | AV160: 267.11104 | AW160: 211.43344 | AX160: -55.6776 | AY160: 1.5712414 | AZ160: =VLOOKUP(BA160,Sheet1!$A$1:$B$58,2,FALSE) -> Phenol | BA160: Phenol | BB160: C6H6O | BC160: 94.11024 | BD160: 4.6666667 | BE160: 181.7 | BF160: CO_1:H2_0 | BG160: 10.847571 | BH160: 0.022526316 | BI160: 0.075685719 | BJ160: 90 | BK160: 3103.9679 | BL160: -817.38009 | BM160: 12.219182 | BN160: 2077.261 | BO160: 1026.7069
...

Sheet Sheet1
B1: BioProduct_Graph
A2: 1-3-Butanediol-PW1 | B2: 1,3-Butanediol (PW1)
A3: 1-3-Butanediol-PW2 | B3: 1,3-Butanediol (PW2)
A4: 1-3-Diaminopropane | B4: 1,3-Diaminopropane
A5: 1-3-Propanediol | B5: 1,3-Propanediol
A6: 1-4-Butanediol | B6: 1,4-Butanediol
A7: 1-Propanol-PW1 | B7: 1-Propanol (PW1)
A8: 1-Propanol-PW2 | B8: 1-Propanol (PW2)
A9: 2-3-Butanediol | B9: 2,3-Butanediol
A10: 2-Methyl-1-Butanol | B10: 2-Methyl-1-Butanol
A11: 2-Pyrone-4-6-Dicarboxylate | B11: 2-Pyrone-4,6-Dicarboxylate
A12: 3-Methyl-1-Pentanol | B12: 3-Methyl-1-Pentanol
A13: 4-Hydroxystyrene | B13: 4-Hydroxystyrene
... A58: Succinate | B58: Succinate
