Workbook

Sheet Overall-ECR-Bio
B1: Substrate | C1: Formula_S | D1: C_Sn | E1: H_Sn | F1: O_Sn | G1: MW_S | H1: N_electrons | I1: ParametersType | J1: CellVoltage | K1: CurrentDensity | L1: FaradaicEfficiency | M1: EnergyEfficiency | N1: ByProducts | O1: ByP_FE | P1: Xco2 | Q1: ElectricityPrice | R1: CO2Price | S1: CarbonTax | T1: Conversion | U1: ElectrolyzerPrice | V1: PlantLife | W1: StreamFactor | X1: ScalingFactor | Y1: ElectrodeArea | Z1: I | AA1: Power | AB1: kWh | AC1: kWh_sep | AD1: emol_curr | AE1: MaxProductionRate | AF1: ActualProductionRate | AG1: ActualProductionRate_mass | AH1: CO2rate_fed | AI1: CO2rate_conv | AJ1: Cost_elec_h | AK1: Cost_h_sep | AL1: Type_sep | AM1: Cost_CO2_h | AN1: Cost_electrolyzer_h | AO1: CT_savings_h | AP1: ProductionCost_hNOCT | AQ1: ProductionCost_h | AR1: Cost_elec_mol | AS1: Cost_elec_mass | AT1: Cost_CO2_mass | AU1: Cost_electrolyzer_mass | AV1: CT_savings_mass | AW1: ProductionCost_massNOCT | AX1: ProductionCost_mass | AY1: CO2_ECons_mass | AZ1: BioProduct | BA1: BioProduct_Graph | BB1: Formula_BP | BC1: MW_BP | BD1: Deg_RedBP | BE1: BoilP_degC | BF1: SubstratePathway | BG1: CO2_BProd_mass | BH1: YieldBP_Molar | BI1: YieldBP_Mass | BJ1: Bioconversion | BK1: BioproductionCost_massNOCT | BL1: BioproductionCost_mass1 | BM1: CO2_OverallCons_mass | BN1: CT_OverallSavings_mass | BO1: BioproductionCost_mass2
A2: 0 | B2: Acetaldehyde | C2: C2H4O | D2: 2 | E2: 4 | F2: 1 | G2: 44.05176 | H2: 10 | I2: Categories-Category_1 | J2: 2 | K2: 20 | L2: 60 | N2: FormicAcid/CO | O2: 40 | P2: 0.32 | Q2: 0.0325 | R2: 77.5 | S2: 170 | T2: 50 | U2: 1812.1302 | V2: 20 | W2: 0.95 | X2: 1 | Y2: 1416577.6 | Z2: 2.8331552e+08 | AA2: 5.6663104e+08 | AB2: 566631.04 | AC2: 0 | AD2: 2936.3584 | AE2: 1057089 | AF2: 634253.42 | AG2: 27.939979 | AH2: 297.74392 | AI2: 148.87196 | AJ2: 18415.509 | AK2: 854.70085 | AL2: Nanofiltration | AM2: 23075.154 | AN2: 15808.691 | AO2: 25308.234 | AP2: 58154.055 | AQ2: 32845.821 | AR2: 0.029034938 | AS2: 659.10961 | AT2: 825.88301 | AU2: 565.80898 | AV2: 905.80717 | AW2: 2081.3922 | AX2: 1175.585 | AY2: 5.3282775 | AZ2: 1-3-Butanediol-PW1 | BA2: =VLOOKUP($AZ2,Sheet1!$A$2:$B$58,2) -> 1,3-Butanediol (PW1) | BB2: C4H10O2 | BC2: 90.1192 | BD2: 5.5 | BE2: 207 | BF2: Acetaldehyde | BG2: 0.27966661 | BH2: 0.43738095 | BI2: 0.89477518 | BJ2: 80 | BK2: 2907.7027 | BL2: 1642.2911 | BM2: 7.1639315 | BN2: 1217.8684 | BO2: 1689.8344
A3: 1 | B3: Acetaldehyde | C3: C2H4O | D3: 2 | E3: 4 | F3: 1 | G3: 44.05176 | H3: 10 | I3: Categories-Category_1 | J3: 2 | K3: 20 | L3: 60 | N3: FormicAcid/CO | O3: 40 | P3: 0.32 | Q3: 0.0325 | R3: 77.5 | S3: 170 | T3: 50 | U3: 1812.1302 | V3: 20 | W3: 0.95 | X3: 1 | Y3: 1392885.5 | Z3: 2.7857711e+08 | AA3: 5.5715421e+08 | AB3: 557154.21 | AC3: 0 | AD3: 2887.2482 | AE3: 1039409.4 | AF3: 623645.62 | AG3: 27.472687 | AH3: 292.7642 | AI3: 146.3821 | AJ3: 18107.512 | AK3: 854.70085 | AL3: Nanofiltration | AM3: 22689.225 | AN3: 15544.293 | AO3: 24884.957 | AP3: 57195.731 | AQ3: 32310.774 | AR3: 0.029034938 | AS3: 659.10961 | AT3: 825.88301 | AU3: 565.80898 | AV3: 905.80717 | AW3: 2081.9125 | AX3: 1176.1054 | AY3: 5.3282775 | AZ3: 1-3-Butanediol-PW2 | BA3: =VLOOKUP($AZ3,Sheet1!$A$2:$B$58,2) -> 1,3-Butanediol (PW2) | BB3: C4H10O2 | BC3: 90.1192 | BD3: 5.5 | BE3: 207 | BF3: Acetaldehyde | BG3: 0.24231868 | BH3: 0.44482051 | BI3: 0.90999471 | BJ3: 80 | BK3: 2859.7866 | BL3: 1615.5387 | BM3: 7.0767863 | BN3: 1203.0537 | BO3: 1656.7329
A4: 2 | B4: Acetaldehyde | C4: C2H4O | D4: 2 | E4: 4 | F4: 1 | G4: 44.05176 | H4: 10 | I4: Categories-Category_1 | J4: 2 | K4: 20 | L4: 60 | N4: FormicAcid/CO | O4: 40 | P4: 0.32 | Q4: 0.0325 | R4: 77.5 | S4: 170 | T4: 50 | U4: 1812.1302 | V4: 20 | W4: 0.95 | X4: 1 | Y4: 1477065.2 | Z4: 2.9541303e+08 | AA4: 5.9082606e+08 | AB4: 590826.06 | AC4: 0 | AD4: 3061.7403 | AE4: 1102226.5 | AF4: 661335.9 | AG4: 29.13301 | AH4: 310.45753 | AI4: 155.22876 | AJ4: 19201.847 | AK4: 854.70085 | AL4: Nanofiltration | AM4: 24060.458 | AN4: 16483.719 | AO4: 26388.89 | AP4: 60600.725 | AQ4: 34211.835 | AR4: 0.029034938 | AS4: 659.10961 | AT4: 825.88301 | AU4: 565.80898 | AV4: 905.80717 | AW4: 2080.1395 | AX4: 1174.3323 | AY4: 5.3282775 | AZ4: 1-3-Diaminopropane | BA4: =VLOOKUP($AZ4,Sheet1!$A$2:$B$58,2) -> 1,3-Diaminopropane | BB4: C3H12N2 | BC4: 76.13958 | BD4: 6 | BE4: 139.3 | BF4: Acetaldehyde | BG4: 0.59437932 | BH4: 0.49648649 | BI4: 0.85813308 | BJ4: 80 | BK4: 3030.0363 | BL4: 1710.5918 | BM4: 7.1670588 | BN4: 1218.4 | BO4: 1811.6363
A5: 3 | B5: Acetaldehyde | C5: C2H4O | D5: 2 | E5: 4 | F5: 1 | G5: 44.05176 | H5: 10 | I5: Categories-Category_1 | J5: 2 | K5: 20 | L5: 60 | N5: FormicAcid/CO | O5: 40 | P5: 0.32 | Q5: 0.0325 | R5: 77.5 | S5: 170 | T5: 50 | U5: 1812.1302 | V5: 20 | W5: 0.95 | X5: 1 | Y5: 1436325.9 | Z5: 2.8726517e+08 | AA5: 5.7453035e+08 | AB5: 574530.35 | AC5: 0 | AD5: 2977.2937 | AE5: 1071825.7 | AF5: 643095.44 | AG5: 28.329486 | AH5: 301.89472 | AI5: 150.94736 | AJ5: 18672.236 | AK5: 854.70085 | AL5: Nanofiltration | AM5: 23396.841 | AN5: 16029.078 | AO5: 25661.051 | AP5: 58952.856 | AQ5: 33291.804 | AR5: 0.029034938 | AS5: 659.10961 | AT5: 825.88301 | AU5: 565.80898 | AV5: 905.80717 | AW5: 2080.9716 | AX5: 1175.1644 | AY5: 5.3282775 | AZ5: 1-3-Propanediol | BA5: =VLOOKUP($AZ5,Sheet1!$A$2:$B$58,2) -> 1,3-Propanediol | BB5: C3H8O2 | BC5: 76.09282 | BD5: 5.3333333 | BE5: 213 | BF5: Acetaldehyde | BG5: 0.5290927 | BH5: 0.51088235 | BI5: 0.88247278 | BJ5: 80 | BK5: 2947.6428 | BL5: 1664.5902 | BM5: 7.0182753 | BN5: 1193.1068 | BO5: 1754.536
A6: 4 | B6: Acetaldehyde | C6: C2H4O | D6: 2 | E6: 4 | F6: 1 | G6: 44.05176 | H6: 10 | I6: Categories-Category_1 | J6: 2 | K6: 20 | L6: 60 | N6: FormicAcid/CO | O6: 40 | P6: 0.32 | Q6: 0.0325 | R6: 77.5 | S6: 170 | T6: 50 | U6: 1812.1302 | V6: 20 | W6: 0.95 | X6: 1 | Y6: 1533800.5 | Z6: 3.067601e+08 | AA6: 6.1352019e+08 | AB6: 613520.19 | AC6: 0 | AD6: 3179.3443 | AE6: 1144564 | AF6: 686738.38 | AG6: 30.252034 | AH6: 322.38246 | AI6: 161.19123 | AJ6: 19939.406 | AK6: 854.70085 | AL6: Nanofiltration | AM6: 24984.641 | AN6: 17116.873 | AO6: 27402.509 | AP6: 62895.621 | AQ6: 35493.111 | AR6: 0.029034938 | AS6: 659.10961 | AT6: 825.88301 | AU6: 565.80898 | AV6: 905.80717 | AW6: 2079.0543 | AX6: 1173.2471 | AY6: 5.3282775 | AZ6: 1-4-Butanediol | BA6: =VLOOKUP($AZ6,Sheet1!$A$2:$B$58,2) -> 1,4-Butanediol | BB6: C4H10O2 | BC6: 90.1192 | BD6: 5.5 | BE6: 230 | BF6: Acetaldehyde | BG6: 0.46445567 | BH6: 0.40395349 | BI6: 0.82639071 | BJ6: 80 | BK6: 3144.781 | BL6: 1774.6556 | BM6: 7.5951059 | BN6: 1291.168 | BO6: 1853.613
A7: 5 | B7: Acetaldehyde | C7: C2H4O | D7: 2 | E7: 4 | F7: 1 | G7: 44.05176 | H7: 10 | I7: Categories-Category_1 | J7: 2 | K7: 20 | L7: 60 | N7: FormicAcid/CO | O7: 40 | P7: 0.32 | Q7: 0.0325 | R7: 77.5 | S7: 170 | T7: 50 | U7: 1812.1302 | V7: 20 | W7: 0.95 | X7: 1 | Y7: 2001814.9 | Z7: 4.0036299e+08 | AA7: 8.0072598e+08 | AB7: 800725.98 | AC7: 0 | AD7: 4149.4699 | AE7: 1493809.2 | AF7: 896285.51 | AG7: 39.482954 | AH7: 420.75227 | AI7: 210.37613 | AJ7: 26023.594 | AK7: 854.70085 | AL7: Nanofiltration | AM7: 32608.301 | AN7: 22339.81 | AO7: 35763.943 | AP7: 81826.406 | AQ7: 46062.463 | AR7: 0.029034938 | AS7: 659.10961 | AT7: 825.88301 | AU7: 565.80898 | AV7: 905.80717 | AW7: 2072.4489 | AX7: 1166.6418 | AY7: 5.3282775 | AZ7: 1-Propanol-PW1 | BA7: =VLOOKUP($AZ7,Sheet1!$A$2:$B$58,2) -> 1-Propanol (PW1) | BB7: C3H8O | BC7: 60.09382 | BD7: 6 | BE7: 97 | BF7: Acetaldehyde | BG7: 0.95857749 | BH7: 0.46415584 | BI7: 0.63318464 | BJ7: 80 | BK7: 4091.3203 | BL7: 2303.1232 | BM7: 9.5602292 | BN7: 1625.239 | BO7: 2466.0813
A8: 6 | B8: Acetaldehyde | C8: C2H4O | D8: 2 | E8: 4 | F8: 1 | G8: 44.05176 | H8: 10 | I8: Categories-Category_1 | J8: 2 | K8: 20 | L8: 60 | N8: FormicAcid/CO | O8: 40 | P8: 0.32 | Q8: 0.0325 | R8: 77.5 | S8: 170 | T8: 50 | U8: 1812.1302 | V8: 20 | W8: 0.95 | X8: 1 | Y8: 2149648.9 | Z8: 4.2992977e+08 | AA8: 8.5985954e+08 | AB8: 859859.54 | AC8: 0 | AD8: 4455.908 | AE8: 1604126.9 | AF8: 962476.14 | AG8: 42.398768 | AH8: 451.8248 | AI8: 225.9124 | AJ8: 27945.435 | AK8: 854.70085 | AL8: Nanofiltration | AM8: 35016.422 | AN8: 23989.604 | AO8: 38405.108 | AP8: 87806.162 | AQ8: 49401.054 | AR8: 0.029034938 | AS8: 659.10961 | AT8: 825.88301 | AU8: 565.80898 | AV8: 905.80717 | AW8: 2070.9602 | AX8: 1165.1531 | AY8: 5.3282775 | AZ8: 1-Propanol-PW2 | BA8: =VLOOKUP($AZ8,Sheet1!$A$2:$B$58,2) -> 1-Propanol (PW2) | BB8: C3H8O | BC8: 60.09382 | BD8: 6 | BE8: 97 | BF8: Acetaldehyde | BG8: 1.1916215 | BH8: 0.43223529 | BI8: 0.58963978 | BJ8: 80 | BK8: 4390.3081 | BL8: 2470.0527 | BM8: 10.103998 | BN8: 1717.6797 | BO8: 2672.6283
A9: 7 | B9: Acetaldehyde | C9: C2H4O | D9: 2 | E9: 4 | F9: 1 | G9: 44.05176 | H9: 10 | I9: Categories-Category_1 | J9: 2 | K9: 20 | L9: 60 | N9: FormicAcid/CO | O9: 40 | P9: 0.32 | Q9: 0.0325 | R9: 77.5 | S9: 170 | T9: 50 | U9: 1812.1302 | V9: 20 | W9: 0.95 | X9: 1 | Y9: 1450305.6 | Z9: 2.9006113e+08 | AA9: 5.8012225e+08 | AB9: 580122.25 | AC9: 0 | AD9: 3006.2717 | AE9: 1082257.8 | AF9: 649354.69 | AG9: 28.605217 | AH9: 304.83306 | AI9: 152.41653 | AJ9: 18853.973 | AK9: 854.70085 | AL9: Nanofiltration | AM9: 23624.563 | AN9: 16185.089 | AO9: 25910.81 | AP9: 59518.325 | AQ9: 33607.515 | AR9: 0.029034938 | AS9: 659.10961 | AT9: 825.88301 | AU9: 565.80898 | AV9: 905.80717 | AW9: 2080.6808 | AX9: 1174.8736 | AY9: 5.3282775 | AZ9: 2-3-Butanediol | BA9: =VLOOKUP($AZ9,Sheet1!$A$2:$B$58,2) -> 2,3-Butanediol | BB9: C4H10O2 | BC9: 90.1192 | BD9: 5.5 | BE9: 177 | BF9: Acetaldehyde | BG9: 0.33283517 | BH9: 0.4272093 | BI9: 0.87396646 | BJ9: 80 | BK9: 2975.9163 | BL9: 1680.3757 | BM9: 7.2879914 | BN9: 1238.9585 | BO9: 1736.9577
A10: 8 | B10: Acetaldehyde | C10: C2H4O | D10: 2 | E10: 4 | F10: 1 | G10: 44.05176 | H10: 10 | I10: Categories-Category_1 | J10: 2 | K10: 20 | L10: 60 | N10: FormicAcid/CO | O10: 40 | P10: 0.32 | Q10: 0.0325 | R10: 77.5 | S10: 170 | T10: 50 | U10: 1812.1302 | V10: 20 | W10: 0.95 | X10: 1 | Y10: 2310349.8 | Z10: 4.6206996e+08 | AA10: 9.2413992e+08 | AB10: 924139.92 | AC10: 0 | AD10: 4789.0176 | AE10: 1724046.4 | AF10: 1034427.8 | AG10: 45.568366 | AH10: 485.60179 | AI10: 242.8009 | AJ10: 30034.548 | AK10: 854.70085 | AL10: Nanofiltration | AM10: 37634.139 | AN10: 25782.991 | AO10: 41276.152 | AP10: 94306.378 | AQ10: 53030.226 | AR10: 0.029034938 | AS10: 659.10961 | AT10: 825.88301 | AU10: 565.80898 | AV10: 905.80717 | AW10: 2069.558 | AX10: 1163.7509 | AY10: 5.3282775 | AZ10: 2-Methyl-1-Butanol | BA10: =VLOOKUP($AZ10,Sheet1!$A$2:$B$58,2) -> 2-Methyl-1-Butanol | BB10: C5H12O | BC10: 88.14658 | BD10: 6 | BE10: 129 | BF10: Acetaldehyde | BG10: 1.1456035 | BH10: 0.2741791 | BI10: 0.54862622 | BJ10: 80 | BK10: 4715.3189 | BL10: 2651.5113 | BM10: 10.994441 | BN10: 1869.055 | BO10: 2846.2639
A11: 9 | B11: Acetaldehyde | C11: C2H4O | D11: 2 | E11: 4 | F11: 1 | G11: 44.05176 | H11: 10 | I11: Categories-Category_1 | J11: 2 | K11: 20 | L11: 60 | N11: FormicAcid/CO | O11: 40 | P11: 0.32 | Q11: 0.0325 | R11: 77.5 | S11: 170 | T11: 50 | U11: 1812.1302 | V11: 20 | W11: 0.95 | X11: 1 | Y11: 990453.26 | Z11: 1.9809065e+08 | AA11: 3.961813e+08 | AB11: 396181.3 | AC11: 0 | AD11: 2053.0649 | AE11: 739103.37 | AF11: 443462.02 | AG11: 19.535282 | AH11: 208.17881 | AI11: 104.08941 | AJ11: 12875.892 | AK11: 1835.3365 | AL11: Distillation | AM11: 16133.858 | AN11: 11053.238 | AO11: 17695.199 | AP11: 41898.325 | AQ11: 24203.126 | AR11: 0.029034938 | AS11: 659.10961 | AT11: 825.88301 | AU11: 565.80898 | AV11: 905.80717 | AW11: 2144.7514 | AX11: 1238.9443 | AY11: 5.3282775 | AZ11: 2-Pyrone-4-6-Dicarboxylate | BA11: =VLOOKUP($AZ11,Sheet1!$A$2:$B$58,2) -> 2-Pyrone-4,6-Dicarboxylate | BB11: C7H2O6 | BC11: 182.08458 | BD11: 2.5714286 | BE11: 355.5 | BF11: Acetaldehyde | BG11: -0.13056496 | BH11: 0.30960674 | BI11: 1.2797358 | BJ11: 80 | BK11: 2094.9163 | BL11: 1210.1563 | BM11: 5.3350352 | BN11: 906.95599 | BO11: 1187.9603
A12: 10 | B12: Acetaldehyde | C12: C2H4O | D12: 2 | E12: 4 | F12: 1 | G12: 44.05176 | H12: 10 | I12: Categories-Category_1 | J12: 2 | K12: 20 | L12: 60 | N12: FormicAcid/CO | O12: 40 | P12: 0.32 | Q12: 0.0325 | R12: 77.5 | S12: 170 | T12: 50 | U12: 1812.1302 | V12: 20 | W12: 0.95 | X12: 1 | Y12: 2379920.3 | Z12: 4.7598406e+08 | AA12: 9.5196813e+08 | AB12: 951968.13 | AC12: 0 | AD12: 4933.2271 | AE12: 1775961.8 | AF12: 1065577.1 | AG12: 46.940545 | AH12: 500.2245 | AI12: 250.11225 | AJ12: 30938.964 | AK12: 854.70085 | AL12: Nanofiltration | AM12: 38767.399 | AN12: 26559.382 | AO12: 42519.082 | AP12: 97120.446 | AQ12: 54601.363 | AR12: 0.029034938 | AS12: 659.10961 | AT12: 825.88301 | AU12: 565.80898 | AV12: 905.80717 | AW12: 2069.0098 | AX12: 1163.2026 | AY12: 5.3282775 | AZ12: 3-Methyl-1-Pentanol | BA12: =VLOOKUP($AZ12,Sheet1!$A$2:$B$58,2) -> 3-Methyl-1-Pentanol | BB12: C6H14O | BC12: 102.17296 | BD12: 6 | BE12: 153 | BF12: Acetaldehyde | BG12: 1.1672426 | BH12: 0.229625 | BI12: 0.53258862 | BJ12: 80 | BK12: 4856.0223 | BL12: 2730.0682 | BM12: 11.33837 | BN12: 1927.5229 | BO12: 2928.4994
A13: 11 | B13: Acetaldehyde | C13: C2H4O | D13: 2 | E13: 4 | F13: 1 | G13: 44.05176 | H13: 10 | I13: Categories-Category_1 | J13: 2 | K13: 20 | L13: 60 | N13: FormicAcid/CO | O13: 40 | P13: 0.32 | Q13: 0.0325 | R13: 77.5 | S13: 170 | T13: 50 | U13: 1812.1302 | V13: 20 | W13: 0.95 | X13: 1 | Y13: 2386489.3 | Z13: 4.7729787e+08 | AA13: 9.5459573e+08 | AB13: 954595.73 | AC13: 0 | AD13: 4946.8438 | AE13: 1780863.8 | AF13: 1068518.3 | AG13: 47.07011 | AH13: 501.60521 | AI13: 250.8026 | AJ13: 31024.361 | AK13: 854.70085 | AL13: Nanofiltration | AM13: 38874.404 | AN13: 26632.691 | AO13: 42636.443 | AP13: 97386.157 | AQ13: 54749.714 | AR13: 0.029034938 | AS13: 659.10961 | AT13: 825.88301 | AU13: 565.80898 | AV13: 905.80717 | AW13: 2068.9596 | AX13: 1163.1525 | AY13: 5.3282775 | AZ13: 4-Hydroxystyrene | BA13: =VLOOKUP($AZ13,Sheet1!$A$2:$B$58,2) -> 4-Hydroxystyrene | BB13: C8H8O | BC13: 120.14732 | BD13: 4.75 | BE13: 229 | BF13: Acetaldehyde | BG13: 0.83163662 | BH13: 0.19473498 | BI13: 0.53112262 | BJ13: 80 | BK13: 4869.3078 | BL13: 2737.4857 | BM13: 11.708494 | BN13: 1990.4439 | BO13: 2878.8639
... A28: 26 | B28: Acetaldehyde | C28: C2H4O | D28: 2 | E28: 4 | F28: 1 | G28: 44.05176 | H28: 10 | I28: Categories-Category_1 | J28: 2 | K28: 20 | L28: 60 | N28: FormicAcid/CO | O28: 40 | P28: 0.32 | Q28: 0.0325 | R28: 77.5 | S28: 170 | T28: 50 | U28: 1812.1302 | V28: 20 | W28: 0.95 | X28: 1 | Y28: 1384981.5 | Z28: 2.7699629e+08 | AA28: 5.5399258e+08 | AB28: 553992.58 | AC28: 0 | AD28: 2870.8642 | AE28: 1033511.1 | AF28: 620106.67 | AG28: 27.31679 | AH28: 291.10288 | AI28: 145.55144 | AJ28: 18004.759 | AK28: 854.70085 | AL28: Nanofiltration | AM28: 22560.473 | AN28: 15456.085 | AO28: 24743.744 | AP28: 56876.018 | AQ28: 32132.274 | AR28: 0.029034938 | AS28: 659.10961 | AT28: 825.88301 | AU28: 565.80898 | AV28: 905.80717 | AW28: 2082.0901 | AX28: 1176.2829 | AY28: 5.3282775 | AZ28: ciscisMuconate | BA28: =VLOOKUP($AZ28,Sheet1!$A$2:$B$58,2) -> cis,cis-Muconate | BB28: C6H4O4 | BC28: 140.09156 | BD28: 3.3333333 | BE28: 345.4 | BF28: Acetaldehyde | BG28: 0.29836145 | BH28: 0.28778068 | BI28: 0.91518805 | BJ28: 80 | BK28: 2843.8009 | BL28: 1606.6137 | BM28: 6.9792105 | BN28: 1186.4658 | BO28: 1657.3351
A29: 27 | B29: Acetaldehyde | C29: C2H4O | D29: 2 | E29: 4 | F29: 1 | G29: 44.05176 | H29: 10 | I29: Categories-Category_1 | J29: 2 | K29: 20 | L29: 60 | N29: FormicAcid/CO | O29: 40 | P29: 0.32 | Q29: 0.0325 | R29: 77.5 | S29: 170 | T29: 50 | U29: 1812.1302 | V29: 20 | W29: 0.95 | X29: 1 | Y29: 659560.55 | Z29: 1.3191211e+08 | AA29: 2.6382422e+08 | AB29: 263824.22 | AC29: 0 | AD29: 1367.1727 | AE29: 492182.16 | AF29: 295309.29 | AG29: 13.008894 | AH29: 138.63 | AI29: 69.314998 | AJ29: 8574.2871 | AK29: 854.70085 | AL29: Nanofiltration | AM29: 10743.825 | AN29: 7360.5492 | AO29: 11783.55 | AP29: 27533.362 | AQ29: 15749.812 | AR29: 0.029034938 | AS29: 659.10961 | AT29: 825.88301 | AU29: 565.80898 | AV29: 905.80717 | AW29: 2116.5029 | AX29: 1210.6957 | AY29: 5.3282775 | AZ29: Citrate | BA29: =VLOOKUP($AZ29,Sheet1!$A$2:$B$58,2) -> Citrate | BB29: C6H5O7 | BC29: 189.0964 | BD29: 2.5 | BF29: Acetaldehyde | BG29: -0.35670564 | BH29: 0.44769231 | BI29: 1.9217621 | BJ29: 80 | BK29: 1376.6681 | BL29: 787.49061 | BM29: 3.8224555 | BN29: 649.81744 | BO29: 726.85065
A30: 28 | B30: Acetaldehyde | C30: C2H4O | D30: 2 | E30: 4 | F30: 1 | G30: 44.05176 | H30: 10 | I30: Categories-Category_1 | J30: 2 | K30: 20 | L30: 60 | N30: FormicAcid/CO | O30: 40 | P30: 0.32 | Q30: 0.0325 | R30: 77.5 | S30: 170 | T30: 50 | U30: 1812.1302 | V30: 20 | W30: 0.95 | X30: 1 | Y30: 1766799.2 | Z30: 3.5335984e+08 | AA30: 7.0671967e+08 | AB30: 706719.67 | AC30: 0 | AD30: 3662.3166 | AE30: 1318434 | AF30: 791060.38 | AG30: 34.847602 | AH30: 371.35539 | AI30: 185.67769 | AJ30: 22968.389 | AK30: 854.70085 | AL30: Nanofiltration | AM30: 28780.042 | AN30: 19717.086 | AO30: 31565.208 | AP30: 72320.219 | AQ30: 40755.011 | AR30: 0.029034938 | AS30: 659.10961 | AT30: 825.88301 | AU30: 565.80898 | AV30: 905.80717 | AW30: 2075.3284 | AX30: 1169.5212 | AY30: 5.3282775 | AZ30: CoumaricAcid | BA30: =VLOOKUP($AZ30,Sheet1!$A$2:$B$58,2) -> Coumaric Acid | BB30: C9H7O3 | BC30: 163.14818 | BD30: 4.1111111 | BE30: 346 | BF30: Acetaldehyde | BG30: 0.35737245 | BH30: 0.19370826 | BI30: 0.71740948 | BJ30: 80 | BK30: 3616.0109 | BL30: 2037.7506 | BM30: 8.9265122 | BN30: 1517.5071 | BO30: 2098.5039
A31: 29 | B31: Acetaldehyde | C31: C2H4O | D31: 2 | E31: 4 | F31: 1 | G31: 44.05176 | H31: 10 | I31: Categories-Category_1 | J31: 2 | K31: 20 | L31: 60 | N31: FormicAcid/CO | O31: 40 | P31: 0.32 | Q31: 0.0325 | R31: 77.5 | S31: 170 | T31: 50 | U31: 1812.1302 | V31: 20 | W31: 0.95 | X31: 1 | Y31: 1295247.7 | Z31: 2.5904954e+08 | AA31: 5.1809909e+08 | AB31: 518099.09 | AC31: 0 | AD31: 2684.8593 | AE31: 966549.35 | AF31: 579929.61 | AG31: 25.54692 | AH31: 272.24216 | AI31: 136.12108 | AJ31: 16838.22 | AK31: 854.70085 | AL31: Nanofiltration | AM31: 21098.767 | AN31: 14454.677 | AO31: 23140.583 | AP31: 53246.365 | AQ31: 30105.782 | AR31: 0.029034938 | AS31: 659.10961 | AT31: 825.88301 | AU31: 565.80898 | AV31: 905.80717 | AW31: 2084.2577 | AX31: 1178.4505 | AY31: 5.3282775 | AZ31: EthylAcetate | BA31: =VLOOKUP($AZ31,Sheet1!$A$2:$B$58,2) -> Ethyl Acetate | BB31: C4H8O2 | BC31: 88.10352 | BD31: 5 | BE31: 77.1 | BF31: Acetaldehyde | BG31: 0.043712121 | BH31: 0.48929577 | BI31: 0.97859155 | BJ31: 80 | BK31: 2662.3183 | BL31: 1505.2891 | BM31: 6.7623418 | BN31: 1149.5981 | BO31: 1512.7202
A32: 30 | B32: Acetaldehyde | C32: C2H4O | D32: 2 | E32: 4 | F32: 1 | G32: 44.05176 | H32: 10 | I32: Categories-Category_1 | J32: 2 | K32: 20 | L32: 60 | N32: FormicAcid/CO | O32: 40 | P32: 0.32 | Q32: 0.0325 | R32: 77.5 | S32: 170 | T32: 50 | U32: 1812.1302 | V32: 20 | W32: 0.95 | X32: 1 | Y32: 2647625.9 | Z32: 5.2952517e+08 | AA32: 1.0590503e+09 | AB32: 1059050.3 | AC32: 0 | AD32: 5488.1416 | AE32: 1975731 | AF32: 1185438.6 | AG32: 52.220656 | AH32: 556.49229 | AI32: 278.24615 | AJ32: 34419.136 | AK32: 1835.3365 | AL32: Distillation | AM32: 43128.153 | AN32: 29546.916 | AO32: 47301.845 | AP32: 108929.54 | AQ32: 61627.697 | AR32: 0.029034938 | AS32: 659.10961 | AT32: 825.88301 | AU32: 565.80898 | AV32: 905.80717 | AW32: 2085.9474 | AX32: 1180.1402 | AY32: 5.3282775 | AZ32: Farnesene | BA32: =VLOOKUP($AZ32,Sheet1!$A$2:$B$58,2) -> Farnesene | BB32: C15H24 | BC32: 204.34866 | BD32: 5.6 | BE32: 260 (A)/272 (B) | BF32: Acetaldehyde | BG32: 0.94318409 | BH32: 0.10320225 | BI32: 0.47873776 | BJ32: 80 | BK32: 5446.4771 | BL32: 3081.3848 | BM32: 12.969123 | BN32: 2204.7509 | BO32: 3241.7261
A33: 31 | B33: Acetaldehyde | C33: C2H4O | D33: 2 | E33: 4 | F33: 1 | G33: 44.05176 | H33: 10 | I33: Categories-Category_1 | J33: 2 | K33: 20 | L33: 60 | N33: FormicAcid/CO | O33: 40 | P33: 0.32 | Q33: 0.0325 | R33: 77.5 | S33: 170 | T33: 50 | U33: 1812.1302 | V33: 20 | W33: 0.95 | X33: 1 | Y33: 1406356.5 | Z33: 2.812713e+08 | AA33: 5.6254259e+08 | AB33: 562542.59 | AC33: 0 | AD33: 2915.1715 | AE33: 1049461.8 | AF33: 629677.05 | AG33: 27.738382 | AH33: 295.5956 | AI33: 147.7978 | AJ33: 18282.634 | AK33: 1835.3365 | AL33: Distillation | AM33: 22908.659 | AN33: 15694.626 | AO33: 25125.626 | AP33: 58721.256 | AQ33: 33595.63 | AR33: 0.029034938 | AS33: 659.10961 | AT33: 825.88301 | AU33: 565.80898 | AV33: 905.80717 | AW33: 2116.9676 | AX33: 1211.1604 | AY33: 5.3282775 | AZ33: GammaButyrolactone | BA33: =VLOOKUP($AZ33,Sheet1!$A$2:$B$58,2) -> Gamma Butyrolactone | BB33: C4H6O2 | BC33: 86.08784 | BD33: 4.5 | BE33: 204 | BF33: Acetaldehyde | BG33: 0.17207886 | BH33: 0.46119048 | BI33: 0.90127822 | BJ33: 80 | BK33: 2936.0628 | BL33: 1679.7815 | BM33: 7.217811 | BN33: 1227.0279 | BO33: 1709.0349
A34: 32 | B34: Acetaldehyde | C34: C2H4O | D34: 2 | E34: 4 | F34: 1 | G34: 44.05176 | H34: 10 | I34: Categories-Category_1 | J34: 2 | K34: 20 | L34: 60 | N34: FormicAcid/CO | O34: 40 | P34: 0.32 | Q34: 0.0325 | R34: 77.5 | S34: 170 | T34: 50 | U34: 1812.1302 | V34: 20 | W34: 0.95 | X34: 1 | Y34: 825415.76 | Z34: 1.6508315e+08 | AA34: 3.301663e+08 | AB34: 330166.3 | AC34: 0 | AD34: 1710.9663 | AE34: 615947.86 | AF34: 369568.72 | AG34: 16.280152 | AH34: 173.49034 | AI34: 86.745169 | AJ34: 10730.405 | AK34: 854.70085 | AL34: Nanofiltration | AM34: 13445.501 | AN34: 9211.4565 | AO34: 14746.679 | AP34: 34242.063 | AQ34: 19495.385 | AR34: 0.029034938 | AS34: 659.10961 | AT34: 825.88301 | AU34: 565.80898 | AV34: 905.80717 | AW34: 2103.3012 | AX34: 1197.494 | AY34: 5.3282775 | AZ34: Glutamate_L | BA34: =VLOOKUP($AZ34,Sheet1!$A$2:$B$58,2) -> L-Glutamate | BB34: C5H8NO4 | BC34: 146.11892 | BD34: 3.4 | BE34: 333.8 | BF34: Acetaldehyde | BG34: -0.2047876 | BH34: 0.46295455 | BI34: 1.5356122 | BJ34: 80 | BK34: 1712.1032 | BL34: 974.76923 | BM34: 4.5420461 | BN34: 772.14783 | BO34: 939.95534
A35: 33 | B35: Acetaldehyde | C35: C2H4O | D35: 2 | E35: 4 | F35: 1 | G35: 44.05176 | H35: 10 | I35: Categories-Category_1 | J35: 2 | K35: 20 | L35: 60 | N35: FormicAcid/CO | O35: 40 | P35: 0.32 | Q35: 0.0325 | R35: 77.5 | S35: 170 | T35: 50 | U35: 1812.1302 | V35: 20 | W35: 0.95 | X35: 1 | Y35: 1331734.1 | Z35: 2.6634682e+08 | AA35: 5.3269363e+08 | AB35: 532693.63 | AC35: 0 | AD35: 2760.4902 | AE35: 993776.47 | AF35: 596265.88 | AG35: 26.266562 | AH35: 279.91106 | AI35: 139.95553 | AJ35: 17312.543 | AK35: 854.70085 | AL35: Nanofiltration | AM35: 21693.107 | AN35: 14861.857 | AO35: 23792.44 | AP35: 54722.207 | AQ35: 30929.768 | AR35: 0.029034938 | AS35: 659.10961 | AT35: 825.88301 | AU35: 565.80898 | AV35: 905.80717 | AW35: 2083.3411 | AX35: 1177.5339 | AY35: 5.3282775 | AZ35: Glutarate | BA35: =VLOOKUP($AZ35,Sheet1!$A$2:$B$58,2) -> Glutarate | BB35: C5H6O4 | BC35: 130.09654 | BD35: 3.6 | BE35: 200 | BF35: Acetaldehyde | BG35: 0.4078967 | BH35: 0.3222807 | BI35: 0.95178046 | BJ35: 80 | BK35: 2736.1104 | BL35: 1546.4884 | BM35: 6.5898797 | BN35: 1120.2796 | BO35: 1615.8308
A36: 34 | B36: Acetaldehyde | C36: C2H4O | D36: 2 | E36: 4 | F36: 1 | G36: 44.05176 | H36: 10 | I36: Categories-Category_1 | J36: 2 | K36: 20 | L36: 60 | N36: FormicAcid/CO | O36: 40 | P36: 0.32 | Q36: 0.0325 | R36: 77.5 | S36: 170 | T36: 50 | U36: 1812.1302 | V36: 20 | W36: 0.95 | X36: 1 | Y36: 630369.69 | Z36: 1.2607394e+08 | AA36: 2.5214788e+08 | AB36: 252147.88 | AC36: 0 | AD36: 1306.6643 | AE36: 470399.14 | AF36: 282239.49 | AG36: 12.433146 | AH36: 132.4945 | AI36: 66.247252 | AJ36: 8194.806 | AK36: 854.70085 | AL36: Nanofiltration | AM36: 10268.324 | AN36: 7034.7858 | AO36: 11262.033 | AP36: 26352.617 | AQ36: 15090.584 | AR36: 0.029034938 | AS36: 659.10961 | AT36: 825.88301 | AU36: 565.80898 | AV36: 905.80717 | AW36: 2119.5453 | AX36: 1213.7382 | AY36: 5.3282775 | AZ36: Glycolate | BA36: =VLOOKUP($AZ36,Sheet1!$A$2:$B$58,2) -> Glycolate | BB36: C2H3O3 | BC36: 75.04192 | BD36: 2.5 | BE36: 112 | BF36: Acetaldehyde | BG36: -0.17923562 | BH36: 1.1803704 | BI36: 2.0107541 | BJ36: 80 | BK36: 1317.6308 | BL36: 754.52919 | BM36: 3.4915982 | BN36: 593.5717 | BO36: 724.05914
A37: 35 | B37: Acetaldehyde | C37: C2H4O | D37: 2 | E37: 4 | F37: 1 | G37: 44.05176 | H37: 10 | I37: Categories-Category_1 | J37: 2 | K37: 20 | L37: 60 | N37: FormicAcid/CO | O37: 40 | P37: 0.32 | Q37: 0.0325 | R37: 77.5 | S37: 170 | T37: 50 | U37: 1812.1302 | V37: 20 | W37: 0.95 | X37: 1 | Y37: 2608284.6 | Z37: 5.2165693e+08 | AA37: 1.0433139e+09 | AB37: 1043313.9 | AC37: 0 | AD37: 5406.593 | AE37: 1946373.5 | AF37: 1167824.1 | AG37: 51.444706 | AH37: 548.22334 | AI37: 274.11167 | AJ37: 33907.7 | AK37: 854.70085 | AL37: Nanofiltration | AM37: 42487.309 | AN37: 29107.877 | AO37: 46598.984 | AP37: 106357.59 | AQ37: 59758.603 | AR37: 0.029034938 | AS37: 659.10961 | AT37: 825.88301 | AU37: 565.80898 | AV37: 905.80717 | AW37: 2067.4156 | AX37: 1161.6084 | AY37: 5.3282775 | AZ37: Heptane | BA37: =VLOOKUP($AZ37,Sheet1!$A$2:$B$58,2) -> Heptane | BB37: C7H16 | BC37: 100.20034 | BD37: 6.2857143 | BE37: 98 | BF37: Acetaldehyde | BG37: 1.0371346 | BH37: 0.21364532 | BI37: 0.48595865 | BJ37: 80 | BK37: 5317.8794 | BL37: 2987.9302 | BM37: 12.668449 | BN37: 2153.6363 | BO37: 3164.243
A38: 36 | B38: Acetaldehyde | C38: C2H4O | D38: 2 | E38: 4 | F38: 1 | G38: 44.05176 | H38: 10 | I38: Categories-Category_1 | J38: 2 | K38: 20 | L38: 60 | N38: FormicAcid/CO | O38: 40 | P38: 0.32 | Q38: 0.0325 | R38: 77.5 | S38: 170 | T38: 50 | U38: 1812.1302 | V38: 20 | W38: 0.95 | X38: 1 | Y38: 2648500.4 | Z38: 5.2970008e+08 | AA38: 1.0594002e+09 | AB38: 1059400.2 | AC38: 0 | AD38: 5489.9544 | AE38: 1976383.6 | AF38: 1185830.1 | AG38: 52.237905 | AH38: 556.67611 | AI38: 278.33805 | AJ38: 34430.505 | AK38: 854.70085 | AL38: Nanofiltration | AM38: 43142.398 | AN38: 29556.676 | AO38: 47317.469 | AP38: 107984.28 | AQ38: 60666.811 | AR38: 0.029034938 | AS38: 659.10961 | AT38: 825.88301 | AU38: 565.80898 | AV38: 905.80717 | AW38: 2067.1633 | AX38: 1161.3561 | AY38: 5.3282775 | AZ38: Hexane | BA38: =VLOOKUP($AZ38,Sheet1!$A$2:$B$58,2) -> Hexane | BB38: C6H14 | BC38: 86.17396 | BD38: 6.3333333 | BE38: 69 | BF38: Acetaldehyde | BG38: 1.110804 | BH38: 0.24464789 | BI38: 0.47857968 | BJ38: 80 | BK38: 5399.214 | BL38: 3033.3406 | BM38: 12.806099 | BN38: 2177.0368 | BO38: 3222.1772
A39: 37 | B39: Acetaldehyde | C39: C2H4O | D39: 2 | E39: 4 | F39: 1 | G39: 44.05176 | H39: 10 | I39: Categories-Category_1 | J39: 2 | K39: 20 | L39: 60 | N39: FormicAcid/CO | O39: 40 | P39: 0.32 | Q39: 0.0325 | R39: 77.5 | S39: 170 | T39: 50 | U39: 1812.1302 | V39: 20 | W39: 0.95 | X39: 1 | Y39: 1676266.4 | Z39: 3.3525327e+08 | AA39: 6.7050654e+08 | AB39: 670506.54 | AC39: 0 | AD39: 3474.6553 | AE39: 1250875.9 | AF39: 750525.54 | AG39: 33.061971 | AH39: 352.32671 | AI39: 176.16336 | AJ39: 21791.463 | AK39: 854.70085 | AL39: Nanofiltration | AM39: 27305.32 | AN39: 18706.76 | AO39: 29947.77 | AP39: 68658.244 | AQ39: 38710.473 | AR39: 0.029034938 | AS39: 659.10961 | AT39: 825.88301 | AU39: 565.80898 | AV39: 905.80717 | AW39: 2076.6531 | AX39: 1170.8459 | AY39: 5.3282775 | AZ39: Isobutanol | BA39: =VLOOKUP($AZ39,Sheet1!$A$2:$B$58,2) -> Isobutanol | BB39: C5H10O | BC39: 86.1309 | BD39: 5.6 | BE39: 108 | BF39: Acetaldehyde | BG39: 0.59858454 | BH39: 0.38673684 | BI39: 0.75615576 | BJ39: 80 | BK39: 3432.9122 | BL39: 1935.5237 | BM39: 8.2095832 | BN39: 1395.6291 | BO39: 2037.283
A40: 38 | B40: Acetaldehyde | C40: C2H4O | D40: 2 | E40: 4 | F40: 1 | G40: 44.05176 | H40: 10 | I40: Categories-Category_1 | J40: 2 | K40: 20 | L40: 60 | N40: FormicAcid/CO | O40: 40 | P40: 0.32 | Q40: 0.0325 | R40: 77.5 | S40: 170 | T40: 50 | U40: 1812.1302 | V40: 20 | W40: 0.95 | X40: 1 | Y40: 1395956.2 | Z40: 2.7919123e+08 | AA40: 5.5838247e+08 | AB40: 558382.47 | AC40: 0 | AD40: 2893.6132 | AE40: 1041700.8 | AF40: 625020.45 | AG40: 27.533251 | AH40: 293.4096 | AI40: 146.7048 | AJ40: 18147.43 | AK40: 854.70085 | AL40: Nanofiltration | AM40: 22739.244 | AN40: 15578.561 | AO40: 24939.816 | AP40: 57319.936 | AQ40: 32380.12 | AR40: 0.029034938 | AS40: 659.10961 | AT40: 825.88301 | AU40: 565.80898 | AV40: 905.80717 | AW40: 2081.8441 | AX40: 1176.0369 | AY40: 5.3282775 | AZ40: Isobutyrate | BA40: =VLOOKUP($AZ40,Sheet1!$A$2:$B$58,2) -> Isobutyrate | BB40: C4H7O2 | BC40: 87.09568 | BD40: 4.75 | BE40: 155 | BF40: Acetaldehyde | BG40: 0.17934662 | BH40: 0.45925 | BI40: 0.90799303 | BJ40: 80 | BK40: 2865.9968 | BL40: 1619.006 | BM40: 7.1558934 | BN40: 1216.5019 | BO40: 1649.4949
A41: 39 | B41: Acetaldehyde | C41: C2H4O | D41: 2 | E41: 4 | F41: 1 | G41: 44.05176 | H41: 10 | I41: Categories-Category_1 | J41: 2 | K41: 20 | L41: 60 | N41: FormicAcid/CO | O41: 40 | P41: 0.32 | Q41: 0.0325 | R41: 77.5 | S41: 170 | T41: 50 | U41: 1812.1302 | V41: 20 | W41: 0.95 | X41: 1 | Y41: 2655063 | Z41: 5.310126e+08 | AA41: 1.0620252e+09 | AB41: 1062025.2 | AC41: 66773.504 | AD41: 5503.5577 | AE41: 1981280.8 | AF41: 1188768.5 | AG41: 52.367343 | AH41: 558.05547 | AI41: 279.02774 | AJ41: 34515.819 | AK41: 2170.1389 | AL41: PSA | AM41: 43249.299 | AN41: 29629.913 | AO41: 47434.715 | AP41: 109565.17 | AQ41: 62130.455 | AR41: 0.029034938 | AS41: 659.10961 | AT41: 825.88301 | AU41: 565.80898 | AV41: 905.80717 | AW41: 2092.2423 | AX41: 1186.4351 | AY41: 5.3282775 | AZ41: Isoprene | BA41: =VLOOKUP($AZ41,Sheet1!$A$2:$B$58,2) -> Isoprene | BB41: C5H8 | BC41: 68.11622 | BD41: 5.6 | BE41: 34.07 | BF41: Acetaldehyde | BG41: 0.95490794 | BH41: 0.3087395 | BI41: 0.47739676 | BJ41: 80 | BK41: 5478.2585 | BL41: 3106.5228 | BM41: 12.996479 | BN41: 2209.4014 | BO41: 3268.8571
A42: 40 | B42: Acetaldehyde | C42: C2H4O | D42: 2 | E42: 4 | F42: 1 | G42: 44.05176 | H42: 10 | I42: Categories-Category_1 | J42: 2 | K42: 20 | L42: 60 | N42: FormicAcid/CO | O42: 40 | P42: 0.32 | Q42: 0.0325 | R42: 77.5 | S42: 170 | T42: 50 | U42: 1812.1302 | V42: 20 | W42: 0.95 | X42: 1 | Y42: 1749270.4 | Z42: 3.4985407e+08 | AA42: 6.9970814e+08 | AB42: 699708.14 | AC42: 0 | AD42: 3625.9819 | AE42: 1305353.5 | AF42: 783212.09 | AG42: 34.501871 | AH42: 367.67108 | AI42: 183.83554 | AJ42: 22740.515 | AK42: 854.70085 | AL42: Nanofiltration | AM42: 28494.509 | AN42: 19521.469 | AO42: 31252.042 | AP42: 71611.193 | AQ42: 40359.151 | AR42: 0.029034938 | AS42: 659.10961 | AT42: 825.88301 | AU42: 565.80898 | AV42: 905.80717 | AW42: 2075.5742 | AX42: 1169.767 | AY42: 5.3282775 | AZ42: Isopropanol | BA42: =VLOOKUP($AZ42,Sheet1!$A$2:$B$58,2) -> Isopropanol | BB42: C3H8O | BC42: 60.09382 | BD42: 6 | BE42: 82.5 | BF42: Acetaldehyde | BG42: 0.56046861 | BH42: 0.53116667 | BI42: 0.72459838 | BJ42: 80 | BK42: 3580.5597 | BL42: 2017.9576 | BM42: 8.6313085 | BN42: 1467.3224 | BO42: 2113.2372
A43: 41 | B43: Acetaldehyde | C43: C2H4O | D43: 2 | E43: 4 | F43: 1 | G43: 44.05176 | H43: 10 | I43: Categories-Category_1 | J43: 2 | K43: 20 | L43: 60 | N43: FormicAcid/CO | O43: 40 | P43: 0.32 | Q43: 0.0325 | R43: 77.5 | S43: 170 | T43: 50 | U43: 1812.1302 | V43: 20 | W43: 0.95 | X43: 1 | Y43: 941661.85 | Z43: 1.8833237e+08 | AA43: 3.7666474e+08 | AB43: 376664.74 | AC43: 0 | AD43: 1951.9274 | AE43: 702693.88 | AF43: 421616.33 | AG43: 18.572941 | AH43: 197.92357 | AI43: 98.961784 | AJ43: 12241.604 | AK43: 854.70085 | AL43: Nanofiltration | AM43: 15339.077 | AN43: 10508.737 | AO43: 16823.503 | AP43: 38944.118 | AQ43: 22120.615 | AR43: 0.029034938 | AS43: 659.10961 | AT43: 825.88301 | AU43: 565.80898 | AV43: 905.80717 | AW43: 2096.8202 | AX43: 1191.013 | AY43: 5.3282775 | AZ43: Itaconate | BA43: =VLOOKUP($AZ43,Sheet1!$A$2:$B$58,2) -> Itaconate | BB43: C5H4O4 | BC43: 128.08086 | BD43: 3.2 | BE43: 381 | BF43: Acetaldehyde | BG43: -0.23362853 | BH43: 0.46295455 | BI43: 1.3460442 | BJ43: 80 | BK43: 1947.2059 | BL43: 1106.0308 | BM43: 5.1817178 | BN43: 880.89202 | BO43: 1066.3139
A44: 42 | B44: Acetaldehyde | C44: C2H4O | D44: 2 | E44: 4 | F44: 1 | G44: 44.05176 | H44: 10 | I44: Categories-Category_1 | J44: 2 | K44: 20 | L44: 60 | N44: FormicAcid/CO | O44: 40 | P44: 0.32 | Q44: 0.0325 | R44: 77.5 | S44: 170 | T44: 50 | U44: 1812.1302 | V44: 20 | W44: 0.95 | X44: 1 | Y44: 2643907.3 | Z44: 5.2878146e+08 | AA44: 1.0575629e+09 | AB44: 1057562.9 | AC44: 0 | AD44: 5480.4336 | AE44: 1972956.1 | AF44: 1183773.6 | AG44: 52.147313 | AH44: 555.7107 | AI44: 277.85535 | AJ44: 34370.795 | AK44: 854.70085 | AL44: Nanofiltration | AM44: 43067.579 | AN44: 29505.418 | AO44: 47235.41 | AP44: 107798.49 | AQ44: 60563.083 | AR44: 0.029034938 | AS44: 659.10961 | AT44: 825.88301 | AU44: 565.80898 | AV44: 905.80717 | AW44: 2067.1917 | AX44: 1161.3846 | AY44: 5.3282775 | AZ44: Limonene | BA44: =VLOOKUP($AZ44,Sheet1!$A$2:$B$58,2) -> Limonene | BB44: C10H16 | BC44: 136.23244 | BD44: 5.6 | BE44: 176 | BF44: Acetaldehyde | BG44: 0.93732216 | BH44: 0.1550211 | BI44: 0.47941109 | BJ44: 80 | BK44: 5389.9246 | BL44: 3028.1542 | BM44: 12.955445 | BN44: 2202.4257 | BO44: 3187.4989
A45: 43 | B45: Acetaldehyde | C45: C2H4O | D45: 2 | E45: 4 | F45: 1 | G45: 44.05176 | H45: 10 | I45: Categories-Category_1 | J45: 2 | K45: 20 | L45: 60 | N45: FormicAcid/CO | O45: 40 | P45: 0.32 | Q45: 0.0325 | R45: 77.5 | S45: 170 | T45: 50 | U45: 1812.1302 | V45: 20 | W45: 0.95 | X45: 1 | Y45: 1342251.9 | Z45: 2.6845037e+08 | AA45: 5.3690074e+08 | AB45: 536900.74 | AC45: 0 | AD45: 2782.292 | AE45: 1001625.1 | AF45: 600975.08 | AG45: 26.47401 | AH45: 282.12174 | AI45: 141.06087 | AJ45: 17449.274 | AK45: 854.70085 | AL45: Nanofiltration | AM45: 21864.435 | AN45: 14979.233 | AO45: 23980.348 | AP45: 55147.643 | AQ45: 31167.295 | AR45: 0.029034938 | AS45: 659.10961 | AT45: 825.88301 | AU45: 565.80898 | AV45: 905.80717 | AW45: 2083.0861 | AX45: 1177.279 | AY45: 5.3282775 | AZ45: Lysine_L | BA45: =VLOOKUP($AZ45,Sheet1!$A$2:$B$58,2) -> L-Lysine | BB45: C6H15N2O2 | BC45: 147.1932 | BD45: 4.8333333 | BF45: Acetaldehyde | BG45: 0.32194431 | BH45: 0.28261538 | BI45: 0.94432238 | BJ45: 80 | BK45: 2757.3821 | BL45: 1558.3647 | BM45: 6.7310992 | BN45: 1144.2869 | BO45: 1613.0953
A46: 44 | B46: Acetaldehyde | C46: C2H4O | D46: 2 | E46: 4 | F46: 1 | G46: 44.05176 | H46: 10 | I46: Categories-Category_1 | J46: 2 | K46: 20 | L46: 60 | N46: FormicAcid/CO | O46: 40 | P46: 0.32 | Q46: 0.0325 | R46: 77.5 | S46: 170 | T46: 50 | U46: 1812.1302 | V46: 20 | W46: 0.95 | X46: 1 | Y46: 643408.52 | Z46: 1.286817e+08 | AA46: 2.5736341e+08 | AB46: 257363.41 | AC46: 0 | AD46: 1333.6919 | AE46: 480129.08 | AF46: 288077.45 | AG46: 12.690319 | AH46: 135.23508 | AI46: 67.617538 | AJ46: 8364.3108 | AK46: 854.70085 | AL46: Nanofiltration | AM46: 10480.718 | AN46: 7180.2962 | AO46: 11494.981 | AP46: 26880.026 | AQ46: 15385.045 | AR46: 0.029034938 | AS46: 659.10961 | AT46: 825.88301 | AU46: 565.80898 | AV46: 905.80717 | AW46: 2118.1522 | AX46: 1212.3451 | AY46: 5.3282775 | AZ46: Malate_L | BA46: =VLOOKUP($AZ46,Sheet1!$A$2:$B$58,2) -> L-Malate | BB46: C4H4O5 | BC46: 132.06916 | BD46: 2.5 | BF46: Acetaldehyde | BG46: -0.31867491 | BH46: 0.65709677 | BI46: 1.9700057 | BJ46: 80 | BK46: 1344.0013 | BL46: 769.25224 | BM46: 3.6995518 | BN46: 628.92381 | BO46: 715.07751
A47: 45 | B47: Acetaldehyde | C47: C2H4O | D47: 2 | E47: 4 | F47: 1 | G47: 44.05176 | H47: 10 | I47: Categories-Category_1 | J47: 2 | K47: 20 | L47: 60 | N47: FormicAcid/CO | O47: 40 | P47: 0.32 | Q47: 0.0325 | R47: 77.5 | S47: 170 | T47: 50 | U47: 1812.1302 | V47: 20 | W47: 0.95 | X47: 1 | Y47: 593226.71 | Z47: 1.1864534e+08 | AA47: 2.3729068e+08 | AB47: 237290.68 | AC47: 0 | AD47: 1229.6723 | AE47: 442682.03 | AF47: 265609.22 | AG47: 11.700554 | AH47: 124.68759 | AI47: 62.343796 | AJ47: 7711.9472 | AK47: 854.70085 | AL47: Nanofiltration | AM47: 9663.2884 | AN47: 6620.2783 | AO47: 10598.445 | AP47: 24850.215 | AQ47: 14251.769 | AR47: 0.029034938 | AS47: 659.10961 | AT47: 825.88301 | AU47: 565.80898 | AV47: 905.80717 | AW47: 2123.8495 | AX47: 1218.0423 | AY47: 5.3282775 | AZ47: Malonate | BA47: =VLOOKUP($AZ47,Sheet1!$A$2:$B$58,2) -> Malonate | BB47: C3H2O4 | BC47: 102.04378 | BD47: 2 | BE47: 199 | BF47: Acetaldehyde | BG47: -0.35869948 | BH47: 0.92238095 | BI47: 2.136651 | BJ47: 80 | BK47: 1242.5107 | BL47: 712.58847 | BM47: 3.4758893 | BN47: 590.90118 | BO47: 651.60956
A48: 46 | B48: Acetaldehyde | C48: C2H4O | D48: 2 | E48: 4 | F48: 1 | G48: 44.05176 | H48: 10 | I48: Categories-Category_1 | J48: 2 | K48: 20 | L48: 60 | N48: FormicAcid/CO | O48: 40 | P48: 0.32 | Q48: 0.0325 | R48: 77.5 | S48: 170 | T48: 50 | U48: 1812.1302 | V48: 20 | W48: 0.95 | X48: 1 | Y48: 2579843.7 | Z48: 5.1596874e+08 | AA48: 1.0319375e+09 | AB48: 1031937.5 | AC48: 0 | AD48: 5347.6391 | AE48: 1925150.1 | AF48: 1155090 | AG48: 50.883749 | AH48: 542.24547 | AI48: 271.12273 | AJ48: 33537.968 | AK48: 854.70085 | AL48: Nanofiltration | AM48: 42024.024 | AN48: 28790.482 | AO48: 46090.865 | AP48: 105207.17 | AQ48: 59116.31 | AR48: 0.029034938 | AS48: 659.10961 | AT48: 825.88301 | AU48: 565.80898 | AV48: 905.80717 | AW48: 2067.5987 | AX48: 1161.7916 | AY48: 5.3282775 | AZ48: Nonane | BA48: =VLOOKUP($AZ48,Sheet1!$A$2:$B$58,2) -> Nonane | BB48: C9H20 | BC48: 128.2531 | BD48: 6.2222222 | BE48: 151 | BF48: Acetaldehyde | BG48: 0.97849461 | BH48: 0.16875486 | BI48: 0.491316 | BJ48: 80 | BK48: 5260.3587 | BL48: 2955.8155 | BM48: 12.577642 | BN48: 2138.1992 | BO48: 3122.1596
A49: 47 | B49: Acetaldehyde | C49: C2H4O | D49: 2 | E49: 4 | F49: 1 | G49: 44.05176 | H49: 10 | I49: Categories-Category_1 | J49: 2 | K49: 20 | L49: 60 | N49: FormicAcid/CO | O49: 40 | P49: 0.32 | Q49: 0.0325 | R49: 77.5 | S49: 170 | T49: 50 | U49: 1812.1302 | V49: 20 | W49: 0.95 | X49: 1 | Y49: 2603105.5 | Z49: 5.206211e+08 | AA49: 1.0412422e+09 | AB49: 1041242.2 | AC49: 0 | AD49: 5395.8574 | AE49: 1942508.7 | AF49: 1165505.2 | AG49: 51.342555 | AH49: 547.13476 | AI49: 273.56738 | AJ49: 33840.371 | AK49: 854.70085 | AL49: Nanofiltration | AM49: 42402.944 | AN49: 29050.079 | AO49: 46506.455 | AP49: 106148.1 | AQ49: 59641.641 | AR49: 0.029034938 | AS49: 659.10961 | AT49: 825.88301 | AU49: 565.80898 | AV49: 905.80717 | AW49: 2067.4486 | AX49: 1161.6415 | AY49: 5.3282775 | AZ49: Octane | BA49: =VLOOKUP($AZ49,Sheet1!$A$2:$B$58,2) -> Octane | BB49: C8H18 | BC49: 114.22672 | BD49: 6.25 | BE49: 126 | BF49: Acetaldehyde | BG49: 1.0212196 | BH49: 0.18778378 | BI49: 0.48692551 | BJ49: 80 | BK49: 5307.4048 | BL49: 2982.082 | BM49: 12.657149 | BN49: 2151.7154 | BO49: 3155.6894
A50: 48 | B50: Acetaldehyde | C50: C2H4O | D50: 2 | E50: 4 | F50: 1 | G50: 44.05176 | H50: 10 | I50: Categories-Category_1 | J50: 2 | K50: 20 | L50: 60 | N50: FormicAcid/CO | O50: 40 | P50: 0.32 | Q50: 0.0325 | R50: 77.5 | S50: 170 | T50: 50 | U50: 1812.1302 | V50: 20 | W50: 0.95 | X50: 1 | Y50: 2667765 | Z50: 5.3355299e+08 | AA50: 1.067106e+09 | AB50: 1067106 | AC50: 66773.504 | AD50: 5529.887 | AE50: 1990759.3 | AF50: 1194455.6 | AG50: 52.617871 | AH50: 560.72524 | AI50: 280.36262 | AJ50: 34680.944 | AK50: 2170.1389 | AL50: PSA | AM50: 43456.206 | AN50: 29771.664 | AO50: 47661.645 | AP50: 110078.95 | AQ50: 62417.308 | AR50: 0.029034938 | AS50: 659.10961 | AT50: 825.88301 | AU50: 565.80898 | AV50: 905.80717 | AW50: 2092.045 | AX50: 1186.2378 | AY50: 5.3282775 | AZ50: Pentane | BA50: =VLOOKUP($AZ50,Sheet1!$A$2:$B$58,2) -> Pentane | BB50: C5H12 | BC50: 72.14758 | BD50: 6.4 | BE50: 36.1 | BF50: Acetaldehyde | BG50: 1.1554409 | BH50: 0.29010033 | BI50: 0.47512374 | BJ50: 80 | BK50: 5503.9477 | BL50: 3120.8654 | BM50: 12.86269 | BN50: 2186.6573 | BO50: 3317.2904
A51: 49 | B51: Acetaldehyde | C51: C2H4O | D51: 2 | E51: 4 | F51: 1 | G51: 44.05176 | H51: 10 | I51: Categories-Category_1 | J51: 2 | K51: 20 | L51: 60 | N51: FormicAcid/CO | O51: 40 | P51: 0.32 | Q51: 0.0325 | R51: 77.5 | S51: 170 | T51: 50 | U51: 1812.1302 | V51: 20 | W51: 0.95 | X51: 1 | Y51: 2120694.2 | Z51: 4.2413885e+08 | AA51: 8.4827769e+08 | AB51: 848277.69 | AC51: 0 | AD51: 4395.8893 | AE51: 1582520.2 | AF51: 949512.1 | AG51: 41.827679 | AH51: 445.73896 | AI51: 222.86948 | AJ51: 27569.025 | AK51: 854.70085 | AL51: Nanofiltration | AM51: 34544.769 | AN51: 23666.477 | AO51: 37887.811 | AP51: 86634.972 | AQ51: 48747.16 | AR51: 0.029034938 | AS51: 659.10961 | AT51: 825.88301 | AU51: 565.80898 | AV51: 905.80717 | AW51: 2071.2355 | AX51: 1165.4283 | AY51: 5.3282775 | AZ51: Pentanol-PW1 | BA51: =VLOOKUP($AZ51,Sheet1!$A$2:$B$58,2) -> Pentanol (PW1) | BB51: C5H12O | BC51: 88.14658 | BD51: 6 | BE51: 138 | BF51: Acetaldehyde | BG51: 0.84663223 | BH51: 0.29869919 | BI51: 0.59769035 | BJ51: 80 | BK51: 4331.7486 | BL51: 2437.358 | BM51: 10.296842 | BN51: 1750.4631 | BO51: 2581.2855
A52: 50 | B52: Acetaldehyde | C52: C2H4O | D52: 2 | E52: 4 | F52: 1 | G52: 44.05176 | H52: 10 | I52: Categories-Category_1 | J52: 2 | K52: 20 | L52: 60 | N52: FormicAcid/CO | O52: 40 | P52: 0.32 | Q52: 0.0325 | R52: 77.5 | S52: 170 | T52: 50 | U52: 1812.1302 | V52: 20 | W52: 0.95 | X52: 1 | Y52: 2316740.2 | Z52: 4.6334804e+08 | AA52: 9.2669609e+08 | AB52: 926696.09 | AC52: 0 | AD52: 4802.264 | AE52: 1728815.1 | AF52: 1037289 | AG52: 45.694407 | AH52: 486.94496 | AI52: 243.47248 | AJ52: 30117.623 | AK52: 854.70085 | AL52: Nanofiltration | AM52: 37738.235 | AN52: 25854.306 | AO52: 41390.322 | AP52: 94564.865 | AQ52: 53174.543 | AR52: 0.029034938 | AS52: 659.10961 | AT52: 825.88301 | AU52: 565.80898 | AV52: 905.80717 | AW52: 2069.5063 | AX52: 1163.6991 | AY52: 5.3282775 | AZ52: Pentanol-PW2 | BA52: =VLOOKUP($AZ52,Sheet1!$A$2:$B$58,2) -> Pentanol (PW2) | BB52: C5H12O | BC52: 88.14658 | BD52: 6 | BE52: 138 | BF52: Acetaldehyde | BG52: 1.1556773 | BH52: 0.27342282 | BI52: 0.5471129 | BJ52: 80 | BK52: 4728.2432 | BL52: 2658.7271 | BM52: 11.017947 | BN52: 1873.051 | BO52: 2855.1923
A53: 51 | B53: Acetaldehyde | C53: C2H4O | D53: 2 | E53: 4 | F53: 1 | G53: 44.05176 | H53: 10 | I53: Categories-Category_1 | J53: 2 | K53: 20 | L53: 60 | N53: FormicAcid/CO | O53: 40 | P53: 0.32 | Q53: 0.0325 | R53: 77.5 | S53: 170 | T53: 50 | U53: 1812.1302 | V53: 20 | W53: 0.95 | X53: 1 | Y53: 2400795.3 | Z53: 4.8015906e+08 | AA53: 9.6031812e+08 | AB53: 960318.12 | AC53: 0 | AD53: 4976.4979 | AE53: 1791539.3 | AF53: 1074923.6 | AG53: 47.352274 | AH53: 504.61211 | AI53: 252.30606 | AJ53: 31210.339 | AK53: 854.70085 | AL53: Nanofiltration | AM53: 39107.439 | AN53: 26792.342 | AO53: 42892.03 | AP53: 97964.821 | AQ53: 55072.791 | AR53: 0.029034938 | AS53: 659.10961 | AT53: 825.88301 | AU53: 565.80898 | AV53: 905.80717 | AW53: 2068.8514 | AX53: 1163.0443 | AY53: 5.3282775 | AZ53: Phenol | BA53: =VLOOKUP($AZ53,Sheet1!$A$2:$B$58,2) -> Phenol | BB53: C6H6O | BC53: 94.11024 | BD53: 4.6666667 | BE53: 181.7 | BF53: Acetaldehyde | BG53: 0.97873253 | BH53: 0.24713004 | BI53: 0.52795774 | BJ53: 80 | BK53: 4898.241 | BL53: 2753.6396 | BM53: 11.63657 | BN53: 1978.217 | BO53: 2920.0241
A54: 52 | B54: Acetaldehyde | C54: C2H4O | D54: 2 | E54: 4 | F54: 1 | G54: 44.05176 | H54: 10 | I54: Categories-Category_1 | J54: 2 | K54: 20 | L54: 60 | N54: FormicAcid/CO | O54: 40 | P54: 0.32 | Q54: 0.0325 | R54: 77.5 | S54: 170 | T54: 50 | U54: 1812.1302 | V54: 20 | W54: 0.95 | X54: 1 | Y54: 2788328.5 | Z54: 5.576657e+08 | AA54: 1.1153314e+09 | AB54: 1115331.4 | AC54: 66773.504 | AD54: 5779.7976 | AE54: 2080727.1 | AF54: 1248436.3 | AG54: 54.995816 | AH54: 586.06593 | AI54: 293.03297 | AJ54: 36248.27 | AK54: 2170.1389 | AL54: PSA | AM54: 45420.11 | AN54: 31117.127 | AO54: 49815.604 | AP54: 114955.65 | AQ54: 65140.041 | AR54: 0.029034938 | AS54: 659.10961 | AT54: 825.88301 | AU54: 565.80898 | AV54: 905.80717 | AW54: 2090.2617 | AX54: 1184.4545 | AY54: 5.3282775 | AZ54: Propane-PW1 | BA54: =VLOOKUP($AZ54,Sheet1!$A$2:$B$58,2) -> Propane (PW1) | BB54: C3H8 | BC54: 44.09482 | BD54: 6.6666667 | BE54: -42 | BF54: Acetaldehyde | BG54: 1.4012652 | BH54: 0.45413613 | BI54: 0.45458004 | BJ54: 80 | BK54: 5747.7823 | BL54: 3257.0021 | BM54: 13.250383 | BN54: 2252.5651 | BO54: 3495.2172
A55: 53 | B55: Acetaldehyde | C55: C2H4O | D55: 2 | E55: 4 | F55: 1 | G55: 44.05176 | H55: 10 | I55: Categories-Category_1 | J55: 2 | K55: 20 | L55: 60 | N55: FormicAcid/CO | O55: 40 | P55: 0.32 | Q55: 0.0325 | R55: 77.5 | S55: 170 | T55: 50 | U55: 1812.1302 | V55: 20 | W55: 0.95 | X55: 1 | Y55: 3515531.6 | Z55: 7.0310632e+08 | AA55: 1.4062126e+09 | AB55: 1406212.6 | AC55: 66773.504 | AD55: 7287.1835 | AE55: 2623386 | AF55: 1574031.6 | AG55: 69.338863 | AH55: 738.91341 | AI55: 369.4567 | AJ55: 45701.911 | AK55: 2170.1389 | AL55: PSA | AM55: 57265.789 | AN55: 39232.552 | AO55: 62807.64 | AP55: 144370.39 | AQ55: 81562.751 | AR55: 0.029034938 | AS55: 659.10961 | AT55: 825.88301 | AU55: 565.80898 | AV55: 905.80717 | AW55: 2082.0992 | AX55: 1176.292 | AY55: 5.3282775 | AZ55: Propane-PW2 | BA55: =VLOOKUP($AZ55,Sheet1!$A$2:$B$58,2) -> Propane (PW2) | BB55: C3H8 | BC55: 44.09482 | BD55: 6.6666667 | BE55: -42 | BF55: Acetaldehyde | BG55: 2.5476213 | BH55: 0.36019608 | BI55: 0.36054817 | BJ55: 80 | BK55: 7218.5195 | BL55: 4078.1376 | BM55: 15.925214 | BN55: 2707.2864 | BO55: 4511.2332
A56: 54 | B56: Acetaldehyde | C56: C2H4O | D56: 2 | E56: 4 | F56: 1 | G56: 44.05176 | H56: 10 | I56: Categories-Category_1 | J56: 2 | K56: 20 | L56: 60 | N56: FormicAcid/CO | O56: 40 | P56: 0.32 | Q56: 0.0325 | R56: 77.5 | S56: 170 | T56: 50 | U56: 1812.1302 | V56: 20 | W56: 0.95 | X56: 1 | Y56: 1190838.9 | Z56: 2.3816777e+08 | AA56: 4.7633554e+08 | AB56: 476335.54 | AC56: 0 | AD56: 2468.435 | AE56: 888636.59 | AF56: 533181.96 | AG56: 23.487604 | AH56: 250.29694 | AI56: 125.14847 | AJ56: 15480.905 | AK56: 854.70085 | AL56: Nanofiltration | AM56: 19398.013 | AN56: 13289.497 | AO56: 21275.24 | AP56: 49023.116 | AQ56: 27747.876 | AR56: 0.029034938 | AS56: 659.10961 | AT56: 825.88301 | AU56: 565.80898 | AV56: 905.80717 | AW56: 2087.191 | AX56: 1181.3839 | AY56: 5.3282775 | AZ56: Shikimate | BA56: =VLOOKUP($AZ56,Sheet1!$A$2:$B$58,2) -> Shikimate | BB56: C7H9O5 | BC56: 173.14046 | BD56: 3.8571429 | BE56: 400.5 | BF56: Acetaldehyde | BG56: 0.097920221 | BH56: 0.27081081 | BI56: 1.0643913 | BJ56: 80 | BK56: 2451.1558 | BL56: 1387.3938 | BM56: 6.1595032 | BN56: 1047.1155 | BO56: 1404.0402
A57: 55 | B57: Acetaldehyde | C57: C2H4O | D57: 2 | E57: 4 | F57: 1 | G57: 44.05176 | H57: 10 | I57: Categories-Category_1 | J57: 2 | K57: 20 | L57: 60 | N57: FormicAcid/CO | O57: 40 | P57: 0.32 | Q57: 0.0325 | R57: 77.5 | S57: 170 | T57: 50 | U57: 1812.1302 | V57: 20 | W57: 0.95 | X57: 1 | Y57: 2855242.4 | Z57: 5.7104848e+08 | AA57: 1.142097e+09 | AB57: 1142097 | AC57: 0 | AD57: 5918.5004 | AE57: 2130660.2 | AF57: 1278396.1 | AG57: 56.315598 | AH57: 600.13026 | AI57: 300.06513 | AJ57: 37118.151 | AK57: 854.70085 | AL57: Nanofiltration | AM57: 46510.095 | AN57: 31863.871 | AO57: 51011.072 | AP57: 116346.82 | AQ57: 65335.747 | AR57: 0.029034938 | AS57: 659.10961 | AT57: 825.88301 | AU57: 565.80898 | AV57: 905.80717 | AW57: 2065.9786 | AX57: 1160.1714 | AY57: 5.3282775 | AZ57: Styrene | BA57: =VLOOKUP($AZ57,Sheet1!$A$2:$B$58,2) -> Styrene | BB57: C8H8 | BC57: 104.14832 | BD57: 5 | BE57: 145 | BF57: Acetaldehyde | BG57: 1.1204135 | BH57: 0.18776831 | BI57: 0.44392674 | BJ57: 80 | BK57: 5817.3409 | BL57: 3266.7873 | BM57: 13.882843 | BN57: 2360.0833 | BO57: 3457.2576
A58: 56 | B58: Acetaldehyde | C58: C2H4O | D58: 2 | E58: 4 | F58: 1 | G58: 44.05176 | H58: 10 | I58: Categories-Category_1 | J58: 2 | K58: 20 | L58: 60 | N58: FormicAcid/CO | O58: 40 | P58: 0.32 | Q58: 0.0325 | R58: 77.5 | S58: 170 | T58: 50 | U58: 1812.1302 | V58: 20 | W58: 0.95 | X58: 1 | Y58: 779327.3 | Z58: 1.5586546e+08 | AA58: 3.1173092e+08 | AB58: 311730.92 | AC58: 0 | AD58: 1615.4316 | AE58: 581555.39 | AF58: 348933.23 | AG58: 15.371123 | AH58: 163.80322 | AI58: 81.901609 | AJ58: 10131.255 | AK58: 854.70085 | AL58: Nanofiltration | AM58: 12694.749 | AN58: 8697.1196 | AO58: 13923.274 | AP58: 32377.825 | AQ58: 18454.551 | AR58: 0.029034938 | AS58: 659.10961 | AT58: 825.88301 | AU58: 565.80898 | AV58: 905.80717 | AW58: 2106.4059 | AX58: 1200.5987 | AY58: 5.3282775 | AZ58: Succinate | BA58: =VLOOKUP($AZ58,Sheet1!$A$2:$B$58,2) -> Succinate | BB58: C4H4O4 | BC58: 116.07016 | BD58: 3 | BE58: 235 | BF58: Acetaldehyde | BG58: -0.28814475 | BH58: 0.61727273 | BI58: 1.6264264 | BJ58: 80 | BK58: 1618.8912 | BL58: 922.72756 | BM58: 4.3832252 | BN58: 745.14828 | BO58: 873.74295
... A85: 83 | B85: AceticAcid | C85: CH3COOH | D85: 2 | E85: 4 | F85: 2 | G85: 60.05076 | H85: 8 | I85: Categories-Category_1 | J85: 4 | K85: 300 | L85: 70 | N85: FormicAcid/CO | O85: 30 | P85: 0.325 | Q85: 0.0325 | R85: 77.5 | S85: 170 | T85: 20 | U85: 1812.1302 | V85: 20 | W85: 0.95 | X85: 1 | Y85: 89296.252 | Z85: 2.6788876e+08 | AA85: 1.071555e+09 | AB85: 1071555 | AC85: 0 | AD85: 2776.4713 | AE85: 1249412.1 | AF85: 874588.46 | AG85: 52.519701 | AH85: 714.82613 | AI85: 142.96523 | AJ85: 34825.538 | AK85: 854.70085 | AL85: Nanofiltration | AM85: 55399.025 | AN85: 996.52634 | AO85: 24304.089 | AP85: 92075.791 | AQ85: 67771.702 | AR85: 0.039819344 | AS85: 663.09475 | AT85: 1054.8237 | AU85: 18.974334 | AV85: 462.76136 | AW85: 1753.1667 | AX85: 1290.4053 | AY85: 2.7221257 | AZ85: ciscisMuconate | BA85: =VLOOKUP($AZ85,Sheet1!$A$2:$B$58,2) -> cis,cis-Muconate | BB85: C6H4O4 | BC85: 140.09156 | BD85: 3.3333333 | BE85: 345.4 | BF85: Acetate | BG85: 1.2469025 | BH85: 0.20061972 | BI85: 0.47601185 | BJ85: 80 | BK85: 4603.7895 | BL85: 3388.5851 | BM85: 5.9013588 | BN85: 1003.231 | BO85: 3600.5585
A86: 84 | B86: AceticAcid | C86: CH3COOH | D86: 2 | E86: 4 | F86: 2 | G86: 60.05076 | H86: 8 | I86: Categories-Category_1 | J86: 4 | K86: 300 | L86: 70 | N86: FormicAcid/CO | O86: 30 | P86: 0.325 | Q86: 0.0325 | R86: 77.5 | S86: 170 | T86: 20 | U86: 1812.1302 | V86: 20 | W86: 0.95 | X86: 1 | Y86: 40811.044 | Z86: 1.2243313e+08 | AA86: 4.8973253e+08 | AB86: 489732.53 | AC86: 0 | AD86: 1268.93 | AE86: 571018.49 | AF86: 399712.94 | AG86: 24.003066 | AH86: 326.69681 | AI86: 65.339362 | AJ86: 15916.307 | AK86: 854.70085 | AL86: Nanofiltration | AM86: 25319.003 | AN86: 455.44219 | AO86: 11107.692 | AP86: 42545.453 | AQ86: 31437.761 | AR86: 0.039819344 | AS86: 663.09475 | AT86: 1054.8237 | AU86: 18.974334 | AV86: 462.76136 | AW86: 1772.5008 | AX86: 1309.7394 | AY86: 2.7221257 | AZ86: Citrate | BA86: =VLOOKUP($AZ86,Sheet1!$A$2:$B$58,2) -> Citrate | BB86: C6H5O7 | BC86: 189.0964 | BD86: 2.5 | BF86: Acetate | BG86: 0.034900961 | BH86: 0.32520548 | BI86: 1.0415336 | BJ86: 80 | BK86: 2127.2726 | BL86: 1571.8881 | BM86: 3.2320671 | BN86: 549.45141 | BO86: 1577.8212
A87: 85 | B87: AceticAcid | C87: CH3COOH | D87: 2 | E87: 4 | F87: 2 | G87: 60.05076 | H87: 8 | I87: Categories-Category_1 | J87: 4 | K87: 300 | L87: 70 | N87: FormicAcid/CO | O87: 30 | P87: 0.325 | Q87: 0.0325 | R87: 77.5 | S87: 170 | T87: 20 | U87: 1812.1302 | V87: 20 | W87: 0.95 | X87: 1 | Y87: 113349.36 | Z87: 3.4004807e+08 | AA87: 1.3601923e+09 | AB87: 1360192.3 | AC87: 0 | AD87: 3524.3498 | AE87: 1585957.4 | AF87: 1110170.2 | AG87: 66.666564 | AH87: 907.37382 | AI87: 181.47476 | AJ87: 44206.249 | AK87: 854.70085 | AL87: Nanofiltration | AM87: 70321.471 | AN87: 1264.9536 | AO87: 30850.71 | AP87: 116647.37 | AQ87: 85796.664 | AR87: 0.039819344 | AS87: 663.09475 | AT87: 1054.8237 | AU87: 18.974334 | AV87: 462.76136 | AW87: 1749.7133 | AX87: 1286.9519 | AY87: 2.7221257 | AZ87: CoumaricAcid | BA87: =VLOOKUP($AZ87,Sheet1!$A$2:$B$58,2) -> Coumaric Acid | BB87: C9H7O3 | BC87: 163.14818 | BD87: 4.1111111 | BE87: 346 | BF87: Acetate | BG87: 1.5476141 | BH87: 0.13571178 | BI87: 0.37500058 | BJ87: 80 | BK87: 5832.3687 | BL87: 4289.8332 | BM87: 7.5261241 | BN87: 1279.4411 | BO87: 4552.9276
A88: 86 | B88: AceticAcid | C88: CH3COOH | D88: 2 | E88: 4 | F88: 2 | G88: 60.05076 | H88: 8 | I88: Categories-Category_1 | J88: 4 | K88: 300 | L88: 70 | N88: FormicAcid/CO | O88: 30 | P88: 0.325 | Q88: 0.0325 | R88: 77.5 | S88: 170 | T88: 20 | U88: 1812.1302 | V88: 20 | W88: 0.95 | X88: 1 | Y88: 85192.859 | Z88: 2.5557858e+08 | AA88: 1.0223143e+09 | AB88: 1022314.3 | AC88: 0 | AD88: 2648.8853 | AE88: 1191998.4 | AF88: 834398.86 | AG88: 50.106286 | AH88: 681.97803 | AI88: 136.39561 | AJ88: 33225.215 | AK88: 854.70085 | AL88: Nanofiltration | AM88: 52853.297 | AN88: 950.73338 | AO88: 23187.253 | AP88: 87883.946 | AQ88: 64696.693 | AR88: 0.039819344 | AS88: 663.09475 | AT88: 1054.8237 | AU88: 18.974334 | AV88: 462.76136 | AW88: 1753.9505 | AX88: 1291.1892 | AY88: 2.7221257 | AZ88: EthylAcetate | BA88: =VLOOKUP($AZ88,Sheet1!$A$2:$B$58,2) -> Ethyl Acetate | BB88: C4H8O2 | BC88: 88.10352 | BD88: 5 | BE88: 77.1 | BF88: Acetate | BG88: 0.98979375 | BH88: 0.3343662 | BI88: 0.4989394 | BJ88: 80 | BK88: 4394.1973 | BL88: 3234.8347 | BM88: 5.8299865 | BN88: 991.09771 | BO88: 3403.0996
A89: 87 | B89: AceticAcid | C89: CH3COOH | D89: 2 | E89: 4 | F89: 2 | G89: 60.05076 | H89: 8 | I89: Categories-Category_1 | J89: 4 | K89: 300 | L89: 70 | N89: FormicAcid/CO | O89: 30 | P89: 0.325 | Q89: 0.0325 | R89: 77.5 | S89: 170 | T89: 20 | U89: 1812.1302 | V89: 20 | W89: 0.95 | X89: 1 | Y89: 169858.97 | Z89: 5.095769e+08 | AA89: 2.0383076e+09 | AB89: 2038307.6 | AC89: 0 | AD89: 5281.3924 | AE89: 2376626.6 | AF89: 1663638.6 | AG89: 99.902763 | AH89: 1359.7394 | AI89: 271.94787 | AJ89: 66244.997 | AK89: 1835.3365 | AL89: Distillation | AM89: 105379.8 | AN89: 1895.5884 | AO89: 46231.138 | AP89: 175355.72 | AQ89: 129124.58 | AR89: 0.039819344 | AS89: 663.09475 | AT89: 1054.8237 | AU89: 18.974334 | AV89: 462.76136 | AW89: 1755.264 | AX89: 1292.5026 | AY89: 2.7221257 | AZ89: Farnesene | BA89: =VLOOKUP($AZ89,Sheet1!$A$2:$B$58,2) -> Farnesene | BB89: C15H24 | BC89: 204.34866 | BD89: 5.6 | BE89: 260 (A)/272 (B) | BF89: Acetate | BG89: 2.7268132 | BH89: 0.072303371 | BI89: 0.25024333 | BJ89: 80 | BK89: 8767.7861 | BL89: 6456.2292 | BM89: 10.87058 | BN89: 1847.9987 | BO89: 6919.7875
A90: 88 | B90: AceticAcid | C90: CH3COOH | D90: 2 | E90: 4 | F90: 2 | G90: 60.05076 | H90: 8 | I90: Categories-Category_1 | J90: 4 | K90: 300 | L90: 70 | N90: FormicAcid/CO | O90: 30 | P90: 0.325 | Q90: 0.0325 | R90: 77.5 | S90: 170 | T90: 20 | U90: 1812.1302 | V90: 20 | W90: 0.95 | X90: 1 | Y90: 88415.578 | Z90: 2.6524673e+08 | AA90: 1.0609869e+09 | AB90: 1060986.9 | AC90: 0 | AD90: 2749.0887 | AE90: 1237089.9 | AF90: 865962.92 | AG90: 52.001732 | AH90: 707.77624 | AI90: 141.55525 | AJ90: 34482.075 | AK90: 1835.3365 | AL90: Distillation | AM90: 54852.659 | AN90: 986.69821 | AO90: 24064.392 | AP90: 92156.769 | AQ90: 68092.377 | AR90: 0.039819344 | AS90: 663.09475 | AT90: 1054.8237 | AU90: 18.974334 | AV90: 462.76136 | AW90: 1772.1865 | AX90: 1309.4252 | AY90: 2.7221257 | AZ90: GammaButyrolactone | BA90: =VLOOKUP($AZ90,Sheet1!$A$2:$B$58,2) -> Gamma Butyrolactone | BB90: C4H6O2 | BC90: 86.08784 | BD90: 4.5 | BE90: 204 | BF90: Acetate | BG90: 1.0560374 | BH90: 0.32972222 | BI90: 0.48075322 | BJ90: 80 | BK90: 4607.8384 | BL90: 3404.6188 | BM90: 6.021725 | BN90: 1023.6932 | BO90: 3584.1452
A91: 89 | B91: AceticAcid | C91: CH3COOH | D91: 2 | E91: 4 | F91: 2 | G91: 60.05076 | H91: 8 | I91: Categories-Category_1 | J91: 4 | K91: 300 | L91: 70 | N91: FormicAcid/CO | O91: 30 | P91: 0.325 | Q91: 0.0325 | R91: 77.5 | S91: 170 | T91: 20 | U91: 1812.1302 | V91: 20 | W91: 0.95 | X91: 1 | Y91: 50822.272 | Z91: 1.5246682e+08 | AA91: 6.0986726e+08 | AB91: 609867.26 | AC91: 0 | AD91: 1580.2072 | AE91: 711093.23 | AF91: 497765.26 | AG91: 29.891182 | AH91: 406.83777 | AI91: 81.367554 | AJ91: 19820.686 | AK91: 854.70085 | AL91: Nanofiltration | AM91: 31529.927 | AN91: 567.16526 | AO91: 13832.484 | AP91: 52772.479 | AQ91: 38939.995 | AR91: 0.039819344 | AS91: 663.09475 | AT91: 1054.8237 | AU91: 18.974334 | AV91: 462.76136 | AW91: 1765.4865 | AX91: 1302.7252 | AY91: 2.7221257 | AZ91: Glutamate_L | BA91: =VLOOKUP($AZ91,Sheet1!$A$2:$B$58,2) -> L-Glutamate | BB91: C5H8NO4 | BC91: 146.11892 | BD91: 3.4 | BE91: 333.8 | BF91: Acetate | BG91: 0.27648183 | BH91: 0.33795455 | BI91: 0.83636706 | BJ91: 80 | BK91: 2638.624 | BL91: 1946.9998 | BM91: 3.7918959 | BN91: 644.62229 | BO91: 1994.0017
A92: 90 | B92: AceticAcid | C92: CH3COOH | D92: 2 | E92: 4 | F92: 2 | G92: 60.05076 | H92: 8 | I92: Categories-Category_1 | J92: 4 | K92: 300 | L92: 70 | N92: FormicAcid/CO | O92: 30 | P92: 0.325 | Q92: 0.0325 | R92: 77.5 | S92: 170 | T92: 20 | U92: 1812.1302 | V92: 20 | W92: 0.95 | X92: 1 | Y92: 85437.667 | Z92: 2.56313e+08 | AA92: 1.025252e+09 | AB92: 1025252 | AC92: 0 | AD92: 2656.497 | AE92: 1195423.7 | AF92: 836796.57 | AG92: 50.25027 | AH92: 683.93774 | AI92: 136.78755 | AJ92: 33320.69 | AK92: 854.70085 | AL92: Nanofiltration | AM92: 53005.175 | AN92: 953.46539 | AO92: 23253.883 | AP92: 88134.032 | AQ92: 64880.148 | AR92: 0.039819344 | AS92: 663.09475 | AT92: 1054.8237 | AU92: 18.974334 | AV92: 462.76136 | AW92: 1753.9017 | AX92: 1291.1403 | AY92: 2.7221257 | AZ92: Glutarate | BA92: =VLOOKUP($AZ92,Sheet1!$A$2:$B$58,2) -> Glutarate | BB92: C5H6O4 | BC92: 130.09654 | BD92: 3.6 | BE92: 200 | BF92: Acetate | BG92: 1.3050475 | BH92: 0.22578947 | BI92: 0.49750977 | BJ92: 80 | BK92: 4406.7016 | BL92: 3244.0074 | BM92: 5.5343299 | BN92: 940.83608 | BO92: 3465.8655
A93: 91 | B93: AceticAcid | C93: CH3COOH | D93: 2 | E93: 4 | F93: 2 | G93: 60.05076 | H93: 8 | I93: Categories-Category_1 | J93: 4 | K93: 300 | L93: 70 | N93: FormicAcid/CO | O93: 30 | P93: 0.325 | Q93: 0.0325 | R93: 77.5 | S93: 170 | T93: 20 | U93: 1812.1302 | V93: 20 | W93: 0.95 | X93: 1 | Y93: 35218.769 | Z93: 1.0565631e+08 | AA93: 4.2262523e+08 | AB93: 422625.23 | AC93: 0 | AD93: 1095.0505 | AE93: 492772.71 | AF93: 344940.89 | AG93: 20.713963 | AH93: 281.93005 | AI93: 56.38601 | AJ93: 13735.32 | AK93: 854.70085 | AL93: Nanofiltration | AM93: 21849.579 | AN93: 393.03364 | AO93: 9585.6216 | AP93: 36832.633 | AQ93: 27247.012 | AR93: 0.039819344 | AS93: 663.09475 | AT93: 1054.8237 | AU93: 18.974334 | AV93: 462.76136 | AW93: 1778.1548 | AX93: 1315.3935 | AY93: 2.7221257 | AZ93: Glycolate | BA93: =VLOOKUP($AZ93,Sheet1!$A$2:$B$58,2) -> Glycolate | BB93: C2H3O3 | BC93: 75.04192 | BD93: 2.5 | BE93: 112 | BF93: Acetate | BG93: 0.062253999 | BH93: 0.9496 | BI93: 1.2069154 | BJ93: 80 | BK93: 1841.6317 | BL93: 1362.3506 | BM93: 2.7570465 | BN93: 468.6979 | BO93: 1372.9338
A94: 92 | B94: AceticAcid | C94: CH3COOH | D94: 2 | E94: 4 | F94: 2 | G94: 60.05076 | H94: 8 | I94: Categories-Category_1 | J94: 4 | K94: 300 | L94: 70 | N94: FormicAcid/CO | O94: 30 | P94: 0.325 | Q94: 0.0325 | R94: 77.5 | S94: 170 | T94: 20 | U94: 1812.1302 | V94: 20 | W94: 0.95 | X94: 1 | Y94: 167751.35 | Z94: 5.0325406e+08 | AA94: 2.0130162e+09 | AB94: 2013016.2 | AC94: 0 | AD94: 5215.8608 | AE94: 2347137.3 | AF94: 1642996.1 | AG94: 98.663167 | AH94: 1342.8677 | AI94: 268.57354 | AJ94: 65423.028 | AK94: 854.70085 | AL94: Nanofiltration | AM94: 104072.25 | AN94: 1872.0678 | AO94: 45657.501 | AP94: 172222.04 | AQ94: 126564.54 | AR94: 0.039819344 | AS94: 663.09475 | AT94: 1054.8237 | AU94: 18.974334 | AV94: 462.76136 | AW94: 1745.5556 | AX94: 1282.7942 | AY94: 2.7221257 | AZ94: Heptane | BA94: =VLOOKUP($AZ94,Sheet1!$A$2:$B$58,2) -> Heptane | BB94: C7H16 | BC94: 100.20034 | BD94: 6.2857143 | BE94: 98 | BF94: Acetate | BG94: 2.8088623 | BH94: 0.14930818 | BI94: 0.25338737 | BJ94: 80 | BK94: 8611.1021 | BL94: 6328.2271 | BM94: 10.619815 | BN94: 1805.3685 | BO94: 6805.7336
A95: 93 | B95: AceticAcid | C95: CH3COOH | D95: 2 | E95: 4 | F95: 2 | G95: 60.05076 | H95: 8 | I95: Categories-Category_1 | J95: 4 | K95: 300 | L95: 70 | N95: FormicAcid/CO | O95: 30 | P95: 0.325 | Q95: 0.0325 | R95: 77.5 | S95: 170 | T95: 20 | U95: 1812.1302 | V95: 20 | W95: 0.95 | X95: 1 | Y95: 174200.9 | Z95: 5.226027e+08 | AA95: 2.0904108e+09 | AB95: 2090410.8 | AC95: 0 | AD95: 5416.3953 | AE95: 2437377.9 | AF95: 1706164.5 | AG95: 102.45648 | AH95: 1394.497 | AI95: 278.8994 | AJ95: 67938.352 | AK95: 854.70085 | AL95: Nanofiltration | AM95: 108073.52 | AN95: 1944.0434 | AO95: 47412.898 | AP95: 178810.61 | AQ95: 131397.72 | AR95: 0.039819344 | AS95: 663.09475 | AT95: 1054.8237 | AU95: 18.974334 | AV95: 462.76136 | AW95: 1745.2349 | AX95: 1282.4735 | AY95: 2.7221257 | AZ95: Hexane | BA95: =VLOOKUP($AZ95,Sheet1!$A$2:$B$58,2) -> Hexane | BB95: C6H14 | BC95: 86.17396 | BD95: 6.3333333 | BE95: 69 | BF95: Acetate | BG95: 3.0453356 | BH95: 0.1671831 | BI95: 0.24400605 | BJ95: 80 | BK95: 8940.5307 | BL95: 6569.8858 | BM95: 10.899635 | BN95: 1852.9379 | BO95: 7087.5928
A96: 94 | B96: AceticAcid | C96: CH3COOH | D96: 2 | E96: 4 | F96: 2 | G96: 60.05076 | H96: 8 | I96: Categories-Category_1 | J96: 4 | K96: 300 | L96: 70 | N96: FormicAcid/CO | O96: 30 | P96: 0.325 | Q96: 0.0325 | R96: 77.5 | S96: 170 | T96: 20 | U96: 1812.1302 | V96: 20 | W96: 0.95 | X96: 1 | Y96: 107541.2 | Z96: 3.2262361e+08 | AA96: 1.2904945e+09 | AB96: 1290494.5 | AC96: 0 | AD96: 3343.7581 | AE96: 1504691.1 | AF96: 1053283.8 | AG96: 63.250493 | AH96: 860.87895 | AI96: 172.17579 | AJ96: 41941.07 | AK96: 854.70085 | AL96: Nanofiltration | AM96: 66718.118 | AN96: 1200.136 | AO96: 29269.884 | AP96: 110714.02 | AQ96: 81444.141 | AR96: 0.039819344 | AS96: 663.09475 | AT96: 1054.8237 | AU96: 18.974334 | AV96: 462.76136 | AW96: 1750.4057 | AX96: 1287.6444 | AY96: 2.7221257 | AZ96: Isobutanol | BA96: =VLOOKUP($AZ96,Sheet1!$A$2:$B$58,2) -> Isobutanol | BB96: C5H10O | BC96: 86.1309 | BD96: 5.6 | BE96: 108 | BF96: Acetate | BG96: 1.7278368 | BH96: 0.27094737 | BI96: 0.39525384 | BJ96: 80 | BK96: 5535.7012 | BL96: 4072.207 | BM96: 6.8809526 | BN96: 1169.7619 | BO96: 4365.9393
A97: 95 | B97: AceticAcid | C97: CH3COOH | D97: 2 | E97: 4 | F97: 2 | G97: 60.05076 | H97: 8 | I97: Categories-Category_1 | J97: 4 | K97: 300 | L97: 70 | N97: FormicAcid/CO | O97: 30 | P97: 0.325 | Q97: 0.0325 | R97: 77.5 | S97: 170 | T97: 20 | U97: 1812.1302 | V97: 20 | W97: 0.95 | X97: 1 | Y97: 89557.848 | Z97: 2.6867354e+08 | AA97: 1.0746942e+09 | AB97: 1074694.2 | AC97: 0 | AD97: 2784.605 | AE97: 1253072.3 | AF97: 877150.59 | AG97: 52.673559 | AH97: 716.92024 | AI97: 143.38405 | AJ97: 34927.561 | AK97: 854.70085 | AL97: Nanofiltration | AM97: 55561.318 | AN97: 999.44569 | AO97: 24375.288 | AP97: 92343.026 | AQ97: 67967.738 | AR97: 0.039819344 | AS97: 663.09475 | AT97: 1054.8237 | AU97: 18.974334 | AV97: 462.76136 | AW97: 1753.1191 | AX97: 1290.3578 | AY97: 2.7221257 | AZ97: Isobutyrate | BA97: =VLOOKUP($AZ97,Sheet1!$A$2:$B$58,2) -> Isobutyrate | BB97: C4H7O2 | BC97: 87.09568 | BD97: 4.75 | BE97: 155 | BF97: Acetate | BG97: 1.119762 | BH97: 0.32175 | BI97: 0.47462143 | BJ97: 80 | BK97: 4617.1513 | BL97: 3398.3869 | BM97: 6.0494404 | BN97: 1028.4049 | BO97: 3588.7464
A98: 96 | B98: AceticAcid | C98: CH3COOH | D98: 2 | E98: 4 | F98: 2 | G98: 60.05076 | H98: 8 | I98: Categories-Category_1 | J98: 4 | K98: 300 | L98: 70 | N98: FormicAcid/CO | O98: 30 | P98: 0.325 | Q98: 0.0325 | R98: 77.5 | S98: 170 | T98: 20 | U98: 1812.1302 | V98: 20 | W98: 0.95 | X98: 1 | Y98: 170336.1 | Z98: 5.110083e+08 | AA98: 2.0440332e+09 | AB98: 2044033.2 | AC98: 66773.504 | AD98: 5296.2278 | AE98: 2383302.5 | AF98: 1668311.7 | AG98: 100.18339 | AH98: 1363.5589 | AI98: 272.71177 | AJ98: 66431.079 | AK98: 2170.1389 | AL98: PSA | AM98: 105675.81 | AN98: 1900.913 | AO98: 46361.001 | AP98: 176177.94 | AQ98: 129816.94 | AR98: 0.039819344 | AS98: 663.09475 | AT98: 1054.8237 | AU98: 18.974334 | AV98: 462.76136 | AW98: 1758.5544 | AX98: 1295.7931 | AY98: 2.7221257 | AZ98: Isoprene | BA98: =VLOOKUP($AZ98,Sheet1!$A$2:$B$58,2) -> Isoprene | BB98: C5H8 | BC98: 68.11622 | BD98: 5.6 | BE98: 34.07 | BF98: Acetate | BG98: 2.7435473 | BH98: 0.21630252 | BI98: 0.24954237 | BJ98: 80 | BK98: 8808.8971 | BL98: 6490.8471 | BM98: 10.892041 | BN98: 1851.647 | BO98: 6957.2501
A99: 97 | B99: AceticAcid | C99: CH3COOH | D99: 2 | E99: 4 | F99: 2 | G99: 60.05076 | H99: 8 | I99: Categories-Category_1 | J99: 4 | K99: 300 | L99: 70 | N99: FormicAcid/CO | O99: 30 | P99: 0.325 | Q99: 0.0325 | R99: 77.5 | S99: 170 | T99: 20 | U99: 1812.1302 | V99: 20 | W99: 0.95 | X99: 1 | Y99: 107083.95 | Z99: 3.2125186e+08 | AA99: 1.2850075e+09 | AB99: 1285007.5 | AC99: 0 | AD99: 3329.5409 | AE99: 1498293.4 | AF99: 1048805.4 | AG99: 62.981561 | AH99: 857.21861 | AI99: 171.44372 | AJ99: 41762.742 | AK99: 854.70085 | AL99: Nanofiltration | AM99: 66434.442 | AN99: 1195.0331 | AO99: 29145.433 | AP99: 110246.92 | AQ99: 81101.486 | AR99: 0.039819344 | AS99: 663.09475 | AT99: 1054.8237 | AU99: 18.974334 | AV99: 462.76136 | AW99: 1750.4634 | AX99: 1287.7021 | AY99: 2.7221257 | AZ99: Isopropanol | BA99: =VLOOKUP($AZ99,Sheet1!$A$2:$B$58,2) -> Isopropanol | BB99: C3H8O | BC99: 60.09382 | BD99: 6 | BE99: 82.5 | BF99: Acetate | BG99: 1.5586013 | BH99: 0.39 | BI99: 0.39694158 | BJ99: 80 | BK99: 5512.3459 | BL99: 4055.0743 | BM99: 7.0135848 | BN99: 1192.3094 | BO99: 4320.0365
A100: 98 | B100: AceticAcid | C100: CH3COOH | D100: 2 | E100: 4 | F100: 2 | G100: 60.05076 | H100: 8 | I100: Categories-Category_1 | J100: 4 | K100: 300 | L100: 70 | N100: FormicAcid/CO | O100: 30 | P100: 0.325 | Q100: 0.0325 | R100: 77.5 | S100: 170 | T100: 20 | U100: 1812.1302 | V100: 20 | W100: 0.95 | X100: 1 | Y100: 57979.744 | Z100: 1.7393923e+08 | AA100: 6.9575693e+08 | AB100: 695756.93 | AC100: 0 | AD100: 1802.7531 | AE100: 811238.89 | AF100: 567867.22 | AG100: 34.100858 | AH100: 464.1341 | AI100: 92.826821 | AJ100: 22612.1 | AK100: 854.70085 | AL100: Nanofiltration | AM100: 35970.393 | AN100: 647.04106 | AO100: 15780.56 | AP100: 60084.235 | AQ100: 44303.676 | AR100: 0.039819344 | AS100: 663.09475 | AT100: 1054.8237 | AU100: 18.974334 | AV100: 462.76136 | AW100: 1761.9567 | AX100: 1299.1953 | AY100: 2.7221257 | AZ100: Itaconate | BA100: =VLOOKUP($AZ100,Sheet1!$A$2:$B$58,2) -> Itaconate | BB100: C5H4O4 | BC100: 128.08086 | BD100: 3.2 | BE100: 381 | BF100: Acetate | BG100: 0.3154197 | BH100: 0.33795455 | BI100: 0.73311938 | BJ100: 80 | BK100: 3004.2118 | BL100: 2215.1838 | BM100: 4.3259213 | BN100: 735.40663 | BO100: 2268.8051
A101: 99 | B101: AceticAcid | C101: CH3COOH | D101: 2 | E101: 4 | F101: 2 | G101: 60.05076 | H101: 8 | I101: Categories-Category_1 | J101: 4 | K101: 300 | L101: 70 | N101: FormicAcid/CO | O101: 30 | P101: 0.325 | Q101: 0.0325 | R101: 77.5 | S101: 170 | T101: 20 | U101: 1812.1302 | V101: 20 | W101: 0.95 | X101: 1 | Y101: 169620.4 | Z101: 5.0886121e+08 | AA101: 2.0354448e+09 | AB101: 2035444.8 | AC101: 0 | AD101: 5273.9747 | AE101: 2373288.6 | AF101: 1661302 | AG101: 99.76245 | AH101: 1357.8296 | AI101: 271.56592 | AJ101: 66151.957 | AK101: 854.70085 | AL101: Nanofiltration | AM101: 105231.8 | AN101: 1892.926 | AO101: 46166.207 | AP101: 174131.38 | AQ101: 127965.17 | AR101: 0.039819344 | AS101: 663.09475 | AT101: 1054.8237 | AU101: 18.974334 | AV101: 462.76136 | AW101: 1745.4601 | AX101: 1282.6988 | AY101: 2.7221257 | AZ101: Limonene | BA101: =VLOOKUP($AZ101,Sheet1!$A$2:$B$58,2) -> Limonene | BB101: C10H16 | BC101: 136.23244 | BD101: 5.6 | BE101: 176 | BF101: Acetate | BG101: 2.7184462 | BH101: 0.10860759 | BI101: 0.25059529 | BJ101: 80 | BK101: 8706.5689 | BL101: 6398.2586 | BM101: 10.85985 | BN101: 1846.1745 | BO101: 6860.3944
A102: 100 | B102: AceticAcid | C102: CH3COOH | D102: 2 | E102: 4 | F102: 2 | G102: 60.05076 | H102: 8 | I102: Categories-Category_1 | J102: 4 | K102: 300 | L102: 70 | N102: FormicAcid/CO | O102: 30 | P102: 0.325 | Q102: 0.0325 | R102: 77.5 | S102: 170 | T102: 20 | U102: 1812.1302 | V102: 20 | W102: 0.95 | X102: 1 | Y102: 86112.437 | Z102: 2.5833731e+08 | AA102: 1.0333492e+09 | AB102: 1033349.2 | AC102: 0 | AD102: 2677.4775 | AE102: 1204864.9 | AF102: 843405.43 | AG102: 50.647137 | AH102: 689.33935 | AI102: 137.86787 | AJ102: 33583.851 | AK102: 854.70085 | AL102: Nanofiltration | AM102: 53423.8 | AN102: 960.99567 | AO102: 23437.538 | AP102: 88823.347 | AQ102: 65385.809 | AR102: 0.039819344 | AS102: 663.09475 | AT102: 1054.8237 | AU102: 18.974334 | AV102: 462.76136 | AW102: 1753.7684 | AX102: 1291.007 | AY102: 2.7221257 | AZ102: Lysine_L | BA102: =VLOOKUP($AZ102,Sheet1!$A$2:$B$58,2) -> L-Lysine | BB102: C6H15N2O2 | BC102: 147.1932 | BD102: 4.8333333 | BF102: Acetate | BG102: 1.2261807 | BH102: 0.198 | BI102: 0.49361132 | BJ102: 80 | BK102: 4441.1673 | BL102: 3269.2904 | BM102: 5.6672129 | BN102: 963.42619 | BO102: 3477.7412
A103: 101 | B103: AceticAcid | C103: CH3COOH | D103: 2 | E103: 4 | F103: 2 | G103: 60.05076 | H103: 8 | I103: Categories-Category_1 | J103: 4 | K103: 300 | L103: 70 | N103: FormicAcid/CO | O103: 30 | P103: 0.325 | Q103: 0.0325 | R103: 77.5 | S103: 170 | T103: 20 | U103: 1812.1302 | V103: 20 | W103: 0.95 | X103: 1 | Y103: 40022.729 | Z103: 1.2006819e+08 | AA103: 4.8027274e+08 | AB103: 480272.74 | AC103: 0 | AD103: 1244.419 | AE103: 559988.57 | AF103: 391992 | AG103: 23.539417 | AH103: 320.38626 | AI103: 64.077252 | AJ103: 15608.864 | AK103: 854.70085 | AL103: Nanofiltration | AM103: 24829.935 | AN103: 446.64476 | AO103: 10893.133 | AP103: 41740.145 | AQ103: 30847.012 | AR103: 0.039819344 | AS103: 663.09475 | AT103: 1054.8237 | AU103: 18.974334 | AV103: 462.76136 | AW103: 1773.2021 | AX103: 1310.4408 | AY103: 2.7221257 | AZ103: Malate_L | BA103: =VLOOKUP($AZ103,Sheet1!$A$2:$B$58,2) -> L-Malate | BB103: C4H4O5 | BC103: 132.06916 | BD103: 2.5 | BF103: Acetate | BG103: 0.070745655 | BH103: 0.4748 | BI103: 1.0620484 | BJ103: 80 | BK103: 2087.0072 | BL103: 1542.3506 | BM103: 3.1331169 | BN103: 532.62988 | BO103: 1554.3774
A104: 102 | B104: AceticAcid | C104: CH3COOH | D104: 2 | E104: 4 | F104: 2 | G104: 60.05076 | H104: 8 | I104: Categories-Category_1 | J104: 4 | K104: 300 | L104: 70 | N104: FormicAcid/CO | O104: 30 | P104: 0.325 | Q104: 0.0325 | R104: 77.5 | S104: 170 | T104: 20 | U104: 1812.1302 | V104: 20 | W104: 0.95 | X104: 1 | Y104: 37237.037 | Z104: 1.1171111e+08 | AA104: 4.4684444e+08 | AB104: 446844.44 | AC104: 0 | AD104: 1157.8041 | AE104: 521011.83 | AF104: 364708.28 | AG104: 21.901009 | AH104: 298.0865 | AI104: 59.6173 | AJ104: 14522.444 | AK104: 854.70085 | AL104: Nanofiltration | AM104: 23101.704 | AN104: 415.55706 | AO104: 10134.941 | AP104: 38894.406 | AQ104: 28759.465 | AR104: 0.039819344 | AS104: 663.09475 | AT104: 1054.8237 | AU104: 18.974334 | AV104: 462.76136 | AW104: 1775.9184 | AX104: 1313.1571 | AY104: 2.7221257 | AZ104: Malonate | BA104: =VLOOKUP($AZ104,Sheet1!$A$2:$B$58,2) -> Malonate | BB104: C3H2O4 | BC104: 102.04378 | BD104: 2 | BE104: 199 | BF104: Acetate | BG104: 0.012126989 | BH104: 0.66047619 | BI104: 1.1414999 | BJ104: 80 | BK104: 1944.7203 | BL104: 1437.9732 | BM104: 2.968738 | BN104: 504.68546 | BO104: 1440.0348
A105: 103 | B105: AceticAcid | C105: CH3COOH | D105: 2 | E105: 4 | F105: 2 | G105: 60.05076 | H105: 8 | I105: Categories-Category_1 | J105: 4 | K105: 300 | L105: 70 | N105: FormicAcid/CO | O105: 30 | P105: 0.325 | Q105: 0.0325 | R105: 77.5 | S105: 170 | T105: 20 | U105: 1812.1302 | V105: 20 | W105: 0.95 | X105: 1 | Y105: 166502.82 | Z105: 4.9950847e+08 | AA105: 1.9980339e+09 | AB105: 1998033.9 | AC105: 0 | AD105: 5177.0404 | AE105: 2329668.2 | AF105: 1630767.7 | AG105: 97.928842 | AH105: 1332.8731 | AI105: 266.57461 | AJ105: 64936.101 | AK105: 854.70085 | AL105: Nanofiltration | AM105: 103297.66 | AN105: 1858.1345 | AO105: 45317.684 | AP105: 170946.6 | AQ105: 125628.92 | AR105: 0.039819344 | AS105: 663.09475 | AT105: 1054.8237 | AU105: 18.974334 | AV105: 462.76136 | AW105: 1745.6205 | AX105: 1282.8592 | AY105: 2.7221257 | AZ105: Nonane | BA105: =VLOOKUP($AZ105,Sheet1!$A$2:$B$58,2) -> Nonane | BB105: C9H20 | BC105: 128.2531 | BD105: 6.2222222 | BE105: 151 | BF105: Acetate | BG105: 2.7512677 | BH105: 0.11752475 | BI105: 0.25528741 | BJ105: 80 | BK105: 8547.33 | BL105: 6281.4458 | BM105: 10.577463 | BN105: 1798.1687 | BO105: 6749.1613
A106: 104 | B106: AceticAcid | C106: CH3COOH | D106: 2 | E106: 4 | F106: 2 | G106: 60.05076 | H106: 8 | I106: Categories-Category_1 | J106: 4 | K106: 300 | L106: 70 | N106: FormicAcid/CO | O106: 30 | P106: 0.325 | Q106: 0.0325 | R106: 77.5 | S106: 170 | T106: 20 | U106: 1812.1302 | V106: 20 | W106: 0.95 | X106: 1 | Y106: 171215.12 | Z106: 5.1364537e+08 | AA106: 2.0545815e+09 | AB106: 2054581.5 | AC106: 0 | AD106: 5323.5591 | AE106: 2395601.6 | AF106: 1676921.1 | AG106: 100.70039 | AH106: 1370.5955 | AI106: 274.11911 | AJ106: 66773.899 | AK106: 854.70085 | AL106: Nanofiltration | AM106: 106221.15 | AN106: 1910.7228 | AO106: 46600.249 | AP106: 175760.48 | AQ106: 129160.23 | AR106: 0.039819344 | AS106: 663.09475 | AT106: 1054.8237 | AU106: 18.974334 | AV106: 462.76136 | AW106: 1745.3803 | AX106: 1282.619 | AY106: 2.7221257 | AZ106: Octane | BA106: =VLOOKUP($AZ106,Sheet1!$A$2:$B$58,2) -> Octane | BB106: C8H18 | BC106: 114.22672 | BD106: 6.25 | BE106: 126 | BF106: Acetate | BG106: 2.9225936 | BH106: 0.12832432 | BI106: 0.24826121 | BJ106: 80 | BK106: 8788.0239 | BL106: 6458.0114 | BM106: 10.783362 | BN106: 1833.1715 | BO106: 6954.8523
A107: 105 | B107: AceticAcid | C107: CH3COOH | D107: 2 | E107: 4 | F107: 2 | G107: 60.05076 | H107: 8 | I107: Categories-Category_1 | J107: 4 | K107: 300 | L107: 70 | N107: FormicAcid/CO | O107: 30 | P107: 0.325 | Q107: 0.0325 | R107: 77.5 | S107: 170 | T107: 20 | U107: 1812.1302 | V107: 20 | W107: 0.95 | X107: 1 | Y107: 171436.07 | Z107: 5.143082e+08 | AA107: 2.0572328e+09 | AB107: 2057232.8 | AC107: 66773.504 | AD107: 5330.4289 | AE107: 2398693 | AF107: 1679085.1 | AG107: 100.83034 | AH107: 1372.3642 | AI107: 274.47284 | AJ107: 66860.067 | AK107: 2170.1389 | AL107: PSA | AM107: 106358.23 | AN107: 1913.1884 | AO107: 46660.384 | AP107: 177301.62 | AQ107: 130641.24 | AR107: 0.039819344 | AS107: 663.09475 | AT107: 1054.8237 | AU107: 18.974334 | AV107: 462.76136 | AW107: 1758.4155 | AX107: 1295.6541 | AY107: 2.7221257 | AZ107: Pentane | BA107: =VLOOKUP($AZ107,Sheet1!$A$2:$B$58,2) -> Pentane | BB107: C5H12 | BC107: 72.14758 | BD107: 6.4 | BE107: 36.1 | BF107: Acetate | BG107: 2.9626353 | BH107: 0.20290598 | BI107: 0.24794125 | BJ107: 80 | BK107: 8865.0811 | BL107: 6532.0619 | BM107: 10.761007 | BN107: 1829.3712 | BO107: 7035.7099
A108: 106 | B108: AceticAcid | C108: CH3COOH | D108: 2 | E108: 4 | F108: 2 | G108: 60.05076 | H108: 8 | I108: Categories-Category_1 | J108: 4 | K108: 300 | L108: 70 | N108: FormicAcid/CO | O108: 30 | P108: 0.325 | Q108: 0.0325 | R108: 77.5 | S108: 170 | T108: 20 | U108: 1812.1302 | V108: 20 | W108: 0.95 | X108: 1 | Y108: 137921.03 | Z108: 4.1376308e+08 | AA108: 1.6550523e+09 | AB108: 1655052.3 | AC108: 0 | AD108: 4288.3521 | AE108: 1929758.4 | AF108: 1350830.9 | AG108: 81.118422 | AH108: 1104.0727 | AI108: 220.81454 | AJ108: 53789.2 | AK108: 854.70085 | AL108: Nanofiltration | AM108: 85565.634 | AN108: 1539.168 | AO108: 37538.472 | AP108: 141748.7 | AQ108: 104210.23 | AR108: 0.039819344 | AS108: 663.09475 | AT108: 1054.8237 | AU108: 18.974334 | AV108: 462.76136 | AW108: 1747.4292 | AX108: 1284.6679 | AY108: 2.7221257 | AZ108: Pentanol-PW1 | BA108: =VLOOKUP($AZ108,Sheet1!$A$2:$B$58,2) -> Pentanol (PW1) | BB108: C5H12O | BC108: 88.14658 | BD108: 6 | BE108: 138 | BF108: Acetate | BG108: 2.3407787 | BH108: 0.20643478 | BI108: 0.3081914 | BJ108: 80 | BK108: 7087.4351 | BL108: 5210.5115 | BM108: 8.6999482 | BN108: 1478.9912 | BO108: 5608.4439
A109: 107 | B109: AceticAcid | C109: CH3COOH | D109: 2 | E109: 4 | F109: 2 | G109: 60.05076 | H109: 8 | I109: Categories-Category_1 | J109: 4 | K109: 300 | L109: 70 | N109: FormicAcid/CO | O109: 30 | P109: 0.325 | Q109: 0.0325 | R109: 77.5 | S109: 170 | T109: 20 | U109: 1812.1302 | V109: 20 | W109: 0.95 | X109: 1 | Y109: 147114.83 | Z109: 4.4134449e+08 | AA109: 1.7653779e+09 | AB109: 1765377.9 | AC109: 0 | AD109: 4574.2132 | AE109: 2058396 | AF109: 1440877.2 | AG109: 86.525769 | AH109: 1177.6701 | AI109: 235.53402 | AJ109: 57374.783 | AK109: 854.70085 | AL109: Nanofiltration | AM109: 91269.431 | AN109: 1641.7688 | AO109: 40040.783 | AP109: 151140.68 | AQ109: 111099.9 | AR109: 0.039819344 | AS109: 663.09475 | AT109: 1054.8237 | AU109: 18.974334 | AV109: 462.76136 | AW109: 1746.7708 | AX109: 1284.0094 | AY109: 2.7221257 | AZ109: Pentanol-PW2 | BA109: =VLOOKUP($AZ109,Sheet1!$A$2:$B$58,2) -> Pentanol (PW2) | BB109: C5H12O | BC109: 88.14658 | BD109: 6 | BE109: 138 | BF109: Acetate | BG109: 2.6632252 | BH109: 0.19353383 | BI109: 0.28893127 | BJ109: 80 | BK109: 7557.0342 | BL109: 5554.9951 | BM109: 9.1134755 | BN109: 1549.2908 | BO109: 6007.7434
A110: 108 | B110: AceticAcid | C110: CH3COOH | D110: 2 | E110: 4 | F110: 2 | G110: 60.05076 | H110: 8 | I110: Categories-Category_1 | J110: 4 | K110: 300 | L110: 70 | N110: FormicAcid/CO | O110: 30 | P110: 0.325 | Q110: 0.0325 | R110: 77.5 | S110: 170 | T110: 20 | U110: 1812.1302 | V110: 20 | W110: 0.95 | X110: 1 | Y110: 154023.5 | Z110: 4.6207051e+08 | AA110: 1.848282e+09 | AB110: 1848282 | AC110: 0 | AD110: 4789.0234 | AE110: 2155060.5 | AF110: 1508542.4 | AG110: 90.589115 | AH110: 1232.9748 | AI110: 246.59495 | AJ110: 60069.167 | AK110: 854.70085 | AL110: Nanofiltration | AM110: 95555.545 | AN110: 1718.8681 | AO110: 41921.142 | AP110: 158198.28 | AQ110: 116277.14 | AR110: 0.039819344 | AS110: 663.09475 | AT110: 1054.8237 | AU110: 18.974334 | AV110: 462.76136 | AW110: 1746.3277 | AX110: 1283.5663 | AY110: 2.7221257 | AZ110: Phenol | BA110: =VLOOKUP($AZ110,Sheet1!$A$2:$B$58,2) -> Phenol | BB110: C6H6O | BC110: 94.11024 | BD110: 4.6666667 | BE110: 181.7 | BF110: Acetate | BG110: 2.596079 | BH110: 0.17313901 | BI110: 0.27597135 | BJ110: 80 | BK110: 7909.914 | BL110: 5813.8569 | BM110: 9.7336686 | BN110: 1654.7237 | BO110: 6255.1903
A111: 109 | B111: AceticAcid | C111: CH3COOH | D111: 2 | E111: 4 | F111: 2 | G111: 60.05076 | H111: 8 | I111: Categories-Category_1 | J111: 4 | K111: 300 | L111: 70 | N111: FormicAcid/CO | O111: 30 | P111: 0.325 | Q111: 0.0325 | R111: 77.5 | S111: 170 | T111: 20 | U111: 1812.1302 | V111: 20 | W111: 0.95 | X111: 1 | Y111: 177411.7 | Z111: 5.3223509e+08 | AA111: 2.1289404e+09 | AB111: 2128940.4 | AC111: 66773.504 | AD111: 5516.228 | AE111: 2482302.6 | AF111: 1737611.8 | AG111: 104.34491 | AH111: 1420.1998 | AI111: 284.03996 | AJ111: 69190.562 | AK111: 2170.1389 | AL111: PSA | AM111: 110065.48 | AN111: 1979.8751 | AO111: 48286.792 | AP111: 183406.06 | AQ111: 135119.27 | AR111: 0.039819344 | AS111: 663.09475 | AT111: 1054.8237 | AU111: 18.974334 | AV111: 462.76136 | AW111: 1757.6905 | AX111: 1294.9292 | AY111: 2.7221257 | AZ111: Propane-PW1 | BA111: =VLOOKUP($AZ111,Sheet1!$A$2:$B$58,2) -> Propane (PW1) | BB111: C3H8 | BC111: 44.09482 | BD111: 6.6666667 | BE111: -42 | BF111: Acetate | BG111: 3.2279826 | BH111: 0.32081081 | BI111: 0.23959003 | BJ111: 80 | BK111: 9170.3029 | BL111: 6755.9633 | BM111: 10.974015 | BN111: 1865.5826 | BO111: 7304.7204
A112: 110 | B112: AceticAcid | C112: CH3COOH | D112: 2 | E112: 4 | F112: 2 | G112: 60.05076 | H112: 8 | I112: Categories-Category_1 | J112: 4 | K112: 300 | L112: 70 | N112: FormicAcid/CO | O112: 30 | P112: 0.325 | Q112: 0.0325 | R112: 77.5 | S112: 170 | T112: 20 | U112: 1812.1302 | V112: 20 | W112: 0.95 | X112: 1 | Y112: 225539.64 | Z112: 6.7661891e+08 | AA112: 2.7064756e+09 | AB112: 2706475.6 | AC112: 66773.504 | AD112: 7012.6607 | AE112: 3155697.3 | AF112: 2208988.1 | AG112: 132.65142 | AH112: 1805.4691 | AI112: 361.09382 | AJ112: 87960.458 | AK112: 2170.1389 | AL112: PSA | AM112: 139923.86 | AN112: 2516.9722 | AO112: 61385.95 | AP112: 232571.43 | AQ112: 171185.48 | AR112: 0.039819344 | AS112: 663.09475 | AT112: 1054.8237 | AU112: 18.974334 | AV112: 462.76136 | AW112: 1753.2525 | AX112: 1290.4911 | AY112: 2.7221257 | AZ112: Propane-PW2 | BA112: =VLOOKUP($AZ112,Sheet1!$A$2:$B$58,2) -> Propane (PW2) | BB112: C3H8 | BC112: 44.09482 | BD112: 6.6666667 | BE112: -42 | BF112: Acetate | BG112: 4.9159335 | BH112: 0.25235294 | BI112: 0.18846388 | BJ112: 80 | BK112: 11628.571 | BL112: 8559.2738 | BM112: 13.138758 | BN112: 2233.5888 | BO112: 9394.9825
A113: 111 | B113: AceticAcid | C113: CH3COOH | D113: 2 | E113: 4 | F113: 2 | G113: 60.05076 | H113: 8 | I113: Categories-Category_1 | J113: 4 | K113: 300 | L113: 70 | N113: FormicAcid/CO | O113: 30 | P113: 0.325 | Q113: 0.0325 | R113: 77.5 | S113: 170 | T113: 20 | U113: 1812.1302 | V113: 20 | W113: 0.95 | X113: 1 | Y113: 76398.506 | Z113: 2.2919552e+08 | AA113: 9.1678207e+08 | AB113: 916782.07 | AC113: 0 | AD113: 2375.4441 | AE113: 1068949.9 | AF113: 748264.9 | AG113: 44.933876 | AH113: 611.57828 | AI113: 122.31566 | AJ113: 29795.417 | AK113: 854.70085 | AL113: Nanofiltration | AM113: 47397.317 | AN113: 852.59035 | AO113: 20793.662 | AP113: 78900.025 | AQ113: 58106.364 | AR113: 0.039819344 | AS113: 663.09475 | AT113: 1054.8237 | AU113: 18.974334 | AV113: 462.76136 | AW113: 1755.9141 | AX113: 1293.1527 | AY113: 2.7221257 | AZ113: Shikimate | BA113: =VLOOKUP($AZ113,Sheet1!$A$2:$B$58,2) -> Shikimate | BB113: C7H9O5 | BC113: 173.14046 | BD113: 3.8571429 | BE113: 400.5 | BF113: Acetate | BG113: 0.900154 | BH113: 0.18972973 | BI113: 0.5563731 | BJ113: 80 | BK113: 3945.0013 | BL113: 2905.3182 | BM113: 5.2156288 | BN113: 886.6569 | BO113: 3058.3444
A114: 112 | B114: AceticAcid | C114: CH3COOH | D114: 2 | E114: 4 | F114: 2 | G114: 60.05076 | H114: 8 | I114: Categories-Category_1 | J114: 4 | K114: 300 | L114: 70 | N114: FormicAcid/CO | O114: 30 | P114: 0.325 | Q114: 0.0325 | R114: 77.5 | S114: 170 | T114: 20 | U114: 1812.1302 | V114: 20 | W114: 0.95 | X114: 1 | Y114: 183178.65 | Z114: 5.4953595e+08 | AA114: 2.1981438e+09 | AB114: 2198143.8 | AC114: 0 | AD114: 5695.5387 | AE114: 2562992.4 | AF114: 1794094.7 | AG114: 107.73675 | AH114: 1466.3649 | AI114: 293.27297 | AJ114: 71439.674 | AK114: 854.70085 | AL114: Nanofiltration | AM114: 113643.28 | AN114: 2044.233 | AO114: 49856.405 | AP114: 187981.88 | AQ114: 138125.48 | AR114: 0.039819344 | AS114: 663.09475 | AT114: 1054.8237 | AU114: 18.974334 | AV114: 462.76136 | AW114: 1744.826 | AX114: 1282.0646 | AY114: 2.7221257 | AZ114: Styrene | BA114: =VLOOKUP($AZ114,Sheet1!$A$2:$B$58,2) -> Styrene | BB114: C8H8 | BC114: 104.14832 | BD114: 5 | BE114: 145 | BF114: Acetate | BG114: 3.043908 | BH114: 0.13155026 | BI114: 0.2320471 | BJ114: 80 | BK114: 9399.0942 | BL114: 6906.2739 | BM114: 11.619741 | BN114: 1975.3559 | BO114: 7423.7383
A115: 113 | B115: AceticAcid | C115: CH3COOH | D115: 2 | E115: 4 | F115: 2 | G115: 60.05076 | H115: 8 | I115: Categories-Category_1 | J115: 4 | K115: 300 | L115: 70 | N115: FormicAcid/CO | O115: 30 | P115: 0.325 | Q115: 0.0325 | R115: 77.5 | S115: 170 | T115: 20 | U115: 1812.1302 | V115: 20 | W115: 0.95 | X115: 1 | Y115: 49182.577 | Z115: 1.4754773e+08 | AA115: 5.9019093e+08 | AB115: 590190.93 | AC115: 0 | AD115: 1529.2245 | AE115: 688151.01 | AF115: 481705.71 | AG115: 28.926794 | AH115: 393.71184 | AI115: 78.742367 | AJ115: 19181.205 | AK115: 854.70085 | AL115: Nanofiltration | AM115: 30512.667 | AN115: 548.86664 | AO115: 13386.202 | AP115: 51097.44 | AQ115: 37711.237 | AR115: 0.039819344 | AS115: 663.09475 | AT115: 1054.8237 | AU115: 18.974334 | AV115: 462.76136 | AW115: 1766.4398 | AX115: 1303.6784 | AY115: 2.7221257 | AZ115: Succinate | BA115: =VLOOKUP($AZ115,Sheet1!$A$2:$B$58,2) -> Succinate | BB115: C4H4O4 | BC115: 116.07016 | BD115: 3 | BE115: 235 | BF115: Acetate | BG115: 0.20827045 | BH115: 0.43962963 | BI115: 0.86425064 | BJ115: 80 | BK115: 2554.872 | BL115: 1885.5619 | BM115: 3.7288479 | BN115: 633.90414 | BO115: 1920.9678
... A136: 134 | B136: CarbonMonoxide | C136: CO | D136: 1 | E136: 0 | F136: 1 | G136: 28.0097 | H136: 2 | I136: Categories-Category_1 | J136: 4 | K136: 300 | L136: 70 | N136: FormicAcid | O136: 30 | P136: 0.5 | Q136: 0.0325 | R136: 77.5 | S136: 170 | T136: 20 | U136: 1812.1302 | V136: 20 | W136: 0.95 | X136: 1 | Y136: 185509.94 | Z136: 5.5652983e+08 | AA136: 2.2261193e+09 | AB136: 2226119.3 | AC136: 0 | AD136: 5768.0252 | AE136: 10382445 | AF136: 7267711.7 | AG136: 203.56643 | AH136: 2284.6571 | AI136: 456.93142 | AJ136: 72348.878 | AK136: 854.70085 | AL136: Nanofiltration | AM136: 177060.92 | AN136: 2070.2498 | AO136: 77678.341 | AP136: 252334.75 | AQ136: 174656.41 | AR136: 0.0099548359 | AS136: 355.40673 | AT136: 869.79434 | AU136: 10.169898 | AV136: 381.5872 | AW136: 1239.5696 | AX136: 857.98241 | AY136: 2.2446306 | AZ136: Catechol | BA136: =VLOOKUP($AZ136,Sheet1!$A$2:$B$58,2) -> Catechol | BB136: C6H6O2 | BC136: 110.10924 | BD136: 4.3333333 | BE136: 245 | BF136: CO_1:H2_0 | BG136: 6.5968183 | BH136: 0.031240876 | BI136: 0.12281004 | BJ136: 80 | BK136: 12616.738 | BL136: 8732.8206 | BM136: 16.249753 | BN136: 2762.4579 | BO136: 9854.2797
A137: 135 | B137: CarbonMonoxide | C137: CO | D137: 1 | E137: 0 | F137: 1 | G137: 28.0097 | H137: 2 | I137: Categories-Category_1 | J137: 4 | K137: 300 | L137: 70 | N137: FormicAcid | O137: 30 | P137: 0.5 | Q137: 0.0325 | R137: 77.5 | S137: 170 | T137: 20 | U137: 1812.1302 | V137: 20 | W137: 0.95 | X137: 1 | Y137: 54404.675 | Z137: 1.6321403e+08 | AA137: 6.528561e+08 | AB137: 652856.1 | AC137: 0 | AD137: 1691.5942 | AE137: 3044869.5 | AF137: 2131408.6 | AG137: 59.700116 | AH137: 670.02353 | AI137: 134.00471 | AJ137: 21217.823 | AK137: 854.70085 | AL137: Nanofiltration | AM137: 51926.823 | AN137: 607.14409 | AO137: 22780.8 | AP137: 74606.492 | AQ137: 51825.692 | AR137: 0.0099548359 | AS137: 355.40673 | AT137: 869.79434 | AU137: 10.169898 | AV137: 381.5872 | AW137: 1249.6875 | AX137: 868.10035 | AY137: 2.2446306 | AZ137: Citrate | BA137: =VLOOKUP($AZ137,Sheet1!$A$2:$B$58,2) -> Citrate | BB137: C6H5O7 | BC137: 189.0964 | BD137: 2.5 | BF137: CO_1:H2_0 | BG137: 1.5269381 | BH137: 0.062028986 | BI137: 0.41875965 | BJ137: 80 | BK137: 3730.3246 | BL137: 2591.2846 | BM137: 5.1732972 | BN137: 879.46052 | BO137: 2850.8641
A138: 136 | B138: CarbonMonoxide | C138: CO | D138: 1 | E138: 0 | F138: 1 | G138: 28.0097 | H138: 2 | I138: Categories-Category_1 | J138: 4 | K138: 300 | L138: 70 | N138: FormicAcid | O138: 30 | P138: 0.5 | Q138: 0.0325 | R138: 77.5 | S138: 170 | T138: 20 | U138: 1812.1302 | V138: 20 | W138: 0.95 | X138: 1 | Y138: 196483.74 | Z138: 5.8945122e+08 | AA138: 2.3578049e+09 | AB138: 2357804.9 | AC138: 0 | AD138: 6109.2314 | AE138: 10996616 | AF138: 7697631.5 | AG138: 215.60835 | AH138: 2419.8055 | AI138: 483.96109 | AJ138: 76628.659 | AK138: 854.70085 | AL138: Nanofiltration | AM138: 187534.92 | AN138: 2192.7149 | AO138: 82273.385 | AP138: 267211 | AQ138: 184937.61 | AR138: 0.0099548359 | AS138: 355.40673 | AT138: 869.79434 | AU138: 10.169898 | AV138: 381.5872 | AW138: 1239.3351 | AX138: 857.74791 | AY138: 2.2446306 | AZ138: CoumaricAcid | BA138: =VLOOKUP($AZ138,Sheet1!$A$2:$B$58,2) -> Coumaric Acid | BB138: C9H7O3 | BC138: 163.14818 | BD138: 4.1111111 | BE138: 346 | BF138: CO_1:H2_0 | BG138: 6.9102601 | BH138: 0.019906977 | BI138: 0.11595098 | BJ138: 80 | BK138: 13360.55 | BL138: 9246.8806 | BM138: 17.287794 | BN138: 2938.9251 | BO138: 10421.625
A139: 137 | B139: CarbonMonoxide | C139: CO | D139: 1 | E139: 0 | F139: 1 | G139: 28.0097 | H139: 2 | I139: Categories-Category_1 | J139: 4 | K139: 300 | L139: 70 | N139: FormicAcid | O139: 30 | P139: 0.5 | Q139: 0.0325 | R139: 77.5 | S139: 170 | T139: 20 | U139: 1812.1302 | V139: 20 | W139: 0.95 | X139: 1 | Y139: 72430.403 | Z139: 2.1729121e+08 | AA139: 8.6916483e+08 | AB139: 869164.83 | AC139: 0 | AD139: 2252.0647 | AE139: 4053716.4 | AF139: 2837601.5 | AG139: 79.480366 | AH139: 892.02029 | AI139: 178.40406 | AJ139: 28247.857 | AK139: 854.70085 | AL139: Nanofiltration | AM139: 69131.572 | AN139: 808.30721 | AO139: 30328.69 | AP139: 99042.438 | AQ139: 68713.748 | AR139: 0.0099548359 | AS139: 355.40673 | AT139: 869.79434 | AU139: 10.169898 | AV139: 381.5872 | AW139: 1246.1246 | AX139: 864.53739 | AY139: 2.2446306 | AZ139: EthylAcetate | BA139: =VLOOKUP($AZ139,Sheet1!$A$2:$B$58,2) -> Ethyl Acetate | BB139: C4H8O2 | BC139: 88.10352 | BD139: 5 | BE139: 77.1 | BF139: CO_1:H2_0 | BG139: 2.9971561 | BH139: 0.1 | BI139: 0.31454309 | BJ139: 80 | BK139: 4952.1219 | BL139: 3435.6874 | BM139: 5.9230468 | BN139: 1006.918 | BO139: 3945.2039
A140: 138 | B140: CarbonMonoxide | C140: CO | D140: 1 | E140: 0 | F140: 1 | G140: 28.0097 | H140: 2 | I140: Categories-Category_1 | J140: 4 | K140: 300 | L140: 70 | N140: FormicAcid | O140: 30 | P140: 0.5 | Q140: 0.0325 | R140: 77.5 | S140: 170 | T140: 20 | U140: 1812.1302 | V140: 20 | W140: 0.95 | X140: 1 | Y140: 211590.71 | Z140: 6.3477213e+08 | AA140: 2.5390885e+09 | AB140: 2539088.5 | AC140: 0 | AD140: 6578.9495 | AE140: 11842109 | AF140: 8289476.3 | AG140: 232.18574 | AH140: 2605.8561 | AI140: 521.17122 | AJ140: 82520.377 | AK140: 1835.3365 | AL140: Distillation | AM140: 201953.85 | AN140: 2361.3053 | AO140: 88599.107 | AP140: 288670.87 | AQ140: 200071.76 | AR140: 0.0099548359 | AS140: 355.40673 | AT140: 869.79434 | AU140: 10.169898 | AV140: 381.5872 | AW140: 1243.2756 | AX140: 861.68838 | AY140: 2.2446306 | AZ140: Farnesene | BA140: =VLOOKUP($AZ140,Sheet1!$A$2:$B$58,2) -> Farnesene | BB140: C15H24 | BC140: 204.34866 | BD140: 5.6 | BE140: 260 (A)/272 (B) | BF140: CO_1:H2_0 | BG140: 8.5885221 | BH140: 0.014758621 | BI140: 0.10767242 | BJ140: 80 | BK140: 14433.543 | BL140: 10003.588 | BM140: 17.470039 | BN140: 2969.9066 | BO140: 11463.637
A141: 139 | B141: CarbonMonoxide | C141: CO | D141: 1 | E141: 0 | F141: 1 | G141: 28.0097 | H141: 2 | I141: Categories-Category_1 | J141: 4 | K141: 300 | L141: 70 | N141: FormicAcid | O141: 30 | P141: 0.5 | Q141: 0.0325 | R141: 77.5 | S141: 170 | T141: 20 | U141: 1812.1302 | V141: 20 | W141: 0.95 | X141: 1 | Y141: 147213.46 | Z141: 4.4164037e+08 | AA141: 1.7665615e+09 | AB141: 1766561.5 | AC141: 0 | AD141: 4577.2798 | AE141: 8239103.6 | AF141: 5767372.5 | AG141: 161.54237 | AH141: 1813.0148 | AI141: 362.60295 | AJ141: 57413.247 | AK141: 1835.3365 | AL141: Distillation | AM141: 140508.64 | AN141: 1642.8695 | AO141: 61642.502 | AP141: 201400.1 | AQ141: 139757.6 | AR141: 0.0099548359 | AS141: 355.40673 | AT141: 869.79434 | AU141: 10.169898 | AV141: 381.5872 | AW141: 1246.7323 | AX141: 865.14511 | AY141: 2.2446306 | AZ141: GammaButyrolactone | BA141: =VLOOKUP($AZ141,Sheet1!$A$2:$B$58,2) -> Gamma Butyrolactone | BB141: C4H6O2 | BC141: 86.08784 | BD141: 4.5 | BE141: 204 | BF141: CO_1:H2_0 | BG141: 5.331998 | BH141: 0.050352941 | BI141: 0.15475816 | BJ141: 80 | BK141: 10070.005 | BL141: 6987.8798 | BM141: 12.79815 | BN141: 2175.6854 | BO141: 7894.3194
A142: 140 | B142: CarbonMonoxide | C142: CO | D142: 1 | E142: 0 | F142: 1 | G142: 28.0097 | H142: 2 | I142: Categories-Category_1 | J142: 4 | K142: 300 | L142: 70 | N142: FormicAcid | O142: 30 | P142: 0.5 | Q142: 0.0325 | R142: 77.5 | S142: 170 | T142: 20 | U142: 1812.1302 | V142: 20 | W142: 0.95 | X142: 1 | Y142: 62243.467 | Z142: 1.867304e+08 | AA142: 7.469216e+08 | AB142: 746921.6 | AC142: 0 | AD142: 1935.3242 | AE142: 3483583.6 | AF142: 2438508.5 | AG142: 68.301891 | AH142: 766.56256 | AI142: 153.31251 | AJ142: 24274.952 | AK142: 854.70085 | AL142: Nanofiltration | AM142: 59408.599 | AN142: 694.62326 | AO142: 26063.127 | AP142: 85232.875 | AQ142: 59169.748 | AR142: 0.0099548359 | AS142: 355.40673 | AT142: 869.79434 | AU142: 10.169898 | AV142: 381.5872 | AW142: 1247.8845 | AX142: 866.29735 | AY142: 2.2446306 | AZ142: Glutamate_L | BA142: =VLOOKUP($AZ142,Sheet1!$A$2:$B$58,2) -> L-Glutamate | BB142: C5H8NO4 | BC142: 146.11892 | BD142: 3.4 | BE142: 333.8 | BF142: CO_1:H2_0 | BG142: 1.9957557 | BH142: 0.070163934 | BI142: 0.36602208 | BJ142: 80 | BK142: 4261.6437 | BL142: 2958.4874 | BM142: 5.66987 | BN142: 963.87789 | BO142: 3297.7658
A143: 141 | B143: CarbonMonoxide | C143: CO | D143: 1 | E143: 0 | F143: 1 | G143: 28.0097 | H143: 2 | I143: Categories-Category_1 | J143: 4 | K143: 300 | L143: 70 | N143: FormicAcid | O143: 30 | P143: 0.5 | Q143: 0.0325 | R143: 77.5 | S143: 170 | T143: 20 | U143: 1812.1302 | V143: 20 | W143: 0.95 | X143: 1 | Y143: 115237.66 | Z143: 3.4571299e+08 | AA143: 1.382852e+09 | AB143: 1382852 | AC143: 0 | AD143: 3583.0627 | AE143: 6449512.8 | AF143: 4514658.9 | AG143: 126.45424 | AH143: 1419.2153 | AI143: 283.84306 | AJ143: 44942.689 | AK143: 854.70085 | AL143: Nanofiltration | AM143: 109989.18 | AN143: 1286.0267 | AO143: 48253.32 | AP143: 157072.6 | AQ143: 108819.28 | AR143: 0.0099548359 | AS143: 355.40673 | AT143: 869.79434 | AU143: 10.169898 | AV143: 381.5872 | AW143: 1242.1299 | AX143: 860.54275 | AY143: 2.2446306 | AZ143: Glycolate | BA143: =VLOOKUP($AZ143,Sheet1!$A$2:$B$58,2) -> Glycolate | BB143: C2H3O3 | BC143: 75.04192 | BD143: 2.5 | BE143: 112 | BF143: CO_1:H2_0 | BG143: 3.387288 | BH143: 0.073793103 | BI143: 0.19769997 | BJ143: 80 | BK143: 7853.6301 | BL143: 5440.9641 | BM143: 10.804865 | BN143: 1836.827 | BO143: 6016.803
A144: 142 | B144: CarbonMonoxide | C144: CO | D144: 1 | E144: 0 | F144: 1 | G144: 28.0097 | H144: 2 | I144: Categories-Category_1 | J144: 4 | K144: 300 | L144: 70 | N144: FormicAcid | O144: 30 | P144: 0.5 | Q144: 0.0325 | R144: 77.5 | S144: 170 | T144: 20 | U144: 1812.1302 | V144: 20 | W144: 0.95 | X144: 1 | Y144: 140109.52 | Z144: 4.2032856e+08 | AA144: 1.6813142e+09 | AB144: 1681314.2 | AC144: 0 | AD144: 4356.3985 | AE144: 7841517.3 | AF144: 5489062.1 | AG144: 153.74698 | AH144: 1725.5259 | AI144: 345.10518 | AJ144: 54642.713 | AK144: 854.70085 | AL144: Nanofiltration | AM144: 133728.26 | AN144: 1563.5911 | AO144: 58667.88 | AP144: 190789.26 | AQ144: 132121.38 | AR144: 0.0099548359 | AS144: 355.40673 | AT144: 869.79434 | AU144: 10.169898 | AV144: 381.5872 | AW144: 1240.9301 | AX144: 859.34292 | AY144: 2.2446306 | AZ144: Heptane | BA144: =VLOOKUP($AZ144,Sheet1!$A$2:$B$58,2) -> Heptane | BB144: C7H16 | BC144: 100.20034 | BD144: 6.2857143 | BE144: 98 | BF144: CO_1:H2_0 | BG144: 6.588301 | BH144: 0.045454545 | BI144: 0.16260482 | BJ144: 80 | BK144: 9539.463 | BL144: 6606.069 | BM144: 10.666958 | BN144: 1813.3828 | BO144: 7726.0802
A145: 143 | B145: CarbonMonoxide | C145: CO | D145: 1 | E145: 0 | F145: 1 | G145: 28.0097 | H145: 2 | I145: Categories-Category_1 | J145: 4 | K145: 300 | L145: 70 | N145: FormicAcid | O145: 30 | P145: 0.5 | Q145: 0.0325 | R145: 77.5 | S145: 170 | T145: 20 | U145: 1812.1302 | V145: 20 | W145: 0.95 | X145: 1 | Y145: 140699.23 | Z145: 4.2209768e+08 | AA145: 1.6883907e+09 | AB145: 1688390.7 | AC145: 0 | AD145: 4374.7341 | AE145: 7874521.5 | AF145: 5512165 | AG145: 154.39409 | AH145: 1732.7884 | AI145: 346.55769 | AJ145: 54872.698 | AK145: 854.70085 | AL145: Nanofiltration | AM145: 134291.1 | AN145: 1570.1721 | AO145: 58914.807 | AP145: 191588.68 | AQ145: 132673.87 | AR145: 0.0099548359 | AS145: 355.40673 | AT145: 869.79434 | AU145: 10.169898 | AV145: 381.5872 | AW145: 1240.9068 | AX145: 859.31962 | AY145: 2.2446306 | AZ145: Hexane | BA145: =VLOOKUP($AZ145,Sheet1!$A$2:$B$58,2) -> Hexane | BB145: C6H14 | BC145: 86.17396 | BD145: 6.3333333 | BE145: 69 | BF145: CO_1:H2_0 | BG145: 6.6392446 | BH145: 0.052631579 | BI145: 0.1619233 | BJ145: 80 | BK145: 9579.4338 | BL145: 6633.6934 | BM145: 10.68864 | BN145: 1817.0688 | BO145: 7762.365
A146: 144 | B146: CarbonMonoxide | C146: CO | D146: 1 | E146: 0 | F146: 1 | G146: 28.0097 | H146: 2 | I146: Categories-Category_1 | J146: 4 | K146: 300 | L146: 70 | N146: FormicAcid | O146: 30 | P146: 0.5 | Q146: 0.0325 | R146: 77.5 | S146: 170 | T146: 20 | U146: 1812.1302 | V146: 20 | W146: 0.95 | X146: 1 | Y146: 88907.095 | Z146: 2.6672129e+08 | AA146: 1.0668851e+09 | AB146: 1066885.1 | AC146: 0 | AD146: 2764.3713 | AE146: 4975868.3 | AF146: 3483107.8 | AG146: 97.560806 | AH146: 1094.9398 | AI146: 218.98797 | AJ146: 34673.767 | AK146: 854.70085 | AL146: Nanofiltration | AM146: 84857.837 | AN146: 992.18343 | AO146: 37227.954 | AP146: 121378.49 | AQ146: 84150.534 | AR146: 0.0099548359 | AS146: 355.40673 | AT146: 869.79434 | AU146: 10.169898 | AV146: 381.5872 | AW146: 1244.1317 | AX146: 862.54448 | AY146: 2.2446306 | AZ146: Isobutanol | BA146: =VLOOKUP($AZ146,Sheet1!$A$2:$B$58,2) -> Isobutanol | BB146: C5H10O | BC146: 86.1309 | BD146: 5.6 | BE146: 108 | BF146: CO_1:H2_0 | BG146: 4.0877316 | BH146: 0.083333333 | BI146: 0.25625045 | BJ146: 80 | BK146: 6068.9244 | BL146: 4207.5267 | BM146: 6.8616667 | BN146: 1166.4833 | BO146: 4902.4411
A147: 145 | B147: CarbonMonoxide | C147: CO | D147: 1 | E147: 0 | F147: 1 | G147: 28.0097 | H147: 2 | I147: Categories-Category_1 | J147: 4 | K147: 300 | L147: 70 | N147: FormicAcid | O147: 30 | P147: 0.5 | Q147: 0.0325 | R147: 77.5 | S147: 170 | T147: 20 | U147: 1812.1302 | V147: 20 | W147: 0.95 | X147: 1 | Y147: 73268.541 | Z147: 2.1980562e+08 | AA147: 8.792225e+08 | AB147: 879222.5 | AC147: 0 | AD147: 2278.1247 | AE147: 4100624.5 | AF147: 2870437.2 | AG147: 80.400084 | AH147: 902.34243 | AI147: 180.46849 | AJ147: 28574.731 | AK147: 854.70085 | AL147: Nanofiltration | AM147: 69931.538 | AN147: 817.66065 | AO147: 30679.643 | AP147: 100178.63 | AQ147: 69498.988 | AR147: 0.0099548359 | AS147: 355.40673 | AT147: 869.79434 | AU147: 10.169898 | AV147: 381.5872 | AW147: 1246.0016 | AX147: 864.41437 | AY147: 2.2446306 | AZ147: Isobutyrate | BA147: =VLOOKUP($AZ147,Sheet1!$A$2:$B$58,2) -> Isobutyrate | BB147: C4H7O2 | BC147: 87.09568 | BD147: 4.75 | BE147: 155 | BF147: CO_1:H2_0 | BG147: 3.0318381 | BH147: 0.1 | BI147: 0.31094495 | BJ147: 80 | BK147: 5008.9315 | BL147: 3474.9494 | BM147: 5.9915862 | BN147: 1018.5697 | BO147: 3990.3619
A148: 146 | B148: CarbonMonoxide | C148: CO | D148: 1 | E148: 0 | F148: 1 | G148: 28.0097 | H148: 2 | I148: Categories-Category_1 | J148: 4 | K148: 300 | L148: 70 | N148: FormicAcid | O148: 30 | P148: 0.5 | Q148: 0.0325 | R148: 77.5 | S148: 170 | T148: 20 | U148: 1812.1302 | V148: 20 | W148: 0.95 | X148: 1 | Y148: 214509.2 | Z148: 6.4352761e+08 | AA148: 2.5741104e+09 | AB148: 2574110.4 | AC148: 66773.504 | AD148: 6669.6936 | AE148: 12005448 | AF148: 8403813.9 | AG148: 235.38831 | AH148: 2641.7989 | AI148: 528.35979 | AJ148: 83658.589 | AK148: 2170.1389 | AL148: PSA | AM148: 204739.42 | AN148: 2393.875 | AO148: 89821.164 | AP148: 292962.02 | AQ148: 203140.86 | AR148: 0.0099548359 | AS148: 355.40673 | AT148: 869.79434 | AU148: 10.169898 | AV148: 381.5872 | AW148: 1244.5904 | AX148: 863.00318 | AY148: 2.2446306 | AZ148: Isoprene | BA148: =VLOOKUP($AZ148,Sheet1!$A$2:$B$58,2) -> Isoprene | BB148: C5H8 | BC148: 68.11622 | BD148: 5.6 | BE148: 34.07 | BF148: CO_1:H2_0 | BG148: 8.689161 | BH148: 0.043673469 | BI148: 0.10620748 | BJ148: 80 | BK148: 14648.101 | BL148: 10157.043 | BM148: 17.728828 | BN148: 3013.9008 | BO148: 11634.2
A149: 147 | B149: CarbonMonoxide | C149: CO | D149: 1 | E149: 0 | F149: 1 | G149: 28.0097 | H149: 2 | I149: Categories-Category_1 | J149: 4 | K149: 300 | L149: 70 | N149: FormicAcid | O149: 30 | P149: 0.5 | Q149: 0.0325 | R149: 77.5 | S149: 170 | T149: 20 | U149: 1812.1302 | V149: 20 | W149: 0.95 | X149: 1 | Y149: 95571.16 | Z149: 2.8671348e+08 | AA149: 1.1468539e+09 | AB149: 1146853.9 | AC149: 0 | AD149: 2971.5758 | AE149: 5348836.4 | AF149: 3744185.5 | AG149: 104.87351 | AH149: 1177.0115 | AI149: 235.40229 | AJ149: 37272.752 | AK149: 854.70085 | AL149: Nanofiltration | AM149: 91218.388 | AN149: 1066.5529 | AO149: 40018.39 | AP149: 130412.39 | AQ149: 90394.005 | AR149: 0.0099548359 | AS149: 355.40673 | AT149: 869.79434 | AU149: 10.169898 | AV149: 381.5872 | AW149: 1243.5208 | AX149: 861.9336 | AY149: 2.2446306 | AZ149: Isopropanol | BA149: =VLOOKUP($AZ149,Sheet1!$A$2:$B$58,2) -> Isopropanol | BB149: C3H8O | BC149: 60.09382 | BD149: 6 | BE149: 82.5 | BF149: CO_1:H2_0 | BG149: 4.394129 | BH149: 0.11111111 | BI149: 0.2383824 | BJ149: 80 | BK149: 6520.6197 | BL149: 4519.7002 | BM149: 7.3759855 | BN149: 1253.9175 | BO149: 5266.7022
A150: 148 | B150: CarbonMonoxide | C150: CO | D150: 1 | E150: 0 | F150: 1 | G150: 28.0097 | H150: 2 | I150: Categories-Category_1 | J150: 4 | K150: 300 | L150: 70 | N150: FormicAcid | O150: 30 | P150: 0.5 | Q150: 0.0325 | R150: 77.5 | S150: 170 | T150: 20 | U150: 1812.1302 | V150: 20 | W150: 0.95 | X150: 1 | Y150: 66353.069 | Z150: 1.9905921e+08 | AA150: 7.9623682e+08 | AB150: 796236.82 | AC150: 0 | AD150: 2063.1033 | AE150: 3713585.9 | AF150: 2599510.1 | AG150: 72.811499 | AH150: 817.17457 | AI150: 163.43491 | AJ150: 25877.697 | AK150: 854.70085 | AL150: Nanofiltration | AM150: 63331.029 | AN150: 740.48551 | AO150: 27783.935 | AP150: 90803.912 | AQ150: 63019.977 | AR150: 0.0099548359 | AS150: 355.40673 | AT150: 869.79434 | AU150: 10.169898 | AV150: 381.5872 | AW150: 1247.1095 | AX150: 865.52232 | AY150: 2.2446306 | AZ150: Itaconate | BA150: =VLOOKUP($AZ150,Sheet1!$A$2:$B$58,2) -> Itaconate | BB150: C5H4O4 | BC150: 128.08086 | BD150: 3.2 | BE150: 381 | BF150: CO_1:H2_0 | BG150: 2.1162588 | BH150: 0.075087719 | BI150: 0.34335236 | BJ150: 80 | BK150: 4540.1956 | BL150: 3150.9988 | BM150: 6.055487 | BN150: 1029.4328 | BO150: 3510.7628
A151: 149 | B151: CarbonMonoxide | C151: CO | D151: 1 | E151: 0 | F151: 1 | G151: 28.0097 | H151: 2 | I151: Categories-Category_1 | J151: 4 | K151: 300 | L151: 70 | N151: FormicAcid | O151: 30 | P151: 0.5 | Q151: 0.0325 | R151: 77.5 | S151: 170 | T151: 20 | U151: 1812.1302 | V151: 20 | W151: 0.95 | X151: 1 | Y151: 210131.46 | Z151: 6.3039439e+08 | AA151: 2.5215776e+09 | AB151: 2521577.6 | AC151: 0 | AD151: 6533.5774 | AE151: 11760439 | AF151: 8232307.5 | AG151: 230.58446 | AH151: 2587.8847 | AI151: 517.57693 | AJ151: 81951.271 | AK151: 854.70085 | AL151: Nanofiltration | AM151: 200561.06 | AN151: 2345.0205 | AO151: 87988.079 | AP151: 285712.05 | AQ151: 197723.97 | AR151: 0.0099548359 | AS151: 355.40673 | AT151: 869.79434 | AU151: 10.169898 | AV151: 381.5872 | AW151: 1239.0776 | AX151: 857.49045 | AY151: 2.2446306 | AZ151: Limonene | BA151: =VLOOKUP($AZ151,Sheet1!$A$2:$B$58,2) -> Limonene | BB151: C10H16 | BC151: 136.23244 | BD151: 5.6 | BE151: 176 | BF151: CO_1:H2_0 | BG151: 8.5382027 | BH151: 0.022291667 | BI151: 0.10842014 | BJ151: 80 | BK151: 14285.603 | BL151: 9886.1987 | BM151: 17.340644 | BN151: 2947.9095 | BO151: 11337.693
A152: 150 | B152: CarbonMonoxide | C152: CO | D152: 1 | E152: 0 | F152: 1 | G152: 28.0097 | H152: 2 | I152: Categories-Category_1 | J152: 4 | K152: 300 | L152: 70 | N152: FormicAcid | O152: 30 | P152: 0.5 | Q152: 0.0325 | R152: 77.5 | S152: 170 | T152: 20 | U152: 1812.1302 | V152: 20 | W152: 0.95 | X152: 1 | Y152: 79009.124 | Z152: 2.3702737e+08 | AA152: 9.4810949e+08 | AB152: 948109.49 | AC152: 0 | AD152: 2456.6156 | AE152: 4421908 | AF152: 3095335.6 | AG152: 86.699422 | AH152: 973.04086 | AI152: 194.60817 | AJ152: 30813.558 | AK152: 854.70085 | AL152: Nanofiltration | AM152: 75410.667 | AN152: 881.72428 | AO152: 33083.389 | AP152: 107960.65 | AQ152: 74877.261 | AR152: 0.0099548359 | AS152: 355.40673 | AT152: 869.79434 | AU152: 10.169898 | AV152: 381.5872 | AW152: 1245.2292 | AX152: 863.64198 | AY152: 2.2446306 | AZ152: Lysine_L | BA152: =VLOOKUP($AZ152,Sheet1!$A$2:$B$58,2) -> L-Lysine | BB152: C6H15N2O2 | BC152: 147.1932 | BD152: 4.8333333 | BF152: CO_1:H2_0 | BG152: 3.02348 | BH152: 0.054871795 | BI152: 0.28835256 | BJ152: 80 | BK152: 5398.0325 | BL152: 3743.8631 | BM152: 6.7069286 | BN152: 1140.1779 | BO152: 4257.8547
A153: 151 | B153: CarbonMonoxide | C153: CO | D153: 1 | E153: 0 | F153: 1 | G153: 28.0097 | H153: 2 | I153: Categories-Category_1 | J153: 4 | K153: 300 | L153: 70 | N153: FormicAcid | O153: 30 | P153: 0.5 | Q153: 0.0325 | R153: 77.5 | S153: 170 | T153: 20 | U153: 1812.1302 | V153: 20 | W153: 0.95 | X153: 1 | Y153: 51931.015 | Z153: 1.5579304e+08 | AA153: 6.2317217e+08 | AB153: 623172.17 | AC153: 0 | AD153: 1614.6811 | AE153: 2906426 | AF153: 2034498.2 | AG153: 56.985684 | AH153: 639.55904 | AI153: 127.91181 | AJ153: 20253.096 | AK153: 854.70085 | AL153: Nanofiltration | AM153: 49565.825 | AN153: 579.53859 | AO153: 21745.007 | AP153: 71253.16 | AQ153: 49508.153 | AR153: 0.0099548359 | AS153: 355.40673 | AT153: 869.79434 | AU153: 10.169898 | AV153: 381.5872 | AW153: 1250.3695 | AX153: 868.7823 | AY153: 2.2446306 | AZ153: Malate_L | BA153: =VLOOKUP($AZ153,Sheet1!$A$2:$B$58,2) -> L-Malate | BB153: C4H4O5 | BC153: 132.06916 | BD153: 2.5 | BF153: CO_1:H2_0 | BG153: 1.4575116 | BH153: 0.093043478 | BI153: 0.43870668 | BJ153: 80 | BK153: 3562.658 | BL153: 2475.4077 | BM153: 4.9380787 | BN153: 839.47339 | BO153: 2723.1846
A154: 152 | B154: CarbonMonoxide | C154: CO | D154: 1 | E154: 0 | F154: 1 | G154: 28.0097 | H154: 2 | I154: Categories-Category_1 | J154: 4 | K154: 300 | L154: 70 | N154: FormicAcid | O154: 30 | P154: 0.5 | Q154: 0.0325 | R154: 77.5 | S154: 170 | T154: 20 | U154: 1812.1302 | V154: 20 | W154: 0.95 | X154: 1 | Y154: 58444.527 | Z154: 1.7533358e+08 | AA154: 7.0133432e+08 | AB154: 701334.32 | AC154: 0 | AD154: 1817.2045 | AE154: 3270968.1 | AF154: 2289677.6 | AG154: 64.133184 | AH154: 719.77652 | AI154: 143.9553 | AJ154: 22793.365 | AK154: 854.70085 | AL154: Nanofiltration | AM154: 55782.681 | AN154: 652.22793 | AO154: 24472.402 | AP154: 80082.975 | AQ154: 55610.573 | AR154: 0.0099548359 | AS154: 355.40673 | AT154: 869.79434 | AU154: 10.169898 | AV154: 381.5872 | AW154: 1248.6979 | AX154: 867.11074 | AY154: 2.2446306 | AZ154: Malonate | BA154: =VLOOKUP($AZ154,Sheet1!$A$2:$B$58,2) -> Malonate | BB154: C3H2O4 | BC154: 102.04378 | BD154: 2 | BE154: 199 | BF154: CO_1:H2_0 | BG154: 1.5840672 | BH154: 0.107 | BI154: 0.3898138 | BJ154: 80 | BK154: 4004.1487 | BL154: 2780.5286 | BM154: 5.613698 | BN154: 954.32867 | BO154: 3049.8201
A155: 153 | B155: CarbonMonoxide | C155: CO | D155: 1 | E155: 0 | F155: 1 | G155: 28.0097 | H155: 2 | I155: Categories-Category_1 | J155: 4 | K155: 300 | L155: 70 | N155: FormicAcid | O155: 30 | P155: 0.5 | Q155: 0.0325 | R155: 77.5 | S155: 170 | T155: 20 | U155: 1812.1302 | V155: 20 | W155: 0.95 | X155: 1 | Y155: 139317.07 | Z155: 4.179512e+08 | AA155: 1.6718048e+09 | AB155: 1671804.8 | AC155: 0 | AD155: 4331.7589 | AE155: 7797166 | AF155: 5458016.2 | AG155: 152.8774 | AH155: 1715.7664 | AI155: 343.15328 | AJ155: 54333.656 | AK155: 854.70085 | AL155: Nanofiltration | AM155: 132971.89 | AN155: 1554.7475 | AO155: 58336.057 | AP155: 189715 | AQ155: 131378.94 | AR155: 0.0099548359 | AS155: 355.40673 | AT155: 869.79434 | AU155: 10.169898 | AV155: 381.5872 | AW155: 1240.9617 | AX155: 859.37454 | AY155: 2.2446306 | AZ155: Nonane | BA155: =VLOOKUP($AZ155,Sheet1!$A$2:$B$58,2) -> Nonane | BB155: C9H20 | BC155: 128.2531 | BD155: 6.2222222 | BE155: 151 | BF155: CO_1:H2_0 | BG155: 6.5198424 | BH155: 0.035714286 | BI155: 0.16352973 | BJ155: 80 | BK155: 9485.7499 | BL155: 6568.9471 | BM155: 10.637821 | BN155: 1808.4296 | BO155: 7677.3203
A156: 154 | B156: CarbonMonoxide | C156: CO | D156: 1 | E156: 0 | F156: 1 | G156: 28.0097 | H156: 2 | I156: Categories-Category_1 | J156: 4 | K156: 300 | L156: 70 | N156: FormicAcid | O156: 30 | P156: 0.5 | Q156: 0.0325 | R156: 77.5 | S156: 170 | T156: 20 | U156: 1812.1302 | V156: 20 | W156: 0.95 | X156: 1 | Y156: 139664.64 | Z156: 4.1899392e+08 | AA156: 1.6759757e+09 | AB156: 1675975.7 | AC156: 0 | AD156: 4342.5659 | AE156: 7816618.6 | AF156: 5471633 | AG156: 153.2588 | AH156: 1720.0469 | AI156: 344.00939 | AJ156: 54469.209 | AK156: 854.70085 | AL156: Nanofiltration | AM156: 133303.64 | AN156: 1558.6263 | AO156: 58481.595 | AP156: 190186.17 | AQ156: 131704.58 | AR156: 0.0099548359 | AS156: 355.40673 | AT156: 869.79434 | AU156: 10.169898 | AV156: 381.5872 | AW156: 1240.9478 | AX156: 859.36062 | AY156: 2.2446306 | AZ156: Octane | BA156: =VLOOKUP($AZ156,Sheet1!$A$2:$B$58,2) -> Octane | BB156: C8H18 | BC156: 114.22672 | BD156: 6.25 | BE156: 126 | BF156: CO_1:H2_0 | BG156: 6.5498685 | BH156: 0.04 | BI156: 0.16312277 | BJ156: 80 | BK156: 9509.3087 | BL156: 6585.2289 | BM156: 10.650601 | BN156: 1810.6021 | BO156: 7698.7065
A157: 155 | B157: CarbonMonoxide | C157: CO | D157: 1 | E157: 0 | F157: 1 | G157: 28.0097 | H157: 2 | I157: Categories-Category_1 | J157: 4 | K157: 300 | L157: 70 | N157: FormicAcid | O157: 30 | P157: 0.5 | Q157: 0.0325 | R157: 77.5 | S157: 170 | T157: 20 | U157: 1812.1302 | V157: 20 | W157: 0.95 | X157: 1 | Y157: 141518.23 | Z157: 4.2455468e+08 | AA157: 1.6982187e+09 | AB157: 1698218.7 | AC157: 66773.504 | AD157: 4400.1991 | AE157: 7920358.4 | AF157: 5544250.9 | AG157: 155.2928 | AH157: 1742.8749 | AI157: 348.57497 | AJ157: 55192.108 | AK157: 2170.1389 | AL157: PSA | AM157: 135072.8 | AN157: 1579.312 | AO157: 59257.745 | AP157: 194014.36 | AQ157: 134756.62 | AR157: 0.0099548359 | AS157: 355.40673 | AT157: 869.79434 | AU157: 10.169898 | AV157: 381.5872 | AW157: 1249.3455 | AX157: 867.75827 | AY157: 2.2446306 | AZ157: Pentane | BA157: =VLOOKUP($AZ157,Sheet1!$A$2:$B$58,2) -> Pentane | BB157: C5H12 | BC157: 72.14758 | BD157: 6.4 | BE157: 36.1 | BF157: CO_1:H2_0 | BG157: 6.7099964 | BH157: 0.0625 | BI157: 0.16098621 | BJ157: 80 | BK157: 9700.7181 | BL157: 6737.8308 | BM157: 10.718752 | BN157: 1822.1879 | BO157: 7878.5302
A158: 156 | B158: CarbonMonoxide | C158: CO | D158: 1 | E158: 0 | F158: 1 | G158: 28.0097 | H158: 2 | I158: Categories-Category_1 | J158: 4 | K158: 300 | L158: 70 | N158: FormicAcid | O158: 30 | P158: 0.5 | Q158: 0.0325 | R158: 77.5 | S158: 170 | T158: 20 | U158: 1812.1302 | V158: 20 | W158: 0.95 | X158: 1 | Y158: 120094.54 | Z158: 3.6028363e+08 | AA158: 1.4411345e+09 | AB158: 1441134.5 | AC158: 0 | AD158: 3734.0766 | AE158: 6721338 | AF158: 4704936.6 | AG158: 131.78386 | AH158: 1479.0304 | AI158: 295.80608 | AJ158: 46836.872 | AK158: 854.70085 | AL158: Nanofiltration | AM158: 114624.86 | AN158: 1340.2284 | AO158: 50287.034 | AP158: 163656.66 | AQ158: 113369.62 | AR158: 0.0099548359 | AS158: 355.40673 | AT158: 869.79434 | AU158: 10.169898 | AV158: 381.5872 | AW158: 1241.8566 | AX158: 860.2694 | AY158: 2.2446306 | AZ158: Pentanol-PW1 | BA158: =VLOOKUP($AZ158,Sheet1!$A$2:$B$58,2) -> Pentanol (PW1) | BB158: C5H12O | BC158: 88.14658 | BD158: 6 | BE158: 138 | BF158: CO_1:H2_0 | BG158: 5.3894458 | BH158: 0.06028169 | BI158: 0.18970456 | BJ158: 80 | BK158: 8182.8329 | BL158: 5668.4812 | BM158: 9.4008584 | BN158: 1598.1459 | BO158: 6584.687
A159: 157 | B159: CarbonMonoxide | C159: CO | D159: 1 | E159: 0 | F159: 1 | G159: 28.0097 | H159: 2 | I159: Categories-Category_1 | J159: 4 | K159: 300 | L159: 70 | N159: FormicAcid | O159: 30 | P159: 0.5 | Q159: 0.0325 | R159: 77.5 | S159: 170 | T159: 20 | U159: 1812.1302 | V159: 20 | W159: 0.95 | X159: 1 | Y159: 120094.54 | Z159: 3.6028363e+08 | AA159: 1.4411345e+09 | AB159: 1441134.5 | AC159: 0 | AD159: 3734.0766 | AE159: 6721338 | AF159: 4704936.6 | AG159: 131.78386 | AH159: 1479.0304 | AI159: 295.80608 | AJ159: 46836.872 | AK159: 854.70085 | AL159: Nanofiltration | AM159: 114624.86 | AN159: 1340.2284 | AO159: 50287.034 | AP159: 163656.66 | AQ159: 113369.62 | AR159: 0.0099548359 | AS159: 355.40673 | AT159: 869.79434 | AU159: 10.169898 | AV159: 381.5872 | AW159: 1241.8566 | AX159: 860.2694 | AY159: 2.2446306 | AZ159: Pentanol-PW2 | BA159: =VLOOKUP($AZ159,Sheet1!$A$2:$B$58,2) -> Pentanol (PW2) | BB159: C5H12O | BC159: 88.14658 | BD159: 6 | BE159: 138 | BF159: CO_1:H2_0 | BG159: 5.3894458 | BH159: 0.06028169 | BI159: 0.18970456 | BJ159: 80 | BK159: 8182.8329 | BL159: 5668.4812 | BM159: 9.4008584 | BN159: 1598.1459 | BO159: 6584.687
A160: 158 | B160: CarbonMonoxide | C160: CO | D160: 1 | E160: 0 | F160: 1 | G160: 28.0097 | H160: 2 | I160: Categories-Category_1 | J160: 4 | K160: 300 | L160: 70 | N160: FormicAcid | O160: 30 | P160: 0.5 | Q160: 0.0325 | R160: 77.5 | S160: 170 | T160: 20 | U160: 1812.1302 | V160: 20 | W160: 0.95 | X160: 1 | Y160: 301014.29 | Z160: 9.0304287e+08 | AA160: 3.6121715e+09 | AB160: 3612171.5 | AC160: 0 | AD160: 9359.3797 | AE160: 16846883 | AF160: 11792818 | AG160: 330.31331 | AH160: 3707.1567 | AI160: 741.43134 | AJ160: 117395.57 | AK160: 854.70085 | AL160: Nanofiltration | AM160: 287304.64 | AN160: 3359.2526 | AO160: 126043.33 | AP160: 408914.17 | AQ160: 282870.84 | AR160: 0.0099548359 | AS160: 355.40673 | AT160: 869.79434 | AU160: 10.169898 | AV160: 381.5872 | AW160: 1237.9585 | AX160: 856.37132 | AY160: 2.2446306 | AZ160: Phenol | BA160: =VLOOKUP($AZ160,Sheet1!$A$2:$B$58,2) -> Phenol | BB160: C6H6O | BC160: 94.11024 | BD160: 4.6666667 | BE160: 181.7 | BF160: CO_1:H2_0 | BG160: 10.847571 | BH160: 0.022526316 | BI160: 0.075685719 | BJ160: 80 | BK160: 20445.709 | BL160: 14143.542 | BM160: 26.223996 | BN160: 4458.0794 | BO160: 15987.629
...

Sheet Sheet1
B1: BioProduct_Graph
A2: 1-3-Butanediol-PW1 | B2: 1,3-Butanediol (PW1)
A3: 1-3-Butanediol-PW2 | B3: 1,3-Butanediol (PW2)
A4: 1-3-Diaminopropane | B4: 1,3-Diaminopropane
A5: 1-3-Propanediol | B5: 1,3-Propanediol
A6: 1-4-Butanediol | B6: 1,4-Butanediol
A7: 1-Propanol-PW1 | B7: 1-Propanol (PW1)
A8: 1-Propanol-PW2 | B8: 1-Propanol (PW2)
A9: 2-3-Butanediol | B9: 2,3-Butanediol
A10: 2-Methyl-1-Butanol | B10: 2-Methyl-1-Butanol
A11: 2-Pyrone-4-6-Dicarboxylate | B11: 2-Pyrone-4,6-Dicarboxylate
A12: 3-Methyl-1-Pentanol | B12: 3-Methyl-1-Pentanol
A13: 4-Hydroxystyrene | B13: 4-Hydroxystyrene
... A58: Succinate | B58: Succinate
