Workbook

Sheet Overall-ECR-Bio
B1: Substrate | C1: Formula_S | D1: C_Sn | E1: H_Sn | F1: O_Sn | G1: MW_S | H1: N_electrons | I1: ParametersType | J1: CellVoltage | K1: CurrentDensity | L1: FaradaicEfficiency | M1: EnergyEfficiency | N1: ByProducts | O1: ByP_FE | P1: Xco2 | Q1: ElectricityPrice | R1: CO2Price | S1: CarbonTax | T1: Conversion | U1: ElectrolyzerPrice | V1: PlantLife | W1: StreamFactor | X1: ScalingFactor | Y1: ElectrodeArea | Z1: I | AA1: Power | AB1: kWh | AC1: kWh_sep | AD1: emol_curr | AE1: MaxProductionRate | AF1: ActualProductionRate | AG1: ActualProductionRate_mass | AH1: CO2rate_fed | AI1: CO2rate_conv | AJ1: Cost_elec_h | AK1: Cost_h_sep | AL1: Type_sep | AM1: Cost_CO2_h | AN1: Cost_electrolyzer_h | AO1: CT_savings_h | AP1: ProductionCost_hNOCT | AQ1: ProductionCost_h | AR1: Cost_elec_mol | AS1: Cost_elec_mass | AT1: Cost_CO2_mass | AU1: Cost_electrolyzer_mass | AV1: CT_savings_mass | AW1: ProductionCost_massNOCT | AX1: ProductionCost_mass | AY1: CO2_ECons_mass | AZ1: BioProduct | BA1: BioProduct_Graph | BB1: Formula_BP | BC1: Carbons in Product | BD1: Lower Heating Value | BE1: Lower Heating Value of Product | BF1: MW_BP | BG1: Deg_RedBP | BH1: BoilP_degC | BI1: SubstratePathway | BJ1: CO2_BProd_mass | BK1: YieldBP_Molar | BL1: YieldBP_Mass | BM1: Bioconversion | BN1: O2_BProd_mass | BO1: BioproductionCost_massNOCT | BP1: BioproductionCost_mass1 | BQ1: CO2_OverallCons_mass | BR1: CT_OverallSavings_mass | BS1: BioproductionCost_mass2 | BT1: Carbon_Efficiency | BU1: Additional_CO2_Intake | BV1: Energy_Input | BW1: LHV_Ratio | BX1: Maximum_Recycle | BY1: Recycle_Cost | BZ1: Carbon_capture_SP | CA1: CCSP_COInput | CB1: CCSP_COBio | CC1: CCSP_GasRec | CD1: CCSP_ECR | CE1: Flue_gas_SP | CF1: Bioreactor_SP | CG1: BioSP_COInput | CH1: BioSP_COBio | CI1: BioSP_GasRec | CJ1: BioSP_ECR | CK1: Carbon_capture_rec | CL1: CCRec_COInput | CM1: CCRec_COBio | CN1: CCRec_Rec | CO1: CCRec_ECR | CP1: Flue_gas_rec | CQ1: Bioreactor_rec | CR1: BioRec_COInput | CS1: BioRec_COBio | CT1: BioRec_Rec | CU1: BioRec_ECR | CV1: BioproductionCost_mass2_alt
A2: 562 | B2: CarbonMonoxide | C2: CO | D2: 1 | E2: 0 | F2: 1 | G2: 28.0097 | H2: 2 | I2: Categories-Category_2 | J2: 1.333 | K2: 500 | L2: 100 | N2: FormicAcid | O2: 0 | P2: 0.5 | Q2: 0.0325 | R2: 77.5 | S2: 170 | T2: 100 | U2: 1812.1302 | V2: 20 | W2: 0.95 | X2: 1 | Y2: 11040.274 | Z2: 55201371 | AA2: 73583428 | AB2: 73583.428 | AC2: 0 | AD2: 572.12189 | AE2: 1029819.4 | AF2: 1029819.4 | AG2: 28.844933 | AH2: 45.322352 | AI2: 45.322352 | AJ2: 2391.4614 | AK2: 854.70085 | AL2: Nanofiltration | AM2: 3512.4823 | AN2: 123.20701 | AO2: 7704.7998 | AP2: 6881.8515 | AQ2: -822.94829 | AR2: 0.0023222144 | AS2: 82.907505 | AT2: 121.77121 | AU2: 4.2713571 | AV2: 267.11104 | AW2: 238.58095 | AX2: -28.530082 | AY2: 1.5712414 | AZ2: Isobutanol | BA2: =VLOOKUP($AZ2,Sheet1!$A$2:$B$58,2,FALSE) -> Isobutanol | BB2: C4H10O | BC2: 4 | BD2: 14.748421 | BE2: 32.959 | BF2: 74.1202 | BG2: =VLOOKUP($AZ2,Sheet1!$A$2:$C$58,3,FALSE) -> 5.602 | BH2: 108 | BI2: Flue_Gas | BJ2: 0 | BK2: 0.25 | BL2: 0.86670336 | BM2: 100 | BN2: 0 | BO2: 275.27406 | BP2: -32.917932 | BQ2: 1.8128941 | BR2: 308.19199 | BS2: -32.917932 | BT2: 1 | BU2: 0 | BV2: 17.016689 | BW2: 1.9368633 | BX2: 0 | BY2: 1.102311 | BZ2: 37.000419 | CA2: 19.983731 | CB2: 0 | CC2: 0 | CD2: 17.016689 | CE2: 24.010994 | CF2: 19.015062 | CG2: 1.9983731 | CH2: 0 | CI2: 0 | CJ2: 17.016689 | CK2: 37.000419 | CL2: 19.983731 | CM2: 0 | CN2: 0 | CO2: 17.016689 | CP2: 24.010994 | CQ2: 19.015062 | CR2: 1.9983731 | CS2: 0 | CT2: 0 | CU2: 17.016689 | CV2: =IF(BS2<0,1.1,BS2) -> 1.1
A3: 337 | B3: Methanol | C3: CH3OH | D3: 1 | E3: 4 | F3: 1 | G3: 32.04106 | H3: 6 | I3: Categories-Category_2 | J3: 1.213 | K3: 500 | L3: 100 | N3: FormicAcid/CO | O3: 0 | P3: 0.125 | Q3: 0.0325 | R3: 77.5 | S3: 170 | T3: 100 | U3: 1812.1302 | V3: 20 | W3: 0.95 | X3: 1 | Y3: 37340.58 | Z3: 1.867029e+08 | AA3: 2.2647062e+08 | AB3: 226470.62 | AC3: 0 | AD3: 1935.0392 | AE3: 1161023.5 | AF3: 1161023.5 | AG3: 37.200424 | AH3: 38.322484 | AI3: 38.322484 | AJ3: 7360.2951 | AK3: 854.70085 | AL3: Nanofiltration | AM3: 2969.9925 | AN3: 416.71258 | AO3: 6514.8222 | AP3: 11601.701 | AQ3: 5086.8788 | AR3: 0.0063394884 | AS3: 197.85514 | AT3: 79.837597 | AU3: 11.201823 | AV3: 175.12763 | AW3: 311.87013 | AX3: 136.74249 | AY3: 1.0301625 | AZ3: Isobutanol | BA3: =VLOOKUP($AZ3,Sheet1!$A$2:$B$58,2,FALSE) -> Isobutanol | BB3: C4H10O | BC3: 4 | BD3: 19.93 | BE3: 32.959 | BF3: 74.1202 | BG3: =VLOOKUP($AZ3,Sheet1!$A$2:$C$58,3,FALSE) -> 5.602 | BH3: 108 | BI3: Methanol_MethylTransferase_0 | BJ3: 0 | BK3: 0.25 | BL3: 0.67203535 | BM3: 100 | BN3: 0 | BO3: 464.06804 | BP3: 203.47515 | BQ3: 1.5328993 | BR3: 260.59289 | BS3: 203.47515 | BT3: 1 | BU3: 0 | BV3: 29.656178 | BW3: 1.1113705 | BX3: 0 | BY3: 1.102311 | BZ3: 46.553496 | CA3: 16.897318 | CB3: 0 | CC3: 0 | CD3: 29.656178 | CE3: 35.570239 | CF3: 31.34591 | CG3: 1.6897318 | CH3: 0 | CI3: 0 | CJ3: 29.656178 | CK3: 46.553496 | CL3: 16.897318 | CM3: 0 | CN3: 0 | CO3: 29.656178 | CP3: 35.570239 | CQ3: 31.34591 | CR3: 1.6897318 | CS3: 0 | CT3: 0 | CU3: 29.656178 | CV3: =IF(BS3<0,1.1,BS3) -> 203.47515
A4: 281 | B4: Methanol | C4: CH3OH | D4: 1 | E4: 4 | F4: 1 | G4: 32.04106 | H4: 6 | I4: Categories-Category_2 | J4: 1.213 | K4: 500 | L4: 100 | N4: FormicAcid/CO | O4: 0 | P4: 0.125 | Q4: 0.0325 | R4: 77.5 | S4: 170 | T4: 100 | U4: 1812.1302 | V4: 20 | W4: 0.95 | X4: 1 | Y4: 37340.58 | Z4: 1.867029e+08 | AA4: 2.2647062e+08 | AB4: 226470.62 | AC4: 0 | AD4: 1935.0392 | AE4: 1161023.5 | AF4: 1161023.5 | AG4: 37.200424 | AH4: 38.322484 | AI4: 38.322484 | AJ4: 7360.2951 | AK4: 854.70085 | AL4: Nanofiltration | AM4: 2969.9925 | AN4: 416.71258 | AO4: 6514.8222 | AP4: 11601.701 | AQ4: 5086.8788 | AR4: 0.0063394884 | AS4: 197.85514 | AT4: 79.837597 | AU4: 11.201823 | AV4: 175.12763 | AW4: 311.87013 | AX4: 136.74249 | AY4: 1.0301625 | AZ4: Isobutanol | BA4: =VLOOKUP($AZ4,Sheet1!$A$2:$B$58,2,FALSE) -> Isobutanol | BB4: C4H10O | BC4: 4 | BD4: 19.93 | BE4: 32.959 | BF4: 74.1202 | BG4: =VLOOKUP($AZ4,Sheet1!$A$2:$C$58,3,FALSE) -> 5.602 | BH4: 108 | BI4: Methanol_MethylTransferase_0.1 | BJ4: 0 | BK4: 0.25 | BL4: 0.67203535 | BM4: 100 | BN4: 0 | BO4: 464.06804 | BP4: 203.47515 | BQ4: 1.5328993 | BR4: 260.59289 | BS4: 203.47515 | BT4: 1 | BU4: 0 | BV4: 29.656178 | BW4: 1.1113705 | BX4: 0 | BY4: 1.102311 | BZ4: 46.553496 | CA4: 16.897318 | CB4: 0 | CC4: 0 | CD4: 29.656178 | CE4: 35.570239 | CF4: 31.34591 | CG4: 1.6897318 | CH4: 0 | CI4: 0 | CJ4: 29.656178 | CK4: 46.553496 | CL4: 16.897318 | CM4: 0 | CN4: 0 | CO4: 29.656178 | CP4: 35.570239 | CQ4: 31.34591 | CR4: 1.6897318 | CS4: 0 | CT4: 0 | CU4: 29.656178 | CV4: =IF(BS4<0,1.1,BS4) -> 203.47515
A5: 1039 | B5: CarbonMonoxide_1 | C5: CO | D5: 1 | E5: 0 | F5: 1 | G5: 28.0097 | H5: 2 | I5: Categories-Category_2 | J5: 1.333 | K5: 500 | L5: 50 | N5: Hydrogen | O5: 50 | P5: 0.25 | Q5: 0.0325 | R5: 77.5 | S5: 170 | T5: 100 | U5: 1812.1302 | V5: 20 | W5: 0.95 | X5: 1 | Y5: 28564.919 | Z5: 1.428246e+08 | AA5: 1.9038519e+08 | AB5: 190385.19 | AC5: 0 | AD5: 1480.2726 | AE5: 2664490.7 | AF5: 1332245.3 | AG5: 37.315792 | AH5: 58.632118 | AI5: 58.632118 | AJ5: 6187.5185 | AK5: 854.70085 | AL5: Nanofiltration | AM5: 4543.9891 | AN5: 318.77815 | AO5: 9967.46 | AP5: 11904.987 | AQ5: 1937.5266 | AR5: 0.0046444287 | AS5: 154.66118 | AT5: 113.58006 | AU5: 7.9680737 | AV5: 249.14335 | AW5: 297.57313 | AX5: 48.429778 | AY5: 1.5712414 | AZ5: Succinate | BA5: =VLOOKUP($AZ5,Sheet1!$A$2:$B$58,2,FALSE) -> Succinate | BB5: C4H4O4 | BC5: 4 | BD5: 17.478546 | BE5: 0 | BF5: 116.07016 | BG5: =VLOOKUP($AZ5,Sheet1!$A$2:$C$58,3,FALSE) -> 3 | BH5: 235 | BI5: CO_1:H2_1 | BJ5: 0 | BK5: 0.17333333 | BL5: 0.66995763 | BM5: 100 | BN5: 0 | BO5: 444.16708 | BP5: 72.287822 | BQ5: 2.3452847 | BR5: 398.6984 | BS5: 45.468681 | BT5: 0.69333333 | BU5: 0 | BV5: 26.089033 | BW5: 0 | BX5: 0 | BY5: 1.102311 | BZ5: 51.941364 | CA5: 25.852331 | CB5: 0 | CC5: 0 | CD5: 26.089033 | CE5: 35.137348 | CF5: 28.674266 | CG5: 2.5852331 | CH5: 0 | CI5: 0 | CJ5: 26.089033 | CK5: 51.941364 | CL5: 25.852331 | CM5: 0 | CN5: 0 | CO5: 26.089033 | CP5: 35.137348 | CQ5: 28.674266 | CR5: 2.5852331 | CS5: 0 | CT5: 0 | CU5: 26.089033 | CV5: =IF(BS5<0,1.1,BS5) -> 45.468681
A6: 1040 | B6: CarbonMonoxide_1 | C6: CO | D6: 1 | E6: 0 | F6: 1 | G6: 28.0097 | H6: 2 | I6: Categories-Category_2 | J6: 1.333 | K6: 500 | L6: 50 | N6: Hydrogen | O6: 50 | P6: 0.25 | Q6: 0.0325 | R6: 77.5 | S6: 170 | T6: 100 | U6: 1812.1302 | V6: 20 | W6: 0.95 | X6: 1 | Y6: 28690.896 | Z6: 1.4345448e+08 | AA6: 1.9122482e+08 | AB6: 191224.82 | AC6: 0 | AD6: 1486.8009 | AE6: 2676241.6 | AF6: 1338120.8 | AG6: 37.480363 | AH6: 58.890697 | AI6: 58.890697 | AJ6: 6214.8067 | AK6: 854.70085 | AL6: Nanofiltration | AM6: 4564.029 | AN6: 320.18403 | AO6: 10011.418 | AP6: 11953.721 | AQ6: 1942.3021 | AR6: 0.0046444287 | AS6: 154.66118 | AT6: 113.58006 | AU6: 7.9680737 | AV6: 249.14335 | AW6: 297.47932 | AX6: 48.335973 | AY6: 1.5712414 | AZ6: Malate_L | BA6: =VLOOKUP($AZ6,Sheet1!$A$2:$B$58,2,FALSE) -> L-Malate | BB6: C4H4O5 | BC6: 4 | BD6: 17.478546 | BE6: 0 | BF6: 132.06916 | BG6: =VLOOKUP($AZ6,Sheet1!$A$2:$C$58,3,FALSE) -> 2.5 | BI6: CO_1:H2_1 | BJ6: 0 | BK6: 0.15166667 | BL6: 0.66701596 | BM6: 100 | BN6: 0 | BO6: 445.98531 | BP6: 72.465992 | BQ6: 2.3556279 | BR6: 400.45674 | BS6: 45.528573 | BT6: 0.60666667 | BU6: 0 | BV6: 26.20409 | BW6: 0 | BX6: 0 | BY6: 1.102311 | BZ6: 52.170436 | CA6: 25.966345 | CB6: 0 | CC6: 0 | CD6: 26.20409 | CE6: 35.292311 | CF6: 28.800725 | CG6: 2.5966345 | CH6: 0 | CI6: 0 | CJ6: 26.20409 | CK6: 52.170436 | CL6: 25.966345 | CM6: 0 | CN6: 0 | CO6: 26.20409 | CP6: 35.292311 | CQ6: 28.800725 | CR6: 2.5966345 | CS6: 0 | CT6: 0 | CU6: 26.20409 | CV6: =IF(BS6<0,1.1,BS6) -> 45.528573
A7: 1041 | B7: CarbonMonoxide_1 | C7: CO | D7: 1 | E7: 0 | F7: 1 | G7: 28.0097 | H7: 2 | I7: Categories-Category_2 | J7: 1.333 | K7: 500 | L7: 50 | N7: Hydrogen | O7: 50 | P7: 0.25 | Q7: 0.0325 | R7: 77.5 | S7: 170 | T7: 100 | U7: 1812.1302 | V7: 20 | W7: 0.95 | X7: 1 | Y7: 30057.546 | Z7: 1.5028773e+08 | AA7: 2.0033355e+08 | AB7: 200333.55 | AC7: 0 | AD7: 1557.6226 | AE7: 2803720.6 | AF7: 1401860.3 | AG7: 39.265687 | AH7: 61.695872 | AI7: 61.695872 | AJ7: 6510.8403 | AK7: 854.70085 | AL7: Nanofiltration | AM7: 4781.4301 | AN7: 335.43554 | AO7: 10488.298 | AP7: 12482.407 | AQ7: 1994.1085 | AR7: 0.0046444287 | AS7: 154.66118 | AT7: 113.58006 | AU7: 7.9680737 | AV7: 249.14335 | AW7: 296.51222 | AX7: 47.368872 | AY7: 1.5712414 | AZ7: Citrate | BA7: =VLOOKUP($AZ7,Sheet1!$A$2:$B$58,2,FALSE) -> Citrate | BB7: C6H5O7 | BC7: 6 | BD7: 17.478546 | BE7: 0 | BF7: 189.0964 | BG7: =VLOOKUP($AZ7,Sheet1!$A$2:$C$58,3,FALSE) -> 2.5 | BI7: CO_1:H2_1 | BJ7: 0 | BK7: 0.10111111 | BL7: 0.63668822 | BM7: 100 | BN7: 0 | BO7: 465.71024 | BP7: 74.398852 | BQ7: 2.4678349 | BR7: 419.53193 | BS7: 46.178307 | BT7: 0.60666667 | BU7: 0 | BV7: 27.452285 | BW7: 0 | BX7: 0 | BY7: 1.102311 | BZ7: 54.655501 | CA7: 27.203215 | CB7: 0 | CC7: 0 | CD7: 27.452285 | CE7: 36.973411 | CF7: 30.172607 | CG7: 2.7203215 | CH7: 0 | CI7: 0 | CJ7: 27.452285 | CK7: 54.655501 | CL7: 27.203215 | CM7: 0 | CN7: 0 | CO7: 27.452285 | CP7: 36.973411 | CQ7: 30.172607 | CR7: 2.7203215 | CS7: 0 | CT7: 0 | CU7: 27.452285 | CV7: =IF(BS7<0,1.1,BS7) -> 46.178307
A8: 823 | B8: CarbonMonoxide_2 | C8: CO | D8: 1 | E8: 0 | F8: 1 | G8: 28.0097 | H8: 2 | I8: Categories-Category_2 | J8: 1.333 | K8: 500 | L8: 33.333333 | N8: Hydrogen | O8: 66.666667 | P8: 0.16666667 | Q8: 0.0325 | R8: 77.5 | S8: 170 | T8: 100 | U8: 1812.1302 | V8: 20 | W8: 0.95 | X8: 1 | Y8: 35510.434 | Z8: 1.7755217e+08 | AA8: 2.3667704e+08 | AB8: 236677.04 | AC8: 0 | AD8: 1840.1985 | AE8: 3312357.4 | AF8: 1104119.1 | AG8: 30.926045 | AH8: 48.592282 | AI8: 48.592282 | AJ8: 7692.0038 | AK8: 854.70085 | AL8: Nanofiltration | AM8: 3765.9019 | AN8: 396.28855 | AO8: 8260.688 | AP8: 12708.895 | AQ8: 4448.2071 | AR8: 0.0069666431 | AS8: 217.36999 | AT8: 106.42143 | AU8: 11.198804 | AV8: 233.44056 | AW8: 359.1434 | AX8: 125.70284 | AY8: 1.5712414 | AZ8: 1-3-Propanediol | BA8: =VLOOKUP($AZ8,Sheet1!$A$2:$B$58,2,FALSE) -> 1,3-Propanediol | BB8: C3H8O2 | BC8: 3 | BD8: 23.925551 | BE8: 0 | BF8: 76.09282 | BG8: =VLOOKUP($AZ8,Sheet1!$A$2:$C$58,3,FALSE) -> 5.3333333 | BH8: 213 | BI8: CO_1:H2_2 | BJ8: 0 | BK8: 0.33333333 | BL8: 0.80838011 | BM8: 100 | BN8: 0 | BO8: 444.27541 | BP8: 155.49967 | BQ8: 1.9436913 | BR8: 330.42752 | BS8: 113.84789 | BT8: 1 | BU8: 0 | BV8: 29.596906 | BW8: 0 | BX8: 0 | BY8: 1.102311 | BZ8: 51.022429 | CA8: 21.425523 | CB8: 0 | CC8: 0 | CD8: 29.596906 | CE8: 37.095839 | CF8: 31.739459 | CG8: 2.1425523 | CH8: 0 | CI8: 0 | CJ8: 29.596906 | CK8: 51.022429 | CL8: 21.425523 | CM8: 0 | CN8: 0 | CO8: 29.596906 | CP8: 37.095839 | CQ8: 31.739459 | CR8: 2.1425523 | CS8: 0 | CT8: 0 | CU8: 29.596906 | CV8: =IF(BS8<0,1.1,BS8) -> 113.84789
A9: 1044 | B9: CarbonMonoxide_1 | C9: CO | D9: 1 | E9: 0 | F9: 1 | G9: 28.0097 | H9: 2 | I9: Categories-Category_2 | J9: 1.333 | K9: 500 | L9: 50 | N9: Hydrogen | O9: 50 | P9: 0.25 | Q9: 0.0325 | R9: 77.5 | S9: 170 | T9: 100 | U9: 1812.1302 | V9: 20 | W9: 0.95 | X9: 1 | Y9: 32491.297 | Z9: 1.6245648e+08 | AA9: 2.1655449e+08 | AB9: 216554.49 | AC9: 0 | AD9: 1683.7428 | AE9: 3030737 | AF9: 1515368.5 | AG9: 42.445017 | AH9: 66.691368 | AI9: 66.691368 | AJ9: 7038.021 | AK9: 854.70085 | AL9: Nanofiltration | AM9: 5168.581 | AN9: 362.59565 | AO9: 11337.533 | AP9: 13423.899 | AQ9: 2086.366 | AR9: 0.0046444287 | AS9: 154.66118 | AT9: 113.58006 | AU9: 7.9680737 | AV9: 249.14335 | AW9: 294.99144 | AX9: 45.848089 | AY9: 1.5712414 | AZ9: Malonate | BA9: =VLOOKUP($AZ9,Sheet1!$A$2:$B$58,2,FALSE) -> Malonate | BB9: C3H2O4 | BC9: 3 | BD9: 17.478546 | BE9: 0 | BF9: 102.04378 | BG9: =VLOOKUP($AZ9,Sheet1!$A$2:$C$58,3,FALSE) -> 2 | BH9: 199 | BI9: CO_1:H2_1 | BJ9: 0 | BK9: 0.17333333 | BL9: 0.58899729 | BM9: 100 | BN9: 0 | BO9: 500.83667 | BP9: 77.840917 | BQ9: 2.6676547 | BR9: 453.5013 | BS9: 47.335363 | BT9: 0.52 | BU9: 0 | BV9: 29.675088 | BW9: 0 | BX9: 0 | BY9: 1.102311 | BZ9: 59.08094 | CA9: 29.405851 | CB9: 0 | CC9: 0 | CD9: 29.675088 | CE9: 39.967136 | CF9: 32.615673 | CG9: 2.9405851 | CH9: 0 | CI9: 0 | CJ9: 29.675088 | CK9: 59.08094 | CL9: 29.405851 | CM9: 0 | CN9: 0 | CO9: 29.675088 | CP9: 39.967136 | CQ9: 32.615673 | CR9: 2.9405851 | CS9: 0 | CT9: 0 | CU9: 29.675088 | CV9: =IF(BS9<0,1.1,BS9) -> 47.335363
A10: 1048 | B10: CarbonMonoxide_1 | C10: CO | D10: 1 | E10: 0 | F10: 1 | G10: 28.0097 | H10: 2 | I10: Categories-Category_2 | J10: 1.333 | K10: 500 | L10: 50 | N10: Hydrogen | O10: 50 | P10: 0.25 | Q10: 0.0325 | R10: 77.5 | S10: 170 | T10: 100 | U10: 1812.1302 | V10: 20 | W10: 0.95 | X10: 1 | Y10: 33495.736 | Z10: 1.6747868e+08 | AA10: 2.2324908e+08 | AB10: 223249.08 | AC10: 0 | AD10: 1735.7942 | AE10: 3124429.5 | AF10: 1562214.8 | AG10: 43.757167 | AH10: 68.753072 | AI10: 68.753072 | AJ10: 7255.5951 | AK10: 854.70085 | AL10: Nanofiltration | AM10: 5328.3631 | AN10: 373.80497 | AO10: 11688.022 | AP10: 13812.464 | AQ10: 2124.4418 | AR10: 0.0046444287 | AS10: 154.66118 | AT10: 113.58006 | AU10: 7.9680737 | AV10: 249.14335 | AW10: 294.42822 | AX10: 45.284868 | AY10: 1.5712414 | AZ10: Glutamate_L | BA10: =VLOOKUP($AZ10,Sheet1!$A$2:$B$58,2,FALSE) -> L-Glutamate | BB10: C5H8NO4 | BC10: 5 | BD10: 17.478546 | BE10: 0 | BF10: 146.11892 | BG10: =VLOOKUP($AZ10,Sheet1!$A$2:$C$58,3,FALSE) -> 3.4 | BH10: 333.8 | BI10: CO_1:H2_1 | BJ10: 0 | BK10: 0.11741935 | BL10: 0.57133498 | BM10: 100 | BN10: 0 | BO10: 515.33379 | BP10: 79.261501 | BQ10: 2.7501229 | BR10: 467.52089 | BS10: 47.812895 | BT10: 0.58709677 | BU10: 0 | BV10: 30.592467 | BW10: 0 | BX10: 0 | BY10: 1.102311 | BZ10: 60.907374 | CA10: 30.314907 | CB10: 0 | CC10: 0 | CD10: 30.592467 | CE10: 41.202685 | CF10: 33.623958 | CG10: 3.0314907 | CH10: 0 | CI10: 0 | CJ10: 30.592467 | CK10: 60.907374 | CL10: 30.314907 | CM10: 0 | CN10: 0 | CO10: 30.592467 | CP10: 41.202685 | CQ10: 33.623958 | CR10: 3.0314907 | CS10: 0 | CT10: 0 | CU10: 30.592467 | CV10: =IF(BS10<0,1.1,BS10) -> 47.812895
A11: 1052 | B11: CarbonMonoxide_1 | C11: CO | D11: 1 | E11: 0 | F11: 1 | G11: 28.0097 | H11: 2 | I11: Categories-Category_2 | J11: 1.333 | K11: 500 | L11: 50 | N11: Hydrogen | O11: 50 | P11: 0.25 | Q11: 0.0325 | R11: 77.5 | S11: 170 | T11: 100 | U11: 1812.1302 | V11: 20 | W11: 0.95 | X11: 1 | Y11: 35747.695 | Z11: 1.7873848e+08 | AA11: 2.3825839e+08 | AB11: 238258.39 | AC11: 0 | AD11: 1852.4938 | AE11: 3334488.8 | AF11: 1667244.4 | AG11: 46.699015 | AH11: 73.375425 | AI11: 73.375425 | AJ11: 7743.3977 | AK11: 854.70085 | AL11: Nanofiltration | AM11: 5686.5955 | AN11: 398.93634 | AO11: 12473.822 | AP11: 14683.63 | AQ11: 2209.808 | AR11: 0.0046444287 | AS11: 154.66118 | AT11: 113.58006 | AU11: 7.9680737 | AV11: 249.14335 | AW11: 293.2805 | AX11: 44.13715 | AY11: 1.5712414 | AZ11: Itaconate | BA11: =VLOOKUP($AZ11,Sheet1!$A$2:$B$58,2,FALSE) -> Itaconate | BB11: C5H4O4 | BC11: 5 | BD11: 17.478546 | BE11: 0 | BF11: 128.08086 | BG11: =VLOOKUP($AZ11,Sheet1!$A$2:$C$58,3,FALSE) -> 3.2 | BH11: 381 | BI11: CO_1:H2_1 | BJ11: 0 | BK11: 0.12551724 | BL11: 0.5353432 | BM11: 100 | BN11: 0 | BO11: 547.83642 | BP11: 82.446458 | BQ11: 2.935017 | BR11: 498.95289 | BS11: 48.883524 | BT11: 0.62758621 | BU11: 0 | BV11: 32.649236 | BW11: 0 | BX11: 0 | BY11: 1.102311 | BZ11: 65.002251 | CA11: 32.353015 | CB11: 0 | CC11: 0 | CD11: 32.649236 | CE11: 43.972791 | CF11: 35.884538 | CG11: 3.2353015 | CH11: 0 | CI11: 0 | CJ11: 32.649236 | CK11: 65.002251 | CL11: 32.353015 | CM11: 0 | CN11: 0 | CO11: 32.649236 | CP11: 43.972791 | CQ11: 35.884538 | CR11: 3.2353015 | CS11: 0 | CT11: 0 | CU11: 32.649236 | CV11: =IF(BS11<0,1.1,BS11) -> 48.883524
A12: 817 | B12: CarbonMonoxide_2 | C12: CO | D12: 1 | E12: 0 | F12: 1 | G12: 28.0097 | H12: 2 | I12: Categories-Category_2 | J12: 1.333 | K12: 500 | L12: 33.333333 | N12: Hydrogen | O12: 66.666667 | P12: 0.16666667 | Q12: 0.0325 | R12: 77.5 | S12: 170 | T12: 100 | U12: 1812.1302 | V12: 20 | W12: 0.95 | X12: 1 | Y12: 39932.558 | Z12: 1.9966279e+08 | AA12: 2.661505e+08 | AB12: 266150.5 | AC12: 0 | AD12: 2069.359 | AE12: 3724846.1 | AF12: 1241615.4 | AG12: 34.777274 | AH12: 54.643493 | AI12: 54.643493 | AJ12: 8649.8912 | AK12: 854.70085 | AL12: Nanofiltration | AM12: 4234.8707 | AN12: 445.63848 | AO12: 9289.3938 | AP12: 14185.101 | AQ12: 4895.7074 | AR12: 0.0069666431 | AS12: 217.36999 | AT12: 106.42143 | AU12: 11.198804 | AV12: 233.44056 | AW12: 356.46869 | AX12: 123.02812 | AY12: 1.5712414 | AZ12: Ethanol | BA12: =VLOOKUP($AZ12,Sheet1!$A$2:$B$58,2,FALSE) -> #N/A | BB12: C2H6O | BC12: 2 | BD12: 23.925551 | BE12: 0 | BF12: 46.06744 | BG12: =VLOOKUP($AZ12,Sheet1!$A$2:$C$58,3,FALSE) -> #N/A | BH12: 78.37 | BI12: CO_1:H2_2 | BJ12: 0 | BK12: 0.5 | BL12: 0.71886025 | BM12: 100 | BN12: 0 | BO12: 495.88037 | BP12: 171.14331 | BQ12: 2.1857397 | BR12: 371.57575 | BS12: 124.30462 | BT12: 1 | BU12: 0 | BV12: 33.282617 | BW12: 0 | BX12: 0 | BY12: 1.102311 | BZ12: 57.376267 | CA12: 24.093649 | CB12: 0 | CC12: 0 | CD12: 33.282617 | CE12: 41.715395 | CF12: 35.691982 | CG12: 2.4093649 | CH12: 0 | CI12: 0 | CJ12: 33.282617 | CK12: 57.376267 | CL12: 24.093649 | CM12: 0 | CN12: 0 | CO12: 33.282617 | CP12: 41.715395 | CQ12: 35.691982 | CR12: 2.4093649 | CS12: 0 | CT12: 0 | CU12: 33.282617 | CV12: =IF(BS12<0,1.1,BS12) -> 124.30462
A13: 824 | B13: CarbonMonoxide_2 | C13: CO | D13: 1 | E13: 0 | F13: 1 | G13: 28.0097 | H13: 2 | I13: Categories-Category_2 | J13: 1.333 | K13: 500 | L13: 33.333333 | N13: Hydrogen | O13: 66.666667 | P13: 0.16666667 | Q13: 0.0325 | R13: 77.5 | S13: 170 | T13: 100 | U13: 1812.1302 | V13: 20 | W13: 0.95 | X13: 1 | Y13: 40192.479 | Z13: 2.0096239e+08 | AA13: 2.6788287e+08 | AB13: 267882.87 | AC13: 0 | AD13: 2082.8284 | AE13: 3749091.2 | AF13: 1249697.1 | AG13: 35.00364 | AH13: 54.999167 | AI13: 54.999167 | AJ13: 8706.1933 | AK13: 854.70085 | AL13: Nanofiltration | AM13: 4262.4355 | AN13: 448.53914 | AO13: 9349.8585 | AP13: 14271.869 | AQ13: 4922.0103 | AR13: 0.0069666431 | AS13: 217.36999 | AT13: 106.42143 | AU13: 11.198804 | AV13: 233.44056 | AW13: 356.32979 | AX13: 122.88922 | AY13: 1.5712414 | AZ13: 1-3-Butanediol-PW1 | BA13: =VLOOKUP($AZ13,Sheet1!$A$2:$B$58,2,FALSE) -> 1,3-Butanediol (PW1) | BB13: C4H10O2 | BC13: 4 | BD13: 23.925551 | BE13: 25.35 | BF13: 90.1192 | BG13: =VLOOKUP($AZ13,Sheet1!$A$2:$C$58,3,FALSE) -> 5.5 | BH13: 207 | BI13: CO_1:H2_2 | BJ13: 0 | BK13: 0.25 | BL13: 0.71421144 | BM13: 100 | BN13: 0 | BO13: 498.91358 | BP13: 172.06281 | BQ13: 2.1999667 | BR13: 373.99434 | BS13: 124.91924 | BT13: 1 | BU13: 0 | BV13: 33.499254 | BW13: 0.75673327 | BX13: 0 | BY13: 1.102311 | BZ13: 57.749729 | CA13: 24.250475 | CB13: 0 | CC13: 0 | CD13: 33.499254 | CE13: 41.98692 | CF13: 35.924301 | CG13: 2.4250475 | CH13: 0 | CI13: 0 | CJ13: 33.499254 | CK13: 57.749729 | CL13: 24.250475 | CM13: 0 | CN13: 0 | CO13: 33.499254 | CP13: 41.98692 | CQ13: 35.924301 | CR13: 2.4250475 | CS13: 0 | CT13: 0 | CU13: 33.499254 | CV13: =IF(BS13<0,1.1,BS13) -> 124.91924
A14: 825 | B14: CarbonMonoxide_2 | C14: CO | D14: 1 | E14: 0 | F14: 1 | G14: 28.0097 | H14: 2 | I14: Categories-Category_2 | J14: 1.333 | K14: 500 | L14: 33.333333 | N14: Hydrogen | O14: 66.666667 | P14: 0.16666667 | Q14: 0.0325 | R14: 77.5 | S14: 170 | T14: 100 | U14: 1812.1302 | V14: 20 | W14: 0.95 | X14: 1 | Y14: 40192.479 | Z14: 2.0096239e+08 | AA14: 2.6788287e+08 | AB14: 267882.87 | AC14: 0 | AD14: 2082.8284 | AE14: 3749091.2 | AF14: 1249697.1 | AG14: 35.00364 | AH14: 54.999167 | AI14: 54.999167 | AJ14: 8706.1933 | AK14: 854.70085 | AL14: Nanofiltration | AM14: 4262.4355 | AN14: 448.53914 | AO14: 9349.8585 | AP14: 14271.869 | AQ14: 4922.0103 | AR14: 0.0069666431 | AS14: 217.36999 | AT14: 106.42143 | AU14: 11.198804 | AV14: 233.44056 | AW14: 356.32979 | AX14: 122.88922 | AY14: 1.5712414 | AZ14: 1-3-Butanediol-PW2 | BA14: =VLOOKUP($AZ14,Sheet1!$A$2:$B$58,2,FALSE) -> 1,3-Butanediol (PW2) | BB14: C4H10O2 | BC14: 4 | BD14: 23.925551 | BE14: 25.35 | BF14: 90.1192 | BG14: =VLOOKUP($AZ14,Sheet1!$A$2:$C$58,3,FALSE) -> 5.5 | BH14: 207 | BI14: CO_1:H2_2 | BJ14: 0 | BK14: 0.25 | BL14: 0.71421144 | BM14: 100 | BN14: 0 | BO14: 498.91358 | BP14: 172.06281 | BQ14: 2.1999667 | BR14: 373.99434 | BS14: 124.91924 | BT14: 1 | BU14: 0 | BV14: 33.499254 | BW14: 0.75673327 | BX14: 0 | BY14: 1.102311 | BZ14: 57.749729 | CA14: 24.250475 | CB14: 0 | CC14: 0 | CD14: 33.499254 | CE14: 41.98692 | CF14: 35.924301 | CG14: 2.4250475 | CH14: 0 | CI14: 0 | CJ14: 33.499254 | CK14: 57.749729 | CL14: 24.250475 | CM14: 0 | CN14: 0 | CO14: 33.499254 | CP14: 41.98692 | CQ14: 35.924301 | CR14: 2.4250475 | CS14: 0 | CT14: 0 | CU14: 33.499254 | CV14: =IF(BS14<0,1.1,BS14) -> 124.91924
A15: 826 | B15: CarbonMonoxide_2 | C15: CO | D15: 1 | E15: 0 | F15: 1 | G15: 28.0097 | H15: 2 | I15: Categories-Category_2 | J15: 1.333 | K15: 500 | L15: 33.333333 | N15: Hydrogen | O15: 66.666667 | P15: 0.16666667 | Q15: 0.0325 | R15: 77.5 | S15: 170 | T15: 100 | U15: 1812.1302 | V15: 20 | W15: 0.95 | X15: 1 | Y15: 40192.479 | Z15: 2.0096239e+08 | AA15: 2.6788287e+08 | AB15: 267882.87 | AC15: 0 | AD15: 2082.8284 | AE15: 3749091.2 | AF15: 1249697.1 | AG15: 35.00364 | AH15: 54.999167 | AI15: 54.999167 | AJ15: 8706.1933 | AK15: 854.70085 | AL15: Nanofiltration | AM15: 4262.4355 | AN15: 448.53914 | AO15: 9349.8585 | AP15: 14271.869 | AQ15: 4922.0103 | AR15: 0.0069666431 | AS15: 217.36999 | AT15: 106.42143 | AU15: 11.198804 | AV15: 233.44056 | AW15: 356.32979 | AX15: 122.88922 | AY15: 1.5712414 | AZ15: 2-3-Butanediol | BA15: =VLOOKUP($AZ15,Sheet1!$A$2:$B$58,2,FALSE) -> 2,3-Butanediol | BB15: C4H10O2 | BC15: 4 | BD15: 23.925551 | BE15: 0 | BF15: 90.1192 | BG15: =VLOOKUP($AZ15,Sheet1!$A$2:$C$58,3,FALSE) -> 5.5 | BH15: 177 | BI15: CO_1:H2_2 | BJ15: 0 | BK15: 0.25 | BL15: 0.71421144 | BM15: 100 | BN15: 0 | BO15: 498.91358 | BP15: 172.06281 | BQ15: 2.1999667 | BR15: 373.99434 | BS15: 124.91924 | BT15: 1 | BU15: 0 | BV15: 33.499254 | BW15: 0 | BX15: 0 | BY15: 1.102311 | BZ15: 57.749729 | CA15: 24.250475 | CB15: 0 | CC15: 0 | CD15: 33.499254 | CE15: 41.98692 | CF15: 35.924301 | CG15: 2.4250475 | CH15: 0 | CI15: 0 | CJ15: 33.499254 | CK15: 57.749729 | CL15: 24.250475 | CM15: 0 | CN15: 0 | CO15: 33.499254 | CP15: 41.98692 | CQ15: 35.924301 | CR15: 2.4250475 | CS15: 0 | CT15: 0 | CU15: 33.499254 | CV15: =IF(BS15<0,1.1,BS15) -> 124.91924
A16: 827 | B16: CarbonMonoxide_2 | C16: CO | D16: 1 | E16: 0 | F16: 1 | G16: 28.0097 | H16: 2 | I16: Categories-Category_2 | J16: 1.333 | K16: 500 | L16: 33.333333 | N16: Hydrogen | O16: 66.666667 | P16: 0.16666667 | Q16: 0.0325 | R16: 77.5 | S16: 170 | T16: 100 | U16: 1812.1302 | V16: 20 | W16: 0.95 | X16: 1 | Y16: 40453.867 | Z16: 2.0226933e+08 | AA16: 2.6962502e+08 | AB16: 269625.02 | AC16: 0 | AD16: 2096.3739 | AE16: 3773473 | AF16: 1257824.3 | AG16: 35.231282 | AH16: 55.356849 | AI16: 55.356849 | AJ16: 8762.8132 | AK16: 854.70085 | AL16: Nanofiltration | AM16: 4290.1558 | AN16: 451.45617 | AO16: 9410.6644 | AP16: 14359.126 | AQ16: 4948.4617 | AR16: 0.0069666431 | AS16: 217.36999 | AT16: 106.42143 | AU16: 11.198804 | AV16: 233.44056 | AW16: 356.1919 | AX16: 122.75134 | AY16: 1.5712414 | AZ16: EthylAcetate | BA16: =VLOOKUP($AZ16,Sheet1!$A$2:$B$58,2,FALSE) -> Ethyl Acetate | BB16: C4H8O2 | BC16: 4 | BD16: 23.925551 | BE16: 0 | BF16: 88.10352 | BG16: =VLOOKUP($AZ16,Sheet1!$A$2:$C$58,3,FALSE) -> 5 | BH16: 77.1 | BI16: CO_1:H2_2 | BJ16: 0 | BK16: 0.25 | BL16: 0.70959665 | BM16: 100 | BN16: 0 | BO16: 501.9639 | BP16: 172.98749 | BQ16: 2.214274 | BR16: 376.42658 | BS16: 125.53733 | BT16: 1 | BU16: 0 | BV16: 33.717113 | BW16: 0 | BX16: 0 | BY16: 1.102311 | BZ16: 58.125299 | CA16: 24.408185 | CB16: 0 | CC16: 0 | CD16: 33.717113 | CE16: 42.259978 | CF16: 36.157932 | CG16: 2.4408185 | CH16: 0 | CI16: 0 | CJ16: 33.717113 | CK16: 58.125299 | CL16: 24.408185 | CM16: 0 | CN16: 0 | CO16: 33.717113 | CP16: 42.259978 | CQ16: 36.157932 | CR16: 2.4408185 | CS16: 0 | CT16: 0 | CU16: 33.717113 | CV16: =IF(BS16<0,1.1,BS16) -> 125.53733
A17: 828 | B17: CarbonMonoxide_2 | C17: CO | D17: 1 | E17: 0 | F17: 1 | G17: 28.0097 | H17: 2 | I17: Categories-Category_2 | J17: 1.333 | K17: 500 | L17: 33.333333 | N17: Hydrogen | O17: 66.666667 | P17: 0.16666667 | Q17: 0.0325 | R17: 77.5 | S17: 170 | T17: 100 | U17: 1812.1302 | V17: 20 | W17: 0.95 | X17: 1 | Y17: 40921.984 | Z17: 2.0460992e+08 | AA17: 2.7274503e+08 | AB17: 272745.03 | AC17: 0 | AD17: 2120.6324 | AE17: 3817138.3 | AF17: 1272379.4 | AG17: 35.638966 | AH17: 55.997419 | AI17: 55.997419 | AJ17: 8864.2134 | AK17: 854.70085 | AL17: Nanofiltration | AM17: 4339.8 | AN17: 456.68026 | AO17: 9519.5612 | AP17: 14515.394 | AQ17: 4995.8332 | AR17: 0.0069666431 | AS17: 217.36999 | AT17: 106.42143 | AU17: 11.198804 | AV17: 233.44056 | AW17: 355.94937 | AX17: 122.50881 | AY17: 1.5712414 | AZ17: Butyrate | BA17: =VLOOKUP($AZ17,Sheet1!$A$2:$B$58,2,FALSE) -> Butyrate | BB17: C4H7O2 | BC17: 4 | BD17: 23.925551 | BE17: 0 | BF17: 87.09568 | BG17: =VLOOKUP($AZ17,Sheet1!$A$2:$C$58,3,FALSE) -> 4.75 | BH17: 163.5 | BI17: CO_1:H2_2 | BJ17: 0 | BK17: 0.25 | BL17: 0.70147938 | BM17: 100 | BN17: 0 | BO17: 507.42671 | BP17: 174.64349 | BQ17: 2.2398968 | BR17: 380.78245 | BS17: 126.64426 | BT17: 1 | BU17: 0 | BV17: 34.107276 | BW17: 0 | BX17: 0 | BY17: 1.102311 | BZ17: 58.797904 | CA17: 24.690628 | CB17: 0 | CC17: 0 | CD17: 34.107276 | CE17: 42.748995 | CF17: 36.576338 | CG17: 2.4690628 | CH17: 0 | CI17: 0 | CJ17: 34.107276 | CK17: 58.797904 | CL17: 24.690628 | CM17: 0 | CN17: 0 | CO17: 34.107276 | CP17: 42.748995 | CQ17: 36.576338 | CR17: 2.4690628 | CS17: 0 | CT17: 0 | CU17: 34.107276 | CV17: =IF(BS17<0,1.1,BS17) -> 126.64426
A18: 829 | B18: CarbonMonoxide_2 | C18: CO | D18: 1 | E18: 0 | F18: 1 | G18: 28.0097 | H18: 2 | I18: Categories-Category_2 | J18: 1.333 | K18: 500 | L18: 33.333333 | N18: Hydrogen | O18: 66.666667 | P18: 0.16666667 | Q18: 0.0325 | R18: 77.5 | S18: 170 | T18: 100 | U18: 1812.1302 | V18: 20 | W18: 0.95 | X18: 1 | Y18: 40921.984 | Z18: 2.0460992e+08 | AA18: 2.7274503e+08 | AB18: 272745.03 | AC18: 0 | AD18: 2120.6324 | AE18: 3817138.3 | AF18: 1272379.4 | AG18: 35.638966 | AH18: 55.997419 | AI18: 55.997419 | AJ18: 8864.2134 | AK18: 854.70085 | AL18: Nanofiltration | AM18: 4339.8 | AN18: 456.68026 | AO18: 9519.5612 | AP18: 14515.394 | AQ18: 4995.8332 | AR18: 0.0069666431 | AS18: 217.36999 | AT18: 106.42143 | AU18: 11.198804 | AV18: 233.44056 | AW18: 355.94937 | AX18: 122.50881 | AY18: 1.5712414 | AZ18: Isobutyrate | BA18: =VLOOKUP($AZ18,Sheet1!$A$2:$B$58,2,FALSE) -> Isobutyrate | BB18: C4H7O2 | BC18: 4 | BD18: 23.925551 | BE18: 0 | BF18: 87.09568 | BG18: =VLOOKUP($AZ18,Sheet1!$A$2:$C$58,3,FALSE) -> 4.75 | BH18: 155 | BI18: CO_1:H2_2 | BJ18: 0 | BK18: 0.25 | BL18: 0.70147938 | BM18: 100 | BN18: 0 | BO18: 507.42671 | BP18: 174.64349 | BQ18: 2.2398968 | BR18: 380.78245 | BS18: 126.64426 | BT18: 1 | BU18: 0 | BV18: 34.107276 | BW18: 0 | BX18: 0 | BY18: 1.102311 | BZ18: 58.797904 | CA18: 24.690628 | CB18: 0 | CC18: 0 | CD18: 34.107276 | CE18: 42.748995 | CF18: 36.576338 | CG18: 2.4690628 | CH18: 0 | CI18: 0 | CJ18: 34.107276 | CK18: 58.797904 | CL18: 24.690628 | CM18: 0 | CN18: 0 | CO18: 34.107276 | CP18: 42.748995 | CQ18: 36.576338 | CR18: 2.4690628 | CS18: 0 | CT18: 0 | CU18: 34.107276 | CV18: =IF(BS18<0,1.1,BS18) -> 126.64426
A19: 1054 | B19: CarbonMonoxide_1 | C19: CO | D19: 1 | E19: 0 | F19: 1 | G19: 28.0097 | H19: 2 | I19: Categories-Category_2 | J19: 1.333 | K19: 500 | L19: 50 | N19: Hydrogen | O19: 50 | P19: 0.25 | Q19: 0.0325 | R19: 77.5 | S19: 170 | T19: 100 | U19: 1812.1302 | V19: 20 | W19: 0.95 | X19: 1 | Y19: 37774.35 | Z19: 1.8887175e+08 | AA19: 2.5176604e+08 | AB19: 251766.04 | AC19: 0 | AD19: 1957.5177 | AE19: 3523531.9 | AF19: 1761766 | AG19: 49.346536 | AH19: 77.53532 | AI19: 77.53532 | AJ19: 8182.3964 | AK19: 854.70085 | AL19: Nanofiltration | AM19: 6008.9873 | AN19: 421.55335 | AO19: 13181.004 | AP19: 15467.638 | AQ19: 2286.6335 | AR19: 0.0046444287 | AS19: 154.66118 | AT19: 113.58006 | AU19: 7.9680737 | AV19: 249.14335 | AW19: 292.3646 | AX19: 43.221253 | AY19: 1.5712414 | AZ19: Acrylate-PW2 | BA19: =VLOOKUP($AZ19,Sheet1!$A$2:$B$58,2,FALSE) -> Acrylate (PW2) | BB19: C3H3O2 | BC19: 3 | BD19: 17.478546 | BE19: 0 | BF19: 71.05362 | BG19: =VLOOKUP($AZ19,Sheet1!$A$2:$C$58,3,FALSE) -> 3.6666667 | BH19: 80 | BI19: CO_1:H2_1 | BJ19: 0 | BK19: 0.21411765 | BL19: 0.50662118 | BM19: 100 | BN19: 0 | BO19: 577.08721 | BP19: 85.312765 | BQ19: 3.1014128 | BR19: 527.24017 | BS19: 49.847038 | BT19: 0.64235294 | BU19: 0 | BV19: 34.500229 | BW19: 0 | BX19: 0 | BY19: 1.102311 | BZ19: 68.687443 | CA19: 34.187214 | CB19: 0 | CC19: 0 | CD19: 34.500229 | CE19: 46.465754 | CF19: 37.91895 | CG19: 3.4187214 | CH19: 0 | CI19: 0 | CJ19: 34.500229 | CK19: 68.687443 | CL19: 34.187214 | CM19: 0 | CN19: 0 | CO19: 34.500229 | CP19: 46.465754 | CQ19: 37.91895 | CR19: 3.4187214 | CS19: 0 | CT19: 0 | CU19: 34.500229 | CV19: =IF(BS19<0,1.1,BS19) -> 49.847038
A20: 830 | B20: CarbonMonoxide_2 | C20: CO | D20: 1 | E20: 0 | F20: 1 | G20: 28.0097 | H20: 2 | I20: Categories-Category_2 | J20: 1.333 | K20: 500 | L20: 33.333333 | N20: Hydrogen | O20: 66.666667 | P20: 0.16666667 | Q20: 0.0325 | R20: 77.5 | S20: 170 | T20: 100 | U20: 1812.1302 | V20: 20 | W20: 0.95 | X20: 1 | Y20: 41917.601 | Z20: 2.09588e+08 | AA20: 2.7938081e+08 | AB20: 279380.81 | AC20: 0 | AD20: 2172.2266 | AE20: 3910007.8 | AF20: 1303335.9 | AG20: 36.506049 | AH20: 57.359815 | AI20: 57.359815 | AJ20: 9079.8763 | AK20: 854.70085 | AL20: Nanofiltration | AM20: 4445.3857 | AN20: 467.79112 | AO20: 9751.1685 | AP20: 14847.754 | AQ20: 5096.5854 | AR20: 0.0069666431 | AS20: 217.36999 | AT20: 106.42143 | AU20: 11.198804 | AV20: 233.44056 | AW20: 355.45156 | AX20: 122.01099 | AY20: 1.5712414 | AZ20: Succinate | BA20: =VLOOKUP($AZ20,Sheet1!$A$2:$B$58,2,FALSE) -> Succinate | BB20: C4H4O4 | BC20: 4 | BD20: 23.925551 | BE20: 0 | BF20: 116.07016 | BG20: =VLOOKUP($AZ20,Sheet1!$A$2:$C$58,3,FALSE) -> 3 | BH20: 235 | BI20: CO_1:H2_2 | BJ20: 0 | BK20: 0.17846154 | BL20: 0.68481802 | BM20: 100 | BN20: 0 | BO20: 519.04528 | BP20: 178.16557 | BQ20: 2.2943926 | BR20: 390.04674 | BS20: 128.99853 | BT20: 0.71384615 | BU20: 0 | BV20: 34.937093 | BW20: 0 | BX20: 0 | BY20: 1.102311 | BZ20: 60.228435 | CA20: 25.291342 | CB20: 0 | CC20: 0 | CD20: 34.937093 | CE20: 43.789062 | CF20: 37.466227 | CG20: 2.5291342 | CH20: 0 | CI20: 0 | CJ20: 34.937093 | CK20: 60.228435 | CL20: 25.291342 | CM20: 0 | CN20: 0 | CO20: 34.937093 | CP20: 43.789062 | CQ20: 37.466227 | CR20: 2.5291342 | CS20: 0 | CT20: 0 | CU20: 34.937093 | CV20: =IF(BS20<0,1.1,BS20) -> 128.99853
A21: 831 | B21: CarbonMonoxide_2 | C21: CO | D21: 1 | E21: 0 | F21: 1 | G21: 28.0097 | H21: 2 | I21: Categories-Category_2 | J21: 1.333 | K21: 500 | L21: 33.333333 | N21: Hydrogen | O21: 66.666667 | P21: 0.16666667 | Q21: 0.0325 | R21: 77.5 | S21: 170 | T21: 100 | U21: 1812.1302 | V21: 20 | W21: 0.95 | X21: 1 | Y21: 42405.976 | Z21: 2.1202988e+08 | AA21: 2.8263583e+08 | AB21: 282635.83 | AC21: 0 | AD21: 2197.5348 | AE21: 3955562.7 | AF21: 1318520.9 | AG21: 36.931375 | AH21: 58.028105 | AI21: 58.028105 | AJ21: 9185.6645 | AK21: 854.70085 | AL21: Nanofiltration | AM21: 4497.1782 | AN21: 473.24128 | AO21: 9864.7779 | AP21: 15010.785 | AQ21: 5146.0069 | AR21: 0.0069666431 | AS21: 217.36999 | AT21: 106.42143 | AU21: 11.198804 | AV21: 233.44056 | AW21: 355.21591 | AX21: 121.77535 | AY21: 1.5712414 | AZ21: Malate_L | BA21: =VLOOKUP($AZ21,Sheet1!$A$2:$B$58,2,FALSE) -> L-Malate | BB21: C4H4O5 | BC21: 4 | BD21: 23.925551 | BE21: 0 | BF21: 132.06916 | BG21: =VLOOKUP($AZ21,Sheet1!$A$2:$C$58,3,FALSE) -> 2.5 | BI21: CO_1:H2_2 | BJ21: 0 | BK21: 0.15466667 | BL21: 0.6769312 | BM21: 100 | BN21: 0 | BO21: 524.74448 | BP21: 179.89324 | BQ21: 2.3211242 | BR21: 394.59112 | BS21: 130.15337 | BT21: 0.61866667 | BU21: 0 | BV21: 35.344139 | BW21: 0 | BX21: 0 | BY21: 1.102311 | BZ21: 60.930147 | CA21: 25.586007 | CB21: 0 | CC21: 0 | CD21: 35.344139 | CE21: 44.299242 | CF21: 37.90274 | CG21: 2.5586007 | CH21: 0 | CI21: 0 | CJ21: 35.344139 | CK21: 60.930147 | CL21: 25.586007 | CM21: 0 | CN21: 0 | CO21: 35.344139 | CP21: 44.299242 | CQ21: 37.90274 | CR21: 2.5586007 | CS21: 0 | CT21: 0 | CU21: 35.344139 | CV21: =IF(BS21<0,1.1,BS21) -> 130.15337
A22: 818 | B22: CarbonMonoxide_2 | C22: CO | D22: 1 | E22: 0 | F22: 1 | G22: 28.0097 | H22: 2 | I22: Categories-Category_2 | J22: 1.333 | K22: 500 | L22: 33.333333 | N22: Hydrogen | O22: 66.666667 | P22: 0.16666667 | Q22: 0.0325 | R22: 77.5 | S22: 170 | T22: 100 | U22: 1812.1302 | V22: 20 | W22: 0.95 | X22: 1 | Y22: 42726.826 | Z22: 2.1363413e+08 | AA22: 2.847743e+08 | AB22: 284774.3 | AC22: 0 | AD22: 2214.1617 | AE22: 3985491.1 | AF22: 1328497 | AG22: 37.210804 | AH22: 58.467155 | AI22: 58.467155 | AJ22: 9255.1647 | AK22: 854.70085 | AL22: Nanofiltration | AM22: 4531.2045 | AN22: 476.82189 | AO22: 9939.4163 | AP22: 15117.892 | AQ22: 5178.4756 | AR22: 0.0069666431 | AS22: 217.36999 | AT22: 106.42143 | AU22: 11.198804 | AV22: 233.44056 | AW22: 355.06403 | AX22: 121.62347 | AY22: 1.5712414 | AZ22: Isobutanol | BA22: =VLOOKUP($AZ22,Sheet1!$A$2:$B$58,2,FALSE) -> Isobutanol | BB22: C4H10O | BC22: 4 | BD22: 23.925551 | BE22: 32.959 | BF22: 74.1202 | BG22: =VLOOKUP($AZ22,Sheet1!$A$2:$C$58,3,FALSE) -> 5.602 | BH22: 108 | BI22: CO_1:H2_2 | BJ22: 0 | BK22: 0.25 | BL22: 0.67184789 | BM22: 100 | BN22: 0 | BO22: 528.48871 | BP22: 181.02828 | BQ22: 2.3386862 | BR22: 397.57665 | BS22: 130.91206 | BT22: 1 | BU22: 0 | BV22: 35.611558 | BW22: 0.92551412 | BX22: 0 | BY22: 1.102311 | BZ22: 61.391153 | CA22: 25.779595 | CB22: 0 | CC22: 0 | CD22: 35.611558 | CE22: 44.634417 | CF22: 38.189518 | CG22: 2.5779595 | CH22: 0 | CI22: 0 | CJ22: 35.611558 | CK22: 61.391153 | CL22: 25.779595 | CM22: 0 | CN22: 0 | CO22: 35.611558 | CP22: 44.634417 | CQ22: 38.189518 | CR22: 2.5779595 | CS22: 0 | CT22: 0 | CU22: 35.611558 | CV22: =IF(BS22<0,1.1,BS22) -> 130.91206
A23: 832 | B23: CarbonMonoxide_2 | C23: CO | D23: 1 | E23: 0 | F23: 1 | G23: 28.0097 | H23: 2 | I23: Categories-Category_2 | J23: 1.333 | K23: 500 | L23: 33.333333 | N23: Hydrogen | O23: 66.666667 | P23: 0.16666667 | Q23: 0.0325 | R23: 77.5 | S23: 170 | T23: 100 | U23: 1812.1302 | V23: 20 | W23: 0.95 | X23: 1 | Y23: 44425.925 | Z23: 2.2212963e+08 | AA23: 2.9609879e+08 | AB23: 296098.79 | AC23: 0 | AD23: 2302.2113 | AE23: 4143980.4 | AF23: 1381326.8 | AG23: 38.690549 | AH23: 60.792192 | AI23: 60.792192 | AJ23: 9623.2107 | AK23: 854.70085 | AL23: Nanofiltration | AM23: 4711.3949 | AN23: 495.78346 | AO23: 10334.673 | AP23: 15685.09 | AQ23: 5350.4172 | AR23: 0.0069666431 | AS23: 217.36999 | AT23: 106.42143 | AU23: 11.198804 | AV23: 233.44056 | AW23: 354.29629 | AX23: 120.85573 | AY23: 1.5712414 | AZ23: Citrate | BA23: =VLOOKUP($AZ23,Sheet1!$A$2:$B$58,2,FALSE) -> Citrate | BB23: C6H5O7 | BC23: 6 | BD23: 23.925551 | BE23: 0 | BF23: 189.0964 | BG23: =VLOOKUP($AZ23,Sheet1!$A$2:$C$58,3,FALSE) -> 2.5 | BI23: CO_1:H2_2 | BJ23: 0 | BK23: 0.10311111 | BL23: 0.64615263 | BM23: 100 | BN23: 0 | BO23: 548.31672 | BP23: 187.03898 | BQ23: 2.4316877 | BR23: 413.38691 | BS23: 134.92982 | BT23: 0.61866667 | BU23: 0 | BV23: 37.027707 | BW23: 0 | BX23: 0 | BY23: 1.102311 | BZ23: 63.832468 | CA23: 26.804761 | CB23: 0 | CC23: 0 | CD23: 37.027707 | CE23: 46.409374 | CF23: 39.708183 | CG23: 2.6804761 | CH23: 0 | CI23: 0 | CJ23: 37.027707 | CK23: 63.832468 | CL23: 26.804761 | CM23: 0 | CN23: 0 | CO23: 37.027707 | CP23: 46.409374 | CQ23: 39.708183 | CR23: 2.6804761 | CS23: 0 | CT23: 0 | CU23: 37.027707 | CV23: =IF(BS23<0,1.1,BS23) -> 134.92982
A24: 819 | B24: CarbonMonoxide_2 | C24: CO | D24: 1 | E24: 0 | F24: 1 | G24: 28.0097 | H24: 2 | I24: Categories-Category_2 | J24: 1.333 | K24: 500 | L24: 33.333333 | N24: Hydrogen | O24: 66.666667 | P24: 0.16666667 | Q24: 0.0325 | R24: 77.5 | S24: 170 | T24: 100 | U24: 1812.1302 | V24: 20 | W24: 0.95 | X24: 1 | Y24: 45929.432 | Z24: 2.2964716e+08 | AA24: 3.0611966e+08 | AB24: 306119.66 | AC24: 0 | AD24: 2380.1251 | AE24: 4284225.1 | AF24: 1428075 | AG24: 39.999953 | AH24: 62.849582 | AI24: 62.849582 | AJ24: 9948.8891 | AK24: 854.70085 | AL24: Nanofiltration | AM24: 4870.8426 | AN24: 512.56226 | AO24: 10684.429 | AP24: 16186.995 | AQ24: 5502.5658 | AR24: 0.0069666431 | AS24: 217.36999 | AT24: 106.42143 | AU24: 11.198804 | AV24: 233.44056 | AW24: 353.66431 | AX24: 120.22374 | AY24: 1.5712414 | AZ24: Isopropanol | BA24: =VLOOKUP($AZ24,Sheet1!$A$2:$B$58,2,FALSE) -> Isopropanol | BB24: C3H8O | BC24: 3 | BD24: 23.925551 | BE24: 30.447 | BF24: 60.09382 | BG24: =VLOOKUP($AZ24,Sheet1!$A$2:$C$58,3,FALSE) -> 6.04 | BH24: 82.5 | BI24: CO_1:H2_2 | BJ24: 0 | BK24: 0.33333333 | BL24: 0.62500073 | BM24: 100 | BN24: 0 | BO24: 565.86223 | BP24: 192.35777 | BQ24: 2.5139833 | BR24: 427.37716 | BS24: 138.48507 | BT24: 1 | BU24: 0 | BV24: 38.280836 | BW24: 0.7953588 | BX24: 0 | BY24: 1.102311 | BZ24: 65.992751 | CA24: 27.711914 | CB24: 0 | CC24: 0 | CD24: 38.280836 | CE24: 47.980006 | CF24: 41.052028 | CG24: 2.7711914 | CH24: 0 | CI24: 0 | CJ24: 38.280836 | CK24: 65.992751 | CL24: 27.711914 | CM24: 0 | CN24: 0 | CO24: 38.280836 | CP24: 47.980006 | CQ24: 41.052028 | CR24: 2.7711914 | CS24: 0 | CT24: 0 | CU24: 38.280836 | CV24: =IF(BS24<0,1.1,BS24) -> 138.48507
A25: 833 | B25: CarbonMonoxide_2 | C25: CO | D25: 1 | E25: 0 | F25: 1 | G25: 28.0097 | H25: 2 | I25: Categories-Category_2 | J25: 1.333 | K25: 500 | L25: 33.333333 | N25: Hydrogen | O25: 66.666667 | P25: 0.16666667 | Q25: 0.0325 | R25: 77.5 | S25: 170 | T25: 100 | U25: 1812.1302 | V25: 20 | W25: 0.95 | X25: 1 | Y25: 46525.061 | Z25: 2.3262531e+08 | AA25: 3.1008953e+08 | AB25: 310089.53 | AC25: 0 | AD25: 2410.9914 | AE25: 4339784.5 | AF25: 1446594.8 | AG25: 40.518687 | AH25: 63.664639 | AI25: 63.664639 | AJ25: 10077.91 | AK25: 854.70085 | AL25: Nanofiltration | AM25: 4934.0095 | AN25: 519.20935 | AO25: 10822.989 | AP25: 16385.83 | AQ25: 5562.841 | AR25: 0.0069666431 | AS25: 217.36999 | AT25: 106.42143 | AU25: 11.198804 | AV25: 233.44056 | AW25: 353.42523 | AX25: 119.98467 | AY25: 1.5712414 | AZ25: Acetone | BA25: =VLOOKUP($AZ25,Sheet1!$A$2:$B$58,2,FALSE) -> Acetone | BB25: C3H6O | BC25: 3 | BD25: 23.925551 | BE25: 0 | BF25: 58.07814 | BG25: =VLOOKUP($AZ25,Sheet1!$A$2:$C$58,3,FALSE) -> 5.3333333 | BH25: 56 | BI25: CO_1:H2_2 | BJ25: 0 | BK25: 0.33333333 | BL25: 0.61699926 | BM25: 100 | BN25: 0 | BO25: 572.81306 | BP25: 194.46486 | BQ25: 2.5465856 | BR25: 432.91954 | BS25: 139.89352 | BT25: 1 | BU25: 0 | BV25: 38.777276 | BW25: 0 | BX25: 0 | BY25: 1.102311 | BZ25: 66.848569 | CA25: 28.071293 | CB25: 0 | CC25: 0 | CD25: 38.777276 | CE25: 48.602229 | CF25: 41.584405 | CG25: 2.8071293 | CH25: 0 | CI25: 0 | CJ25: 38.777276 | CK25: 66.848569 | CL25: 28.071293 | CM25: 0 | CN25: 0 | CO25: 38.777276 | CP25: 48.602229 | CQ25: 41.584405 | CR25: 2.8071293 | CS25: 0 | CT25: 0 | CU25: 38.777276 | CV25: =IF(BS25<0,1.1,BS25) -> 139.89352
A26: 834 | B26: CarbonMonoxide_2 | C26: CO | D26: 1 | E26: 0 | F26: 1 | G26: 28.0097 | H26: 2 | I26: Categories-Category_2 | J26: 1.333 | K26: 500 | L26: 33.333333 | N26: Hydrogen | O26: 66.666667 | P26: 0.16666667 | Q26: 0.0325 | R26: 77.5 | S26: 170 | T26: 100 | U26: 1812.1302 | V26: 20 | W26: 0.95 | X26: 1 | Y26: 47679.365 | Z26: 2.3839683e+08 | AA26: 3.1778297e+08 | AB26: 317782.97 | AC26: 0 | AD26: 2470.809 | AE26: 4447456.1 | AF26: 1482485.4 | AG26: 41.523971 | AH26: 65.244182 | AI26: 65.244182 | AJ26: 10327.946 | AK26: 854.70085 | AL26: Nanofiltration | AM26: 5056.4241 | AN26: 532.09112 | AO26: 11091.511 | AP26: 16771.163 | AQ26: 5679.6517 | AR26: 0.0069666431 | AS26: 217.36999 | AT26: 106.42143 | AU26: 11.198804 | AV26: 233.44056 | AW26: 352.97893 | AX26: 119.53837 | AY26: 1.5712414 | AZ26: Malonate | BA26: =VLOOKUP($AZ26,Sheet1!$A$2:$B$58,2,FALSE) -> Malonate | BB26: C3H2O4 | BC26: 3 | BD26: 23.925551 | BE26: 0 | BF26: 102.04378 | BG26: =VLOOKUP($AZ26,Sheet1!$A$2:$C$58,3,FALSE) -> 2 | BH26: 199 | BI26: CO_1:H2_2 | BJ26: 0 | BK26: 0.17846154 | BL26: 0.60206188 | BM26: 100 | BN26: 0 | BO26: 586.28347 | BP26: 198.5483 | BQ26: 2.6097673 | BR26: 443.66043 | BS26: 142.62303 | BT26: 0.53538462 | BU26: 0 | BV26: 39.739354 | BW26: 0 | BX26: 0 | BY26: 1.102311 | BZ26: 68.507106 | CA26: 28.767751 | CB26: 0 | CC26: 0 | CD26: 39.739354 | CE26: 49.808067 | CF26: 42.61613 | CG26: 2.8767751 | CH26: 0 | CI26: 0 | CJ26: 39.739354 | CK26: 68.507106 | CL26: 28.767751 | CM26: 0 | CN26: 0 | CO26: 39.739354 | CP26: 49.808067 | CQ26: 42.61613 | CR26: 2.8767751 | CS26: 0 | CT26: 0 | CU26: 39.739354 | CV26: =IF(BS26<0,1.1,BS26) -> 142.62303
A27: 1141 | B27: FormicAcid_2 | C27: CHOOH | D27: 1 | E27: 1 | F27: 2 | G27: 45.01654 | H27: 2 | I27: Categories-Category_2 | J27: 1.4 | K27: 500 | L27: 33.333333 | N27: Hydrogen | O27: 66.666667 | P27: 0.16666667 | Q27: 0.0325 | R27: 77.5 | S27: 170 | T27: 100 | U27: 1812.1302 | V27: 20 | W27: 0.95 | X27: 1 | Y27: 41532.353 | Z27: 2.0766177e+08 | AA27: 2.9072647e+08 | AB27: 290726.47 | AC27: 0 | AD27: 2152.2625 | AE27: 3874072.5 | AF27: 1291357.5 | AG27: 58.132447 | AH27: 56.832644 | AI27: 56.832644 | AJ27: 9448.6104 | AK27: 854.70085 | AL27: Nanofiltration | AM27: 4404.5299 | AN27: 463.49184 | AO27: 9661.5495 | AP27: 15171.333 | AQ27: 5509.7835 | AR27: 0.0073168044 | AS27: 149.15044 | AT27: 69.527427 | AU27: 7.3164209 | AV27: 152.51178 | AW27: 239.48611 | AX27: 86.974336 | AY27: 0.97764066 | AZ27: Isobutanol | BA27: =VLOOKUP($AZ27,Sheet1!$A$2:$B$58,2,FALSE) -> Isobutanol | BB27: C4H10O | BC27: 4 | BD27: 15.03836 | BE27: 32.959 | BF27: 74.1202 | BG27: =VLOOKUP($AZ27,Sheet1!$A$2:$C$58,3,FALSE) -> 5.602 | BH27: 108 | BI27: FOR_1:H2_2 | BJ27: 0 | BK27: 0.25 | BL27: 0.43005243 | BM27: 100 | BN27: 0 | BO27: 556.87655 | BP27: 202.24124 | BQ27: 2.2733058 | BR27: 386.46198 | BS27: 170.41457 | BT27: 1 | BU27: 0 | BV27: 34.968668 | BW27: 0.94252947 | BX27: 0 | BY27: 1.102311 | BZ27: 60.027567 | CA27: 25.058899 | CB27: 0 | CC27: 0 | CD27: 34.968668 | CE27: 43.739283 | CF27: 37.474558 | CG27: 2.5058899 | CH27: 0 | CI27: 0 | CJ27: 34.968668 | CK27: 60.027567 | CL27: 25.058899 | CM27: 0 | CN27: 0 | CO27: 34.968668 | CP27: 43.739283 | CQ27: 37.474558 | CR27: 2.5058899 | CS27: 0 | CT27: 0 | CU27: 34.968668 | CV27: =IF(BS27<0,1.1,BS27) -> 170.41457
A28: 835 | B28: CarbonMonoxide_2 | C28: CO | D28: 1 | E28: 0 | F28: 1 | G28: 28.0097 | H28: 2 | I28: Categories-Category_2 | J28: 1.333 | K28: 500 | L28: 33.333333 | N28: Hydrogen | O28: 66.666667 | P28: 0.16666667 | Q28: 0.0325 | R28: 77.5 | S28: 170 | T28: 100 | U28: 1812.1302 | V28: 20 | W28: 0.95 | X28: 1 | Y28: 47827.416 | Z28: 2.3913708e+08 | AA28: 3.1876973e+08 | AB28: 318769.73 | AC28: 0 | AD28: 2478.4812 | AE28: 4461266.1 | AF28: 1487088.7 | AG28: 41.652909 | AH28: 65.446774 | AI28: 65.446774 | AJ28: 10360.016 | AK28: 854.70085 | AL28: Nanofiltration | AM28: 5072.125 | AN28: 533.74334 | AO28: 11125.952 | AP28: 16820.585 | AQ28: 5694.6338 | AR28: 0.0069666431 | AS28: 217.36999 | AT28: 106.42143 | AU28: 11.198804 | AV28: 233.44056 | AW28: 352.92324 | AX28: 119.48268 | AY28: 1.5712414 | AZ28: Glutamate_L | BA28: =VLOOKUP($AZ28,Sheet1!$A$2:$B$58,2,FALSE) -> L-Glutamate | BB28: C5H8NO4 | BC28: 5 | BD28: 23.925551 | BE28: 0 | BF28: 146.11892 | BG28: =VLOOKUP($AZ28,Sheet1!$A$2:$C$58,3,FALSE) -> 3.4 | BH28: 333.8 | BI28: CO_1:H2_2 | BJ28: 0 | BK28: 0.12540541 | BL28: 0.60019818 | BM28: 100 | BN28: 0 | BO28: 588.01118 | BP28: 199.07205 | BQ28: 2.617871 | BR28: 445.03806 | BS28: 142.97312 | BT28: 0.62702703 | BU28: 0 | BV28: 39.862751 | BW28: 0 | BX28: 0 | BY28: 1.102311 | BZ28: 68.71983 | CA28: 28.857079 | CB28: 0 | CC28: 0 | CD28: 39.862751 | CE28: 49.962729 | CF28: 42.748459 | CG28: 2.8857079 | CH28: 0 | CI28: 0 | CJ28: 39.862751 | CK28: 68.71983 | CL28: 28.857079 | CM28: 0 | CN28: 0 | CO28: 39.862751 | CP28: 49.962729 | CQ28: 42.748459 | CR28: 2.8857079 | CS28: 0 | CT28: 0 | CU28: 39.862751 | CV28: =IF(BS28<0,1.1,BS28) -> 142.97312
A29: 820 | B29: CarbonMonoxide_2 | C29: CO | D29: 1 | E29: 0 | F29: 1 | G29: 28.0097 | H29: 2 | I29: Categories-Category_2 | J29: 1.333 | K29: 500 | L29: 33.333333 | N29: Hydrogen | O29: 66.666667 | P29: 0.16666667 | Q29: 0.0325 | R29: 77.5 | S29: 170 | T29: 100 | U29: 1812.1302 | V29: 20 | W29: 0.95 | X29: 1 | Y29: 49492.922 | Z29: 2.4746461e+08 | AA29: 3.2987033e+08 | AB29: 329870.33 | AC29: 0 | AD29: 2564.7899 | AE29: 4616621.9 | AF29: 1538874 | AG29: 43.103398 | AH29: 67.725843 | AI29: 67.725843 | AJ29: 10720.786 | AK29: 854.70085 | AL29: Nanofiltration | AM29: 5248.7528 | AN29: 552.33002 | AO29: 11513.393 | AP29: 17376.569 | AQ29: 5863.176 | AR29: 0.0069666431 | AS29: 217.36999 | AT29: 106.42143 | AU29: 11.198804 | AV29: 233.44056 | AW29: 352.31977 | AX29: 118.87921 | AY29: 1.5712414 | AZ29: 1-Propanol-PW2 | BA29: =VLOOKUP($AZ29,Sheet1!$A$2:$B$58,2,FALSE) -> 1-Propanol (PW2) | BB29: C3H8O | BC29: 3 | BD29: 23.925551 | BE29: 30.68 | BF29: 60.09382 | BG29: =VLOOKUP($AZ29,Sheet1!$A$2:$C$58,3,FALSE) -> 6.01 | BH29: 97 | BI29: CO_1:H2_2 | BJ29: 0 | BK29: 0.30933333 | BL29: 0.58000068 | BM29: 100 | BN29: 0 | BO29: 607.44718 | BP29: 204.96392 | BQ29: 2.7090337 | BR29: 460.53573 | BS29: 146.91144 | BT29: 0.928 | BU29: 0 | BV29: 41.250901 | BW29: 0.74374133 | BX29: 0 | BY29: 1.102311 | BZ29: 71.112878 | CA29: 29.861977 | CB29: 0 | CC29: 0 | CD29: 41.250901 | CE29: 51.702593 | CF29: 44.237099 | CG29: 2.9861977 | CH29: 0 | CI29: 0 | CJ29: 41.250901 | CK29: 71.112878 | CL29: 29.861977 | CM29: 0 | CN29: 0 | CO29: 41.250901 | CP29: 51.702593 | CQ29: 44.237099 | CR29: 2.9861977 | CS29: 0 | CT29: 0 | CU29: 41.250901 | CV29: =IF(BS29<0,1.1,BS29) -> 146.91144
A30: 822 | B30: CarbonMonoxide_2 | C30: CO | D30: 1 | E30: 0 | F30: 1 | G30: 28.0097 | H30: 2 | I30: Categories-Category_2 | J30: 1.333 | K30: 500 | L30: 33.333333 | N30: Hydrogen | O30: 66.666667 | P30: 0.16666667 | Q30: 0.0325 | R30: 77.5 | S30: 170 | T30: 100 | U30: 1812.1302 | V30: 20 | W30: 0.95 | X30: 1 | Y30: 49650.433 | Z30: 2.4825216e+08 | AA30: 3.3092013e+08 | AB30: 330920.13 | AC30: 0 | AD30: 2572.9524 | AE30: 4631314.2 | AF30: 1543771.4 | AG30: 43.240574 | AH30: 67.94138 | AI30: 67.94138 | AJ30: 10754.904 | AK30: 854.70085 | AL30: Nanofiltration | AM30: 5265.4569 | AN30: 554.0878 | AO30: 11550.035 | AP30: 17429.15 | AQ30: 5879.1154 | AR30: 0.0069666431 | AS30: 217.36999 | AT30: 106.42143 | AU30: 11.198804 | AV30: 233.44056 | AW30: 352.2648 | AX30: 118.82423 | AY30: 1.5712414 | AZ30: Butanol-PW2 | BA30: =VLOOKUP($AZ30,Sheet1!$A$2:$B$58,2,FALSE) -> Butanol (PW2) | BB30: C4H10O | BC30: 4 | BD30: 23.925551 | BE30: 33.075 | BF30: 74.1202 | BG30: =VLOOKUP($AZ30,Sheet1!$A$2:$C$58,3,FALSE) -> 6.03 | BH30: 117.7 | BI30: CO_1:H2_2 | BJ30: 0 | BK30: 0.25 | BL30: 0.57816069 | BM30: 100 | BN30: 0 | BO30: 609.28528 | BP30: 205.52112 | BQ30: 2.7176552 | BR30: 462.00138 | BS30: 147.2839 | BT30: 1 | BU30: 0 | BV30: 41.382182 | BW30: 0.79925704 | BX30: 0 | BY30: 1.102311 | BZ30: 71.339194 | CA30: 29.957012 | CB30: 0 | CC30: 0 | CD30: 41.382182 | CE30: 51.867136 | CF30: 44.377883 | CG30: 2.9957012 | CH30: 0 | CI30: 0 | CJ30: 41.382182 | CK30: 71.339194 | CL30: 29.957012 | CM30: 0 | CN30: 0 | CO30: 41.382182 | CP30: 51.867136 | CQ30: 44.377883 | CR30: 2.9957012 | CS30: 0 | CT30: 0 | CU30: 41.382182 | CV30: =IF(BS30<0,1.1,BS30) -> 147.2839
A31: 821 | B31: CarbonMonoxide_2 | C31: CO | D31: 1 | E31: 0 | F31: 1 | G31: 28.0097 | H31: 2 | I31: Categories-Category_2 | J31: 1.333 | K31: 500 | L31: 33.333333 | N31: Hydrogen | O31: 66.666667 | P31: 0.16666667 | Q31: 0.0325 | R31: 77.5 | S31: 170 | T31: 100 | U31: 1812.1302 | V31: 20 | W31: 0.95 | X31: 1 | Y31: 49650.433 | Z31: 2.4825216e+08 | AA31: 3.3092013e+08 | AB31: 330920.13 | AC31: 0 | AD31: 2572.9524 | AE31: 4631314.2 | AF31: 1543771.4 | AG31: 43.240574 | AH31: 67.94138 | AI31: 67.94138 | AJ31: 10754.904 | AK31: 854.70085 | AL31: Nanofiltration | AM31: 5265.4569 | AN31: 554.0878 | AO31: 11550.035 | AP31: 17429.15 | AQ31: 5879.1154 | AR31: 0.0069666431 | AS31: 217.36999 | AT31: 106.42143 | AU31: 11.198804 | AV31: 233.44056 | AW31: 352.2648 | AX31: 118.82423 | AY31: 1.5712414 | AZ31: Butanol-PW1 | BA31: =VLOOKUP($AZ31,Sheet1!$A$2:$B$58,2,FALSE) -> Butanol (PW1) | BB31: C4H10O | BC31: 4 | BD31: 23.925551 | BE31: 33.075 | BF31: 74.1202 | BG31: =VLOOKUP($AZ31,Sheet1!$A$2:$C$58,3,FALSE) -> 6.03 | BH31: 117.7 | BI31: CO_1:H2_2 | BJ31: -1.4083968e-15 | BK31: 0.25 | BL31: 0.57816069 | BM31: 100 | BN31: 0 | BO31: 609.28528 | BP31: 205.52112 | BQ31: 2.7176552 | BR31: 462.00138 | BS31: 147.2839 | BT31: 1 | BU31: 3.5209919e-14 | BV31: 41.382182 | BW31: 0.79925704 | BX31: 0 | BY31: 1.102311 | BZ31: 71.339194 | CA31: 29.957012 | CB31: 1.4083968e-14 | CC31: 0 | CD31: 41.382182 | CE31: 51.867136 | CF31: 44.377883 | CG31: 2.9957012 | CH31: 1.4083968e-15 | CI31: 0 | CJ31: 41.382182 | CK31: 71.339194 | CL31: 29.957012 | CM31: 1.4083968e-14 | CN31: 0 | CO31: 41.382182 | CP31: 51.867136 | CQ31: 44.377883 | CR31: 2.9957012 | CS31: 1.4083968e-15 | CT31: 0 | CU31: 41.382182 | CV31: =IF(BS31<0,1.1,BS31) -> 147.2839
A32: 837 | B32: CarbonMonoxide_2 | C32: CO | D32: 1 | E32: 0 | F32: 1 | G32: 28.0097 | H32: 2 | I32: Categories-Category_2 | J32: 1.333 | K32: 500 | L32: 33.333333 | N32: Hydrogen | O32: 66.666667 | P32: 0.16666667 | Q32: 0.0325 | R32: 77.5 | S32: 170 | T32: 100 | U32: 1812.1302 | V32: 20 | W32: 0.95 | X32: 1 | Y32: 51466.924 | Z32: 2.5733462e+08 | AA32: 3.4302705e+08 | AB32: 343027.05 | AC32: 0 | AD32: 2667.0854 | AE32: 4800753.7 | AF32: 1600251.2 | AG32: 44.822557 | AH32: 70.427057 | AI32: 70.427057 | AJ32: 11148.379 | AK32: 854.70085 | AL32: Nanofiltration | AM32: 5458.0969 | AN32: 574.35944 | AO32: 11972.6 | AP32: 18035.536 | AQ32: 6062.9367 | AR32: 0.0069666431 | AS32: 217.36999 | AT32: 106.42143 | AU32: 11.198804 | AV32: 233.44056 | AW32: 351.6551 | AX32: 118.21454 | AY32: 1.5712414 | AZ32: Itaconate | BA32: =VLOOKUP($AZ32,Sheet1!$A$2:$B$58,2,FALSE) -> Itaconate | BB32: C5H4O4 | BC32: 5 | BD32: 23.925551 | BE32: 0 | BF32: 128.08086 | BG32: =VLOOKUP($AZ32,Sheet1!$A$2:$C$58,3,FALSE) -> 3.2 | BH32: 381 | BI32: CO_1:H2_2 | BJ32: 0 | BK32: 0.13257143 | BL32: 0.55775488 | BM32: 100 | BN32: 0 | BO32: 630.48323 | BP32: 211.94712 | BQ32: 2.8170823 | BR32: 478.90399 | BS32: 151.57925 | BT32: 0.66285714 | BU32: 0 | BV32: 42.896174 | BW32: 0 | BX32: 0 | BY32: 1.102311 | BZ32: 73.949182 | CA32: 31.053008 | CB32: 0 | CC32: 0 | CD32: 42.896174 | CE32: 53.764727 | CF32: 46.001475 | CG32: 3.1053008 | CH32: 0 | CI32: 0 | CJ32: 42.896174 | CK32: 73.949182 | CL32: 31.053008 | CM32: 0 | CN32: 0 | CO32: 42.896174 | CP32: 53.764727 | CQ32: 46.001475 | CR32: 3.1053008 | CS32: 0 | CT32: 0 | CU32: 42.896174 | CV32: =IF(BS32<0,1.1,BS32) -> 151.57925
A33: 838 | B33: CarbonMonoxide_2 | C33: CO | D33: 1 | E33: 0 | F33: 1 | G33: 28.0097 | H33: 2 | I33: Categories-Category_2 | J33: 1.333 | K33: 500 | L33: 33.333333 | N33: Hydrogen | O33: 66.666667 | P33: 0.16666667 | Q33: 0.0325 | R33: 77.5 | S33: 170 | T33: 100 | U33: 1812.1302 | V33: 20 | W33: 0.95 | X33: 1 | Y33: 53363.461 | Z33: 2.6681731e+08 | AA33: 3.5566747e+08 | AB33: 355667.47 | AC33: 0 | AD33: 2765.3665 | AE33: 4977659.7 | AF33: 1659219.9 | AG33: 46.474251 | AH33: 73.022267 | AI33: 73.022267 | AJ33: 11559.193 | AK33: 854.70085 | AL33: Nanofiltration | AM33: 5659.2257 | AN33: 595.52437 | AO33: 12413.785 | AP33: 18668.644 | AQ33: 6254.8582 | AR33: 0.0069666431 | AS33: 217.36999 | AT33: 106.42143 | AU33: 11.198804 | AV33: 233.44056 | AW33: 351.06283 | AX33: 117.62227 | AY33: 1.5712414 | AZ33: Acrylate-PW2 | BA33: =VLOOKUP($AZ33,Sheet1!$A$2:$B$58,2,FALSE) -> Acrylate (PW2) | BB33: C3H3O2 | BC33: 3 | BD33: 23.925551 | BE33: 0 | BF33: 71.05362 | BG33: =VLOOKUP($AZ33,Sheet1!$A$2:$C$58,3,FALSE) -> 3.6666667 | BH33: 80 | BI33: CO_1:H2_2 | BJ33: 0 | BK33: 0.232 | BL33: 0.53793228 | BM33: 100 | BN33: 0 | BO33: 652.61529 | BP33: 218.65628 | BQ33: 2.9208907 | BR33: 496.55142 | BS33: 156.06387 | BT33: 0.696 | BU33: 0 | BV33: 44.476882 | BW33: 0 | BX33: 0 | BY33: 1.102311 | BZ33: 76.674181 | CA33: 32.197299 | CB33: 0 | CC33: 0 | CD33: 44.476882 | CE33: 55.745937 | CF33: 47.696612 | CG33: 3.2197299 | CH33: 0 | CI33: 0 | CJ33: 44.476882 | CK33: 76.674181 | CL33: 32.197299 | CM33: 0 | CN33: 0 | CO33: 44.476882 | CP33: 55.745937 | CQ33: 47.696612 | CR33: 3.2197299 | CS33: 0 | CT33: 0 | CU33: 44.476882 | CV33: =IF(BS33<0,1.1,BS33) -> 156.06387
A34: 839 | B34: CarbonMonoxide_2 | C34: CO | D34: 1 | E34: 0 | F34: 1 | G34: 28.0097 | H34: 2 | I34: Categories-Category_2 | J34: 1.333 | K34: 500 | L34: 33.333333 | N34: Hydrogen | O34: 66.666667 | P34: 0.16666667 | Q34: 0.0325 | R34: 77.5 | S34: 170 | T34: 100 | U34: 1812.1302 | V34: 20 | W34: 0.95 | X34: 1 | Y34: 55001.648 | Z34: 2.7500824e+08 | AA34: 3.6658599e+08 | AB34: 366585.99 | AC34: 0 | AD34: 2850.2596 | AE34: 5130467.2 | AF34: 1710155.7 | AG34: 47.900949 | AH34: 75.263954 | AI34: 75.263954 | AJ34: 11914.045 | AK34: 854.70085 | AL34: Nanofiltration | AM34: 5832.9564 | AN34: 613.80618 | AO34: 12794.872 | AP34: 19215.508 | AQ34: 6420.6359 | AR34: 0.0069666431 | AS34: 217.36999 | AT34: 106.42143 | AU34: 11.198804 | AV34: 233.44056 | AW34: 350.58412 | AX34: 117.14356 | AY34: 1.5712414 | AZ34: Lysine_L | BA34: =VLOOKUP($AZ34,Sheet1!$A$2:$B$58,2,FALSE) -> L-Lysine | BB34: C6H15N2O2 | BC34: 6 | BD34: 23.925551 | BE34: 0 | BF34: 147.1932 | BG34: =VLOOKUP($AZ34,Sheet1!$A$2:$C$58,3,FALSE) -> 4.8333333 | BI34: CO_1:H2_2 | BJ34: 0 | BK34: 0.11047619 | BL34: 0.52191033 | BM34: 100 | BN34: 0 | BO34: 671.73248 | BP34: 224.4515 | BQ34: 3.0105581 | BR34: 511.79489 | BS34: 159.9376 | BT34: 0.66285714 | BU34: 0 | BV34: 45.842263 | BW34: 0 | BX34: 0 | BY34: 1.102311 | BZ34: 79.027977 | CA34: 33.185713 | CB34: 0 | CC34: 0 | CD34: 45.842263 | CE34: 57.457263 | CF34: 49.160834 | CG34: 3.3185713 | CH34: 0 | CI34: 0 | CJ34: 45.842263 | CK34: 79.027977 | CL34: 33.185713 | CM34: 0 | CN34: 0 | CO34: 45.842263 | CP34: 57.457263 | CQ34: 49.160834 | CR34: 3.3185713 | CS34: 0 | CT34: 0 | CU34: 45.842263 | CV34: =IF(BS34<0,1.1,BS34) -> 159.9376
A35: 836 | B35: CarbonMonoxide_2 | C35: CO | D35: 1 | E35: 0 | F35: 1 | G35: 28.0097 | H35: 2 | I35: Categories-Category_2 | J35: 1.333 | K35: 500 | L35: 33.333333 | N35: Hydrogen | O35: 66.666667 | P35: 0.16666667 | Q35: 0.0325 | R35: 77.5 | S35: 170 | T35: 100 | U35: 1812.1302 | V35: 20 | W35: 0.95 | X35: 1 | Y35: 56236.229 | Z35: 2.8118115e+08 | AA35: 3.7481447e+08 | AB35: 374814.47 | AC35: 0 | AD35: 2914.2372 | AE35: 5245626.9 | AF35: 1748542.3 | AG35: 48.976146 | AH35: 76.953347 | AI35: 76.953347 | AJ35: 12181.47 | AK35: 854.70085 | AL35: Nanofiltration | AM35: 5963.8844 | AN35: 627.58383 | AO35: 13082.069 | AP35: 19627.639 | AQ35: 6545.5702 | AR35: 0.0069666431 | AS35: 217.36999 | AT35: 106.42143 | AU35: 11.198804 | AV35: 233.44056 | AW35: 350.24178 | AX35: 116.80122 | AY35: 1.5712414 | AZ35: 2-Methyl-1-Butanol | BA35: =VLOOKUP($AZ35,Sheet1!$A$2:$B$58,2,FALSE) -> 2-Methyl-1-Butanol | BB35: C5H12O | BC35: 5 | BD35: 23.925551 | BE35: 34.96 | BF35: 88.14658 | BG35: =VLOOKUP($AZ35,Sheet1!$A$2:$C$58,3,FALSE) -> 6.02 | BH35: 129 | BI35: CO_1:H2_2 | BJ35: 0 | BK35: 0.1856 | BL35: 0.51045258 | BM35: 100 | BN35: 0 | BO35: 686.1397 | BP35: 228.81894 | BQ35: 3.0781339 | BR35: 523.28276 | BS35: 162.85694 | BT35: 0.928 | BU35: 0 | BV35: 46.87125 | BW35: 0.745873 | BX35: 0 | BY35: 1.102311 | BZ35: 80.801858 | CA35: 33.930608 | CB35: 0 | CC35: 0 | CD35: 46.87125 | CE35: 58.746963 | CF35: 50.264311 | CG35: 3.3930608 | CH35: 0 | CI35: 0 | CJ35: 46.87125 | CK35: 80.801858 | CL35: 33.930608 | CM35: 0 | CN35: 0 | CO35: 46.87125 | CP35: 58.746963 | CQ35: 50.264311 | CR35: 3.3930608 | CS35: 0 | CT35: 0 | CU35: 46.87125 | CV35: =IF(BS35<0,1.1,BS35) -> 162.85694
A36: 840 | B36: CarbonMonoxide_2 | C36: CO | D36: 1 | E36: 0 | F36: 1 | G36: 28.0097 | H36: 2 | I36: Categories-Category_2 | J36: 1.333 | K36: 500 | L36: 33.333333 | N36: Hydrogen | O36: 66.666667 | P36: 0.16666667 | Q36: 0.0325 | R36: 77.5 | S36: 170 | T36: 100 | U36: 1812.1302 | V36: 20 | W36: 0.95 | X36: 1 | Y36: 66947.132 | Z36: 3.3473566e+08 | AA36: 4.4620264e+08 | AB36: 446202.64 | AC36: 0 | AD36: 3469.2906 | AE36: 6244723.1 | AF36: 2081574.4 | AG36: 58.304274 | AH36: 91.610089 | AI36: 91.610089 | AJ36: 14501.586 | AK36: 854.70085 | AL36: Nanofiltration | AM36: 7099.7819 | AN36: 747.11513 | AO36: 15573.715 | AP36: 23203.184 | AQ36: 7629.4685 | AR36: 0.0069666431 | AS36: 217.36999 | AT36: 106.42143 | AU36: 11.198804 | AV36: 233.44056 | AW36: 347.80168 | AX36: 114.36112 | AY36: 1.5712414 | AZ36: 1-3-Diaminopropane | BA36: =VLOOKUP($AZ36,Sheet1!$A$2:$B$58,2,FALSE) -> 1,3-Diaminopropane | BB36: C3H12N2 | BC36: 3 | BD36: 23.925551 | BE36: 35.1 | BF36: 76.13958 | BG36: =VLOOKUP($AZ36,Sheet1!$A$2:$C$58,3,FALSE) -> 6.05 | BH36: 139.3 | BI36: CO_1:H2_2 | BJ36: 0 | BK36: 0.17846154 | BL36: 0.42878503 | BM36: 100 | BN36: 0 | BO36: 811.13297 | BP36: 266.70967 | BQ36: 3.6644035 | BR36: 622.9486 | BS36: 188.18437 | BT36: 0.53538462 | BU36: 0 | BV36: 55.798474 | BW36: 0.62904946 | BX36: 0 | BY36: 1.102311 | BZ36: 96.191597 | CA36: 40.393123 | CB36: 0 | CC36: 0 | CD36: 55.798474 | CE36: 69.936067 | CF36: 59.837786 | CG36: 4.0393123 | CH36: 0 | CI36: 0 | CJ36: 55.798474 | CK36: 96.191597 | CL36: 40.393123 | CM36: 0 | CN36: 0 | CO36: 55.798474 | CP36: 69.936067 | CQ36: 59.837786 | CR36: 4.0393123 | CS36: 0 | CT36: 0 | CU36: 55.798474 | CV36: =IF(BS36<0,1.1,BS36) -> 188.18437
A37: 1063 | B37: CarbonMonoxide_1 | C37: CO | D37: 1 | E37: 0 | F37: 1 | G37: 28.0097 | H37: 2 | I37: Categories-Category_2 | J37: 1.333 | K37: 500 | L37: 50 | N37: Hydrogen | O37: 50 | P37: 0.25 | Q37: 0.0325 | R37: 77.5 | S37: 170 | T37: 100 | U37: 1812.1302 | V37: 20 | W37: 0.95 | X37: 1 | Y37: 63117.764 | Z37: 3.1558882e+08 | AA37: 4.206799e+08 | AB37: 420679.9 | AC37: 0 | AD37: 3270.8476 | AE37: 5887525.7 | AF37: 2943762.8 | AG37: 82.453914 | AH37: 129.555 | AI37: 129.555 | AJ37: 13672.097 | AK37: 854.70085 | AL37: Nanofiltration | AM37: 10040.513 | AN37: 704.38022 | AO37: 22024.35 | AP37: 25271.69 | AQ37: 3247.34 | AR37: 0.0046444287 | AS37: 154.66118 | AT37: 113.58006 | AU37: 7.9680737 | AV37: 249.14335 | AW37: 285.87783 | AX37: 36.734484 | AY37: 1.5712414 | AZ37: Glycolate | BA37: =VLOOKUP($AZ37,Sheet1!$A$2:$B$58,2,FALSE) -> Glycolate | BB37: C2H3O3 | BC37: 2 | BD37: 17.478546 | BE37: 0 | BF37: 75.04192 | BG37: =VLOOKUP($AZ37,Sheet1!$A$2:$C$58,3,FALSE) -> 2.5 | BH37: 112 | BI37: CO_1:H2_1 | BJ37: 0 | BK37: 0.12133333 | BL37: 0.30319968 | BM37: 100 | BN37: 0 | BO37: 942.86985 | BP37: 121.15608 | BQ37: 5.1822001 | BR37: 880.97401 | BS37: 61.895831 | BT37: 0.24266667 | BU37: 0 | BV37: 57.646983 | BW37: 0 | BX37: 0 | BY37: 1.102311 | BZ37: 114.77094 | CA37: 57.123961 | CB37: 0 | CC37: 0 | CD37: 57.646983 | CE37: 77.640369 | CF37: 63.359379 | CG37: 5.7123961 | CH37: 0 | CI37: 0 | CJ37: 57.646983 | CK37: 114.77094 | CL37: 57.123961 | CM37: 0 | CN37: 0 | CO37: 57.646983 | CP37: 77.640369 | CQ37: 63.359379 | CR37: 5.7123961 | CS37: 0 | CT37: 0 | CU37: 57.646983 | CV37: =IF(BS37<0,1.1,BS37) -> 61.895831
A38: 847 | B38: CarbonMonoxide_2 | C38: CO | D38: 1 | E38: 0 | F38: 1 | G38: 28.0097 | H38: 2 | I38: Categories-Category_2 | J38: 1.333 | K38: 500 | L38: 33.333333 | N38: Hydrogen | O38: 66.666667 | P38: 0.16666667 | Q38: 0.0325 | R38: 77.5 | S38: 170 | T38: 100 | U38: 1812.1302 | V38: 20 | W38: 0.95 | X38: 1 | Y38: 69863.152 | Z38: 3.4931576e+08 | AA38: 4.6563791e+08 | AB38: 465637.91 | AC38: 0 | AD38: 3620.4027 | AE38: 6516724.9 | AF38: 2172241.6 | AG38: 60.843836 | AH38: 95.600354 | AI38: 95.600354 | AJ38: 15133.232 | AK38: 854.70085 | AL38: Nanofiltration | AM38: 7409.0274 | AN38: 779.65726 | AO38: 16252.06 | AP38: 24176.618 | AQ38: 7924.5574 | AR38: 0.0069666431 | AS38: 217.36999 | AT38: 106.42143 | AU38: 11.198804 | AV38: 233.44056 | AW38: 347.26694 | AX38: 113.82638 | AY38: 1.5712414 | AZ38: 3-Methyl-1-Pentanol | BA38: =VLOOKUP($AZ38,Sheet1!$A$2:$B$58,2,FALSE) -> 3-Methyl-1-Pentanol | BB38: C6H14O | BC38: 6 | BD38: 23.925551 | BE38: 0 | BF38: 102.17296 | BG38: =VLOOKUP($AZ38,Sheet1!$A$2:$C$58,3,FALSE) -> 6.02 | BH38: 153 | BI38: CO_1:H2_2 | BJ38: 0 | BK38: 0.12888889 | BL38: 0.41088797 | BM38: 100 | BN38: 0 | BO38: 845.16211 | BP38: 277.02534 | BQ38: 3.8240141 | BR38: 650.0824 | BS38: 195.07971 | BT38: 0.77333333 | BU38: 0 | BV38: 58.228891 | BW38: 0 | BX38: 0 | BY38: 1.102311 | BZ38: 100.38142 | CA38: 42.152528 | CB38: 0 | CC38: 0 | CD38: 58.228891 | CE38: 72.982276 | CF38: 62.444144 | CG38: 4.2152528 | CH38: 0 | CI38: 0 | CJ38: 58.228891 | CK38: 100.38142 | CL38: 42.152528 | CM38: 0 | CN38: 0 | CO38: 58.228891 | CP38: 72.982276 | CQ38: 62.444144 | CR38: 4.2152528 | CS38: 0 | CT38: 0 | CU38: 58.228891 | CV38: =IF(BS38<0,1.1,BS38) -> 195.07971
A39: 461 | B39: Methanol | C39: CH3OH | D39: 1 | E39: 4 | F39: 1 | G39: 32.04106 | H39: 6 | I39: Categories-Category_2 | J39: 1.213 | K39: 500 | L39: 100 | N39: FormicAcid/CO | O39: 0 | P39: 0.125 | Q39: 0.0325 | R39: 77.5 | S39: 170 | T39: 100 | U39: 1812.1302 | V39: 20 | W39: 0.95 | X39: 1 | Y39: 47567.618 | Z39: 2.3783809e+08 | AA39: 2.884976e+08 | AB39: 288497.6 | AC39: 0 | AD39: 2465.0181 | AE39: 1479010.8 | AF39: 1479010.8 | AG39: 47.389075 | AH39: 48.81845 | AI39: 48.81845 | AJ39: 9376.1721 | AK39: 854.70085 | AL39: Nanofiltration | AM39: 3783.4299 | AN39: 530.84405 | AO39: 8299.1366 | AP39: 14545.147 | AQ39: 6246.0103 | AR39: 0.0063394884 | AS39: 197.85514 | AT39: 79.837597 | AU39: 11.201823 | AV39: 175.12763 | AW39: 306.93038 | AX39: 131.80275 | AY39: 1.0301625 | AZ39: Isobutanol | BA39: =VLOOKUP($AZ39,Sheet1!$A$2:$B$58,2,FALSE) -> Isobutanol | BB39: C4H10O | BC39: 4 | BD39: 19.93 | BE39: 32.959 | BF39: 74.1202 | BG39: =VLOOKUP($AZ39,Sheet1!$A$2:$C$58,3,FALSE) -> 5.602 | BH39: 108 | BI39: Methanol_MethylTransferase_0.5 | BJ39: 0 | BK39: 0.19625 | BL39: 0.52754775 | BM39: 100 | BN39: 0 | BO39: 581.80588 | BP39: 249.84041 | BQ39: 1.952738 | BR39: 331.96546 | BS39: 249.84041 | BT39: 0.785 | BU39: 0 | BV39: 37.778571 | BW39: 0.87242581 | BX39: 0 | BY39: 1.102311 | BZ39: 59.303817 | CA39: 21.525246 | CB39: 0 | CC39: 0 | CD39: 37.778571 | CE39: 45.312407 | CF39: 39.931095 | CG39: 2.1525246 | CH39: 0 | CI39: 0 | CJ39: 37.778571 | CK39: 59.303817 | CL39: 21.525246 | CM39: 0 | CN39: 0 | CO39: 37.778571 | CP39: 45.312407 | CQ39: 39.931095 | CR39: 2.1525246 | CS39: 0 | CT39: 0 | CU39: 37.778571 | CV39: =IF(BS39<0,1.1,BS39) -> 249.84041
A40: 1065 | B40: CarbonMonoxide_1 | C40: CO | D40: 1 | E40: 0 | F40: 1 | G40: 28.0097 | H40: 2 | I40: Categories-Category_2 | J40: 1.333 | K40: 500 | L40: 50 | N40: Hydrogen | O40: 50 | P40: 0.25 | Q40: 0.0325 | R40: 77.5 | S40: 170 | T40: 100 | U40: 1812.1302 | V40: 20 | W40: 0.95 | X40: 1 | Y40: 64743.186 | Z40: 3.2371593e+08 | AA40: 4.3151334e+08 | AB40: 431513.34 | AC40: 0 | AD40: 3355.0792 | AE40: 6039142.5 | AF40: 3019571.2 | AG40: 84.577285 | AH40: 132.89133 | AI40: 132.89133 | AJ40: 14024.183 | AK40: 854.70085 | AL40: Nanofiltration | AM40: 10299.078 | AN40: 722.51958 | AO40: 22591.526 | AP40: 25900.482 | AQ40: 3308.9557 | AR40: 0.0046444287 | AS40: 154.66118 | AT40: 113.58006 | AU40: 7.9680737 | AV40: 249.14335 | AW40: 285.6351 | AX40: 36.491749 | AY40: 1.5712414 | AZ40: Shikimate | BA40: =VLOOKUP($AZ40,Sheet1!$A$2:$B$58,2,FALSE) -> Shikimate | BB40: C7H9O5 | BC40: 7 | BD40: 17.478546 | BE40: 0 | BF40: 173.14046 | BG40: =VLOOKUP($AZ40,Sheet1!$A$2:$C$58,3,FALSE) -> 3.8571429 | BH40: 400.5 | BI40: CO_1:H2_1 | BJ40: 0 | BK40: 0.051267606 | BL40: 0.29558764 | BM40: 100 | BN40: 0 | BO40: 966.32964 | BP40: 123.45492 | BQ40: 5.3156532 | BR40: 903.66105 | BS40: 62.668591 | BT40: 0.35887324 | BU40: 0 | BV40: 59.13152 | BW40: 0 | BX40: 0 | BY40: 1.102311 | BZ40: 117.72655 | CA40: 58.59503 | CB40: 0 | CC40: 0 | CD40: 59.13152 | CE40: 79.639781 | CF40: 64.991023 | CG40: 5.859503 | CH40: 0 | CI40: 0 | CJ40: 59.13152 | CK40: 117.72655 | CL40: 58.59503 | CM40: 0 | CN40: 0 | CO40: 59.13152 | CP40: 79.639781 | CQ40: 64.991023 | CR40: 5.859503 | CS40: 0 | CT40: 0 | CU40: 59.13152 | CV40: =IF(BS40<0,1.1,BS40) -> 62.668591
A41: 338 | B41: Methanol | C41: CH3OH | D41: 1 | E41: 4 | F41: 1 | G41: 32.04106 | H41: 6 | I41: Categories-Category_2 | J41: 1.213 | K41: 500 | L41: 100 | N41: FormicAcid/CO | O41: 0 | P41: 0.125 | Q41: 0.0325 | R41: 77.5 | S41: 170 | T41: 100 | U41: 1812.1302 | V41: 20 | W41: 0.95 | X41: 1 | Y41: 40139.457 | Z41: 2.0069729e+08 | AA41: 2.4344581e+08 | AB41: 243445.81 | AC41: 0 | AD41: 2080.0808 | AE41: 1248048.5 | AF41: 1248048.5 | AG41: 39.988796 | AH41: 41.19496 | AI41: 41.19496 | AJ41: 7911.9888 | AK41: 854.70085 | AL41: Nanofiltration | AM41: 3192.6094 | AN41: 447.94743 | AO41: 7003.1432 | AP41: 12407.246 | AQ41: 5404.1033 | AR41: 0.0063394884 | AS41: 197.85514 | AT41: 79.837597 | AU41: 11.201823 | AV41: 175.12763 | AW41: 310.26807 | AX41: 135.14044 | AY41: 1.0301625 | AZ41: Isopropanol | BA41: =VLOOKUP($AZ41,Sheet1!$A$2:$B$58,2,FALSE) -> Isopropanol | BB41: C3H8O | BC41: 3 | BD41: 19.93 | BE41: 30.447 | BF41: 60.09382 | BG41: =VLOOKUP($AZ41,Sheet1!$A$2:$C$58,3,FALSE) -> 6.04 | BH41: 82.5 | BI41: Methanol_MethylTransferase_0 | BJ41: 0 | BK41: 0.33333333 | BL41: 0.62517511 | BM41: 100 | BN41: 0 | BO41: 496.28986 | BP41: 216.16413 | BQ41: 1.6477984 | BR41: 280.12573 | BS41: 216.16413 | BT41: 1 | BU41: 0 | BV41: 31.879068 | BW41: 0.95507811 | BX41: 0 | BY41: 1.102311 | BZ41: 50.042931 | CA41: 18.163863 | CB41: 0 | CC41: 0 | CD41: 31.879068 | CE41: 38.23642 | CF41: 33.695454 | CG41: 1.8163863 | CH41: 0 | CI41: 0 | CJ41: 31.879068 | CK41: 50.042931 | CL41: 18.163863 | CM41: 0 | CN41: 0 | CO41: 31.879068 | CP41: 38.23642 | CQ41: 33.695454 | CR41: 1.8163863 | CS41: 0 | CT41: 0 | CU41: 31.879068 | CV41: =IF(BS41<0,1.1,BS41) -> 216.16413
A42: 282 | B42: Methanol | C42: CH3OH | D42: 1 | E42: 4 | F42: 1 | G42: 32.04106 | H42: 6 | I42: Categories-Category_2 | J42: 1.213 | K42: 500 | L42: 100 | N42: FormicAcid/CO | O42: 0 | P42: 0.125 | Q42: 0.0325 | R42: 77.5 | S42: 170 | T42: 100 | U42: 1812.1302 | V42: 20 | W42: 0.95 | X42: 1 | Y42: 40139.457 | Z42: 2.0069729e+08 | AA42: 2.4344581e+08 | AB42: 243445.81 | AC42: 0 | AD42: 2080.0808 | AE42: 1248048.5 | AF42: 1248048.5 | AG42: 39.988796 | AH42: 41.19496 | AI42: 41.19496 | AJ42: 7911.9888 | AK42: 854.70085 | AL42: Nanofiltration | AM42: 3192.6094 | AN42: 447.94743 | AO42: 7003.1432 | AP42: 12407.246 | AQ42: 5404.1033 | AR42: 0.0063394884 | AS42: 197.85514 | AT42: 79.837597 | AU42: 11.201823 | AV42: 175.12763 | AW42: 310.26807 | AX42: 135.14044 | AY42: 1.0301625 | AZ42: Isopropanol | BA42: =VLOOKUP($AZ42,Sheet1!$A$2:$B$58,2,FALSE) -> Isopropanol | BB42: C3H8O | BC42: 3 | BD42: 19.93 | BE42: 30.447 | BF42: 60.09382 | BG42: =VLOOKUP($AZ42,Sheet1!$A$2:$C$58,3,FALSE) -> 6.04 | BH42: 82.5 | BI42: Methanol_MethylTransferase_0.1 | BJ42: 0 | BK42: 0.33333333 | BL42: 0.62517511 | BM42: 100 | BN42: 0 | BO42: 496.28986 | BP42: 216.16413 | BQ42: 1.6477984 | BR42: 280.12573 | BS42: 216.16413 | BT42: 1 | BU42: 0 | BV42: 31.879068 | BW42: 0.95507811 | BX42: 0 | BY42: 1.102311 | BZ42: 50.042931 | CA42: 18.163863 | CB42: 0 | CC42: 0 | CD42: 31.879068 | CE42: 38.23642 | CF42: 33.695454 | CG42: 1.8163863 | CH42: 0 | CI42: 0 | CJ42: 31.879068 | CK42: 50.042931 | CL42: 18.163863 | CM42: 0 | CN42: 0 | CO42: 31.879068 | CP42: 38.23642 | CQ42: 33.695454 | CR42: 1.8163863 | CS42: 0 | CT42: 0 | CU42: 31.879068 | CV42: =IF(BS42<0,1.1,BS42) -> 216.16413
A43: 848 | B43: CarbonMonoxide_2 | C43: CO | D43: 1 | E43: 0 | F43: 1 | G43: 28.0097 | H43: 2 | I43: Categories-Category_2 | J43: 1.333 | K43: 500 | L43: 33.333333 | N43: Hydrogen | O43: 66.666667 | P43: 0.16666667 | Q43: 0.0325 | R43: 77.5 | S43: 170 | T43: 100 | U43: 1812.1302 | V43: 20 | W43: 0.95 | X43: 1 | Y43: 74231.822 | Z43: 3.7115911e+08 | AA43: 4.947551e+08 | AB43: 494755.1 | AC43: 0 | AD43: 3846.7931 | AE43: 6924227.6 | AF43: 2308075.9 | AG43: 64.648512 | AH43: 101.57842 | AI43: 101.57842 | AJ43: 16079.541 | AK43: 854.70085 | AL43: Nanofiltration | AM43: 7872.3274 | AN43: 828.41065 | AO43: 17268.331 | AP43: 25634.98 | AQ43: 8366.6484 | AR43: 0.0069666431 | AS43: 217.36999 | AT43: 106.42143 | AU43: 11.198804 | AV43: 233.44056 | AW43: 346.54443 | AX43: 113.10387 | AY43: 1.5712414 | AZ43: Pentanol-PW2 | BA43: =VLOOKUP($AZ43,Sheet1!$A$2:$B$58,2,FALSE) -> Pentanol (PW2) | BB43: C5H12O | BC43: 5 | BD43: 23.925551 | BE43: 34.727 | BF43: 88.14658 | BG43: =VLOOKUP($AZ43,Sheet1!$A$2:$C$58,3,FALSE) -> 6 | BH43: 138 | BI43: CO_1:H2_2 | BJ43: 0 | BK43: 0.14060606 | BL43: 0.3867065 | BM43: 100 | BN43: 0 | BO43: 896.14329 | BP43: 292.47988 | BQ43: 4.0631367 | BR43: 690.73324 | BS43: 205.41004 | BT43: 0.7030303 | BU43: 0 | BV43: 61.87005 | BW43: 0.56128935 | BX43: 0 | BY43: 1.102311 | BZ43: 106.65845 | CA43: 44.788403 | CB43: 0 | CC43: 0 | CD43: 61.87005 | CE43: 77.545991 | CF43: 66.34889 | CG43: 4.4788403 | CH43: 0 | CI43: 0 | CJ43: 61.87005 | CK43: 106.65845 | CL43: 44.788403 | CM43: 0 | CN43: 0 | CO43: 61.87005 | CP43: 77.545991 | CQ43: 66.34889 | CR43: 4.4788403 | CS43: 0 | CT43: 0 | CU43: 61.87005 | CV43: =IF(BS43<0,1.1,BS43) -> 205.41004
A44: 849 | B44: CarbonMonoxide_2 | C44: CO | D44: 1 | E44: 0 | F44: 1 | G44: 28.0097 | H44: 2 | I44: Categories-Category_2 | J44: 1.333 | K44: 500 | L44: 33.333333 | N44: Hydrogen | O44: 66.666667 | P44: 0.16666667 | Q44: 0.0325 | R44: 77.5 | S44: 170 | T44: 100 | U44: 1812.1302 | V44: 20 | W44: 0.95 | X44: 1 | Y44: 74231.822 | Z44: 3.7115911e+08 | AA44: 4.947551e+08 | AB44: 494755.1 | AC44: 0 | AD44: 3846.7931 | AE44: 6924227.6 | AF44: 2308075.9 | AG44: 64.648512 | AH44: 101.57842 | AI44: 101.57842 | AJ44: 16079.541 | AK44: 854.70085 | AL44: Nanofiltration | AM44: 7872.3274 | AN44: 828.41065 | AO44: 17268.331 | AP44: 25634.98 | AQ44: 8366.6484 | AR44: 0.0069666431 | AS44: 217.36999 | AT44: 106.42143 | AU44: 11.198804 | AV44: 233.44056 | AW44: 346.54443 | AX44: 113.10387 | AY44: 1.5712414 | AZ44: Pentanol-PW1 | BA44: =VLOOKUP($AZ44,Sheet1!$A$2:$B$58,2,FALSE) -> Pentanol (PW1) | BB44: C5H12O | BC44: 5 | BD44: 23.925551 | BE44: 34.727 | BF44: 88.14658 | BG44: =VLOOKUP($AZ44,Sheet1!$A$2:$C$58,3,FALSE) -> 6.06 | BH44: 138 | BI44: CO_1:H2_2 | BJ44: 0 | BK44: 0.14060606 | BL44: 0.3867065 | BM44: 100 | BN44: 0 | BO44: 896.14329 | BP44: 292.47988 | BQ44: 4.0631367 | BR44: 690.73324 | BS44: 205.41004 | BT44: 0.7030303 | BU44: 0 | BV44: 61.87005 | BW44: 0.56128935 | BX44: 0 | BY44: 1.102311 | BZ44: 106.65845 | CA44: 44.788403 | CB44: 0 | CC44: 0 | CD44: 61.87005 | CE44: 77.545991 | CF44: 66.34889 | CG44: 4.4788403 | CH44: 0 | CI44: 0 | CJ44: 61.87005 | CK44: 106.65845 | CL44: 44.788403 | CM44: 0 | CN44: 0 | CO44: 61.87005 | CP44: 77.545991 | CQ44: 66.34889 | CR44: 4.4788403 | CS44: 0 | CT44: 0 | CU44: 61.87005 | CV44: =IF(BS44<0,1.1,BS44) -> 205.41004
A45: 339 | B45: Methanol | C45: CH3OH | D45: 1 | E45: 4 | F45: 1 | G45: 32.04106 | H45: 6 | I45: Categories-Category_2 | J45: 1.213 | K45: 500 | L45: 100 | N45: FormicAcid/CO | O45: 0 | P45: 0.125 | Q45: 0.0325 | R45: 77.5 | S45: 170 | T45: 100 | U45: 1812.1302 | V45: 20 | W45: 0.95 | X45: 1 | Y45: 43253.726 | Z45: 2.1626863e+08 | AA45: 2.6233385e+08 | AB45: 262333.85 | AC45: 0 | AD45: 2241.4664 | AE45: 1344879.8 | AF45: 1344879.8 | AG45: 43.091375 | AH45: 44.39112 | AI45: 44.39112 | AJ45: 8525.85 | AK45: 854.70085 | AL45: Nanofiltration | AM45: 3440.3118 | AN45: 482.70197 | AO45: 7546.4905 | AP45: 13303.565 | AQ45: 5757.0742 | AR45: 0.0063394884 | AS45: 197.85514 | AT45: 79.837597 | AU45: 11.201823 | AV45: 175.12763 | AW45: 308.72918 | AX45: 133.60154 | AY45: 1.0301625 | AZ45: 1-Propanol-PW2 | BA45: =VLOOKUP($AZ45,Sheet1!$A$2:$B$58,2,FALSE) -> 1-Propanol (PW2) | BB45: C3H8O | BC45: 3 | BD45: 19.93 | BE45: 30.68 | BF45: 60.09382 | BG45: =VLOOKUP($AZ45,Sheet1!$A$2:$C$58,3,FALSE) -> 6.01 | BH45: 97 | BI45: Methanol_MethylTransferase_0 | BJ45: 0 | BK45: 0.30933333 | BL45: 0.58016251 | BM45: 100 | BN45: 0 | BO45: 532.14259 | BP45: 230.28297 | BQ45: 1.7756448 | BR45: 301.85962 | BS45: 230.28297 | BT45: 0.928 | BU45: 0 | BV45: 34.352444 | BW45: 0.89309512 | BX45: 0 | BY45: 1.102311 | BZ45: 53.925572 | CA45: 19.573128 | CB45: 0 | CC45: 0 | CD45: 34.352444 | CE45: 41.203039 | CF45: 36.309757 | CG45: 1.9573128 | CH45: 0 | CI45: 0 | CJ45: 34.352444 | CK45: 53.925572 | CL45: 19.573128 | CM45: 0 | CN45: 0 | CO45: 34.352444 | CP45: 41.203039 | CQ45: 36.309757 | CR45: 1.9573128 | CS45: 0 | CT45: 0 | CU45: 34.352444 | CV45: =IF(BS45<0,1.1,BS45) -> 230.28297
A46: 340 | B46: Methanol | C46: CH3OH | D46: 1 | E46: 4 | F46: 1 | G46: 32.04106 | H46: 6 | I46: Categories-Category_2 | J46: 1.213 | K46: 500 | L46: 100 | N46: FormicAcid/CO | O46: 0 | P46: 0.125 | Q46: 0.0325 | R46: 77.5 | S46: 170 | T46: 100 | U46: 1812.1302 | V46: 20 | W46: 0.95 | X46: 1 | Y46: 43391.38 | Z46: 2.169569e+08 | AA46: 2.6316872e+08 | AB46: 263168.72 | AC46: 0 | AD46: 2248.5998 | AE46: 1349159.9 | AF46: 1349159.9 | AG46: 43.228513 | AH46: 44.532395 | AI46: 44.532395 | AJ46: 8552.9834 | AK46: 854.70085 | AL46: Nanofiltration | AM46: 3451.2606 | AN46: 484.23816 | AO46: 7570.5071 | AP46: 13343.183 | AQ46: 5772.6759 | AR46: 0.0063394884 | AS46: 197.85514 | AT46: 79.837597 | AU46: 11.201823 | AV46: 175.12763 | AW46: 308.66625 | AX46: 133.53862 | AY46: 1.0301625 | AZ46: Butanol-PW1 | BA46: =VLOOKUP($AZ46,Sheet1!$A$2:$B$58,2,FALSE) -> Butanol (PW1) | BB46: C4H10O | BC46: 4 | BD46: 19.93 | BE46: 33.075 | BF46: 74.1202 | BG46: =VLOOKUP($AZ46,Sheet1!$A$2:$C$58,3,FALSE) -> 6.03 | BH46: 117.7 | BI46: Methanol_MethylTransferase_0 | BJ46: 0 | BK46: 0.25 | BL46: 0.578322 | BM46: 100 | BN46: 0 | BO46: 533.72732 | BP46: 230.90704 | BQ46: 1.7812958 | BR46: 302.82028 | BS46: 230.90704 | BT46: 1 | BU46: 0 | BV46: 34.46177 | BW46: 0.95975917 | BX46: 0 | BY46: 1.102311 | BZ46: 54.09719 | CA46: 19.635419 | CB46: 0 | CC46: 0 | CD46: 34.46177 | CE46: 41.334167 | CF46: 36.425312 | CG46: 1.9635419 | CH46: 0 | CI46: 0 | CJ46: 34.46177 | CK46: 54.09719 | CL46: 19.635419 | CM46: 0 | CN46: 0 | CO46: 34.46177 | CP46: 41.334167 | CQ46: 36.425312 | CR46: 1.9635419 | CS46: 0 | CT46: 0 | CU46: 34.46177 | CV46: =IF(BS46<0,1.1,BS46) -> 230.90704
... A55: 0 | B55: Ethanol | C55: C2H5OH | D55: 2 | E55: 6 | F55: 1 | G55: 46.06744 | H55: 12 | I55: Categories-Category_2 | J55: 1.145 | K55: 500 | L55: 100 | N55: FormicAcid/CO | O55: 0 | P55: 0.16666667 | Q55: 0.0325 | R55: 77.5 | S55: 170 | T55: 100 | U55: 1812.1302 | V55: 20 | W55: 0.95 | X55: 1 | Y55: 14925.65 | Z55: 74628251 | AA55: 85449347 | AB55: 85449.347 | AC55: 0 | AD55: 773.46731 | AE55: 232040.19 | AF55: 232040.19 | AG55: 10.689498 | AH55: 20.424178 | AI55: 20.424178 | AJ55: 2777.1038 | AK55: 854.70085 | AL55: Nanofiltration | AM55: 1582.8738 | AN55: 166.56694 | AO55: 3472.1102 | AP55: 5381.2454 | AQ55: 1909.1351 | AR55: 0.011968202 | AS55: 259.79741 | AT55: 148.07747 | AU55: 15.582298 | AV55: 324.8151 | AW55: 503.41424 | AX55: 178.59914 | AY55: 1.910677 | AZ55: Malonate | BA55: =VLOOKUP($AZ55,Sheet1!$A$2:$B$58,2,FALSE) -> Malonate | BB55: C3H2O4 | BC55: 3 | BD55: 26.7 | BE55: 0 | BF55: 102.04378 | BG55: =VLOOKUP($AZ55,Sheet1!$A$2:$C$58,3,FALSE) -> 2 | BH55: 199 | BI55: Ethanol | BJ55: -0.47688931 | BK55: 1.0558209 | BL55: 2.3387441 | BM55: 100 | BN55: -0.420648 | BO55: 215.24981 | BP55: 76.365405 | BQ55: 1.2938564 | BR55: 219.95559 | BS55: -4.7057772 | BT55: 1.5837313 | BU55: 11.922233 | BV55: 16.673187 | BW55: 0 | BX55: 0 | BY55: 3.8580885 | BZ55: 30.447598 | CA55: 9.0055183 | CB55: 4.7688931 | CC55: 0 | CD55: 16.673187 | CE55: 21.494231 | CF55: 18.050628 | CG55: 0.90055183 | CH55: 0.47688931 | CI55: 0 | CJ55: 16.673187 | CK55: 30.447598 | CL55: 9.0055183 | CM55: 4.7688931 | CN55: 0 | CO55: 16.673187 | CP55: 21.494231 | CQ55: 18.050628 | CR55: 0.90055183 | CS55: 0.47688931 | CT55: 0 | CU55: 16.673187 | CV55: =IF(BS55<0,1.1,BS55) -> 1.1
A56: 1 | B56: Ethanol | C56: C2H5OH | D56: 2 | E56: 6 | F56: 1 | G56: 46.06744 | H56: 12 | I56: Categories-Category_2 | J56: 1.145 | K56: 500 | L56: 100 | N56: FormicAcid/CO | O56: 0 | P56: 0.16666667 | Q56: 0.0325 | R56: 77.5 | S56: 170 | T56: 100 | U56: 1812.1302 | V56: 20 | W56: 0.95 | X56: 1 | Y56: 15813.132 | Z56: 79065662 | AA56: 90530183 | AB56: 90530.183 | AC56: 0 | AD56: 819.45784 | AE56: 245837.35 | AF56: 245837.35 | AG56: 11.325097 | AH56: 21.638604 | AI56: 21.638604 | AJ56: 2942.231 | AK56: 854.70085 | AL56: Nanofiltration | AM56: 1676.9918 | AN56: 176.47105 | AO56: 3678.5626 | AP56: 5650.3946 | AQ56: 1971.832 | AR56: 0.011968202 | AS56: 259.79741 | AT56: 148.07747 | AU56: 15.582298 | AV56: 324.8151 | AW56: 498.9268 | AX56: 174.1117 | AY56: 1.910677 | AZ56: Malate_L | BA56: =VLOOKUP($AZ56,Sheet1!$A$2:$B$58,2,FALSE) -> L-Malate | BB56: C4H4O5 | BC56: 4 | BD56: 26.7 | BE56: 0 | BF56: 132.06916 | BG56: =VLOOKUP($AZ56,Sheet1!$A$2:$C$58,3,FALSE) -> 2.5 | BI56: Ethanol | BJ56: -0.46739384 | BK56: 0.77 | BL56: 2.2074865 | BM56: 100 | BN56: -0.3382722 | BO56: 226.01579 | BP56: 78.873281 | BQ56: 1.332938 | BR56: 226.59946 | BS56: -0.58367187 | BT56: 1.54 | BU56: 11.684846 | BV56: 17.247338 | BW56: 0 | BX56: 0 | BY56: 3.8580885 | BZ56: 31.462264 | CA56: 9.5409883 | CB56: 4.6739384 | CC56: 0 | CD56: 17.247338 | CE56: 22.222562 | CF56: 18.66883 | CG56: 0.95409883 | CH56: 0.46739384 | CI56: 0 | CJ56: 17.247338 | CK56: 31.462264 | CL56: 9.5409883 | CM56: 4.6739384 | CN56: 0 | CO56: 17.247338 | CP56: 22.222562 | CQ56: 18.66883 | CR56: 0.95409883 | CS56: 0.46739384 | CT56: 0 | CU56: 17.247338 | CV56: =IF(BS56<0,1.1,BS56) -> 1.1
A57: 2 | B57: Ethanol | C57: C2H5OH | D57: 2 | E57: 6 | F57: 1 | G57: 46.06744 | H57: 12 | I57: Categories-Category_2 | J57: 1.145 | K57: 500 | L57: 100 | N57: FormicAcid/CO | O57: 0 | P57: 0.16666667 | Q57: 0.0325 | R57: 77.5 | S57: 170 | T57: 100 | U57: 1812.1302 | V57: 20 | W57: 0.95 | X57: 1 | Y57: 16358.174 | Z57: 81790869 | AA57: 93650545 | AB57: 93650.545 | AC57: 0 | AD57: 847.70261 | AE57: 254310.78 | AF57: 254310.78 | AG57: 11.715447 | AH57: 22.384435 | AI57: 22.384435 | AJ57: 3043.6427 | AK57: 854.70085 | AL57: Nanofiltration | AM57: 1734.7937 | AN57: 182.55359 | AO57: 3805.354 | AP57: 5815.6909 | AQ57: 2010.3369 | AR57: 0.011968202 | AS57: 259.79741 | AT57: 148.07747 | AU57: 15.582298 | AV57: 324.8151 | AW57: 496.41221 | AX57: 171.59712 | AY57: 1.910677 | AZ57: Glycolate | BA57: =VLOOKUP($AZ57,Sheet1!$A$2:$B$58,2,FALSE) -> Glycolate | BB57: C2H3O3 | BC57: 2 | BD57: 26.7 | BE57: 0 | BF57: 75.04192 | BG57: =VLOOKUP($AZ57,Sheet1!$A$2:$C$58,3,FALSE) -> 2.5 | BH57: 112 | BI57: Ethanol | BJ57: -0.277567 | BK57: 1.31 | BL57: 2.1339348 | BM57: 100 | BN57: -0.44351801 | BO57: 232.62763 | BP57: 80.413476 | BQ57: 1.1729444 | BR57: 199.40055 | BS57: 33.227086 | BT57: 1.31 | BU57: 6.9391749 | BV57: 15.571749 | BW57: 0 | BX57: 0 | BY57: 3.8580885 | BZ57: 28.217262 | CA57: 9.8698436 | CB57: 2.77567 | CC57: 0 | CD57: 15.571749 | CE57: 19.997678 | CF57: 16.8363 | CG57: 0.98698436 | CH57: 0.277567 | CI57: 0 | CJ57: 15.571749 | CK57: 28.217262 | CL57: 9.8698436 | CM57: 2.77567 | CN57: 0 | CO57: 15.571749 | CP57: 19.997678 | CQ57: 16.8363 | CR57: 0.98698436 | CS57: 0.277567 | CT57: 0 | CU57: 15.571749 | CV57: =IF(BS57<0,1.1,BS57) -> 33.227086
A58: 3 | B58: Ethanol | C58: C2H5OH | D58: 2 | E58: 6 | F58: 1 | G58: 46.06744 | H58: 12 | I58: Categories-Category_2 | J58: 1.145 | K58: 500 | L58: 100 | N58: FormicAcid/CO | O58: 0 | P58: 0.16666667 | Q58: 0.0325 | R58: 77.5 | S58: 170 | T58: 100 | U58: 1812.1302 | V58: 20 | W58: 0.95 | X58: 1 | Y58: 16469.572 | Z58: 82347858 | AA58: 94288297 | AB58: 94288.297 | AC58: 0 | AD58: 853.47539 | AE58: 256042.62 | AF58: 256042.62 | AG58: 11.795228 | AH58: 22.536871 | AI58: 22.536871 | AJ58: 3064.3696 | AK58: 854.70085 | AL58: Nanofiltration | AM58: 1746.6075 | AN58: 183.79676 | AO58: 3831.2681 | AP58: 5849.4748 | AQ58: 2018.2067 | AR58: 0.011968202 | AS58: 259.79741 | AT58: 148.07747 | AU58: 15.582298 | AV58: 324.8151 | AW58: 495.91876 | AX58: 171.10366 | AY58: 1.910677 | AZ58: Citrate | BA58: =VLOOKUP($AZ58,Sheet1!$A$2:$B$58,2,FALSE) -> Citrate | BB58: C6H5O7 | BC58: 6 | BD58: 26.7 | BE58: 0 | BF58: 189.0964 | BG58: =VLOOKUP($AZ58,Sheet1!$A$2:$C$58,3,FALSE) -> 2.5 | BI58: Ethanol | BJ58: -0.49495575 | BK58: 0.51635036 | BL58: 2.1195012 | BM58: 100 | BN58: -0.22168731 | BO58: 233.97899 | BP58: 80.728267 | BQ58: 1.3964306 | BR58: 237.3932 | BS58: -3.4142112 | BT58: 1.5490511 | BU58: 12.373894 | BV58: 18.053255 | BW58: 0 | BX58: 0 | BY58: 3.8580885 | BZ58: 32.939869 | CA58: 9.9370564 | CB58: 4.9495575 | CC58: 0 | CD58: 18.053255 | CE58: 23.26357 | CF58: 19.541917 | CG58: 0.99370564 | CH58: 0.49495575 | CI58: 0 | CJ58: 18.053255 | CK58: 32.939869 | CL58: 9.9370564 | CM58: 4.9495575 | CN58: 0 | CO58: 18.053255 | CP58: 23.26357 | CQ58: 19.541917 | CR58: 0.99370564 | CS58: 0.49495575 | CT58: 0 | CU58: 18.053255 | CV58: =IF(BS58<0,1.1,BS58) -> 1.1
A59: 4 | B59: Ethanol | C59: C2H5OH | D59: 2 | E59: 6 | F59: 1 | G59: 46.06744 | H59: 12 | I59: Categories-Category_2 | J59: 1.145 | K59: 500 | L59: 100 | N59: FormicAcid/CO | O59: 0 | P59: 0.16666667 | Q59: 0.0325 | R59: 77.5 | S59: 170 | T59: 100 | U59: 1812.1302 | V59: 20 | W59: 0.95 | X59: 1 | Y59: 19153.625 | Z59: 95768126 | AA59: 1.096545e+08 | AB59: 109654.5 | AC59: 0 | AD59: 992.56668 | AE59: 297770 | AF59: 297770 | AG59: 13.717502 | AH59: 26.209716 | AI59: 26.209716 | AJ59: 3563.7714 | AK59: 854.70085 | AL59: Nanofiltration | AM59: 2031.253 | AN59: 213.7502 | AO59: 4455.6517 | AP59: 6663.4754 | AQ59: 2207.8238 | AR59: 0.011968202 | AS59: 259.79741 | AT59: 148.07747 | AU59: 15.582298 | AV59: 324.8151 | AW59: 485.7645 | AX59: 160.94941 | AY59: 1.910677 | AZ59: Succinate | BA59: =VLOOKUP($AZ59,Sheet1!$A$2:$B$58,2,FALSE) -> Succinate | BB59: C4H4O4 | BC59: 4 | BD59: 26.7 | BE59: 0 | BF59: 116.07016 | BG59: =VLOOKUP($AZ59,Sheet1!$A$2:$C$58,3,FALSE) -> 3 | BH59: 235 | BI59: Ethanol | BJ59: -0.46828025 | BK59: 0.72333333 | BL59: 1.8224893 | BM59: 100 | BN59: -0.17850319 | BO59: 266.53902 | BP59: 88.31295 | BQ59: 1.5166689 | BR59: 257.83371 | BS59: 8.7053071 | BT59: 1.4466667 | BU59: 11.707006 | BV59: 19.812197 | BW59: 0 | BX59: 0 | BY59: 3.8580885 | BZ59: 36.051502 | CA59: 11.556503 | CB59: 4.6828025 | CC59: 0 | CD59: 19.812197 | CE59: 25.495954 | CF59: 21.436127 | CG59: 1.1556503 | CH59: 0.46828025 | CI59: 0 | CJ59: 19.812197 | CK59: 36.051502 | CL59: 11.556503 | CM59: 4.6828025 | CN59: 0 | CO59: 19.812197 | CP59: 25.495954 | CQ59: 21.436127 | CR59: 1.1556503 | CS59: 0.46828025 | CT59: 0 | CU59: 19.812197 | CV59: =IF(BS59<0,1.1,BS59) -> 8.7053071
A60: 5 | B60: Ethanol | C60: C2H5OH | D60: 2 | E60: 6 | F60: 1 | G60: 46.06744 | H60: 12 | I60: Categories-Category_2 | J60: 1.145 | K60: 500 | L60: 100 | N60: FormicAcid/CO | O60: 0 | P60: 0.16666667 | Q60: 0.0325 | R60: 77.5 | S60: 170 | T60: 100 | U60: 1812.1302 | V60: 20 | W60: 0.95 | X60: 1 | Y60: 20846.989 | Z60: 1.0423495e+08 | AA60: 1.1934901e+08 | AB60: 119349.01 | AC60: 0 | AD60: 1080.3191 | AE60: 324095.72 | AF60: 324095.72 | AG60: 14.93026 | AH60: 28.526905 | AI60: 28.526905 | AJ60: 3878.8429 | AK60: 854.70085 | AL60: Nanofiltration | AM60: 2210.8352 | AN60: 232.64777 | AO60: 4849.5739 | AP60: 7177.0267 | AQ60: 2327.4528 | AR60: 0.011968202 | AS60: 259.79741 | AT60: 148.07747 | AU60: 15.582298 | AV60: 324.8151 | AW60: 480.70339 | AX60: 155.88829 | AY60: 1.910677 | AZ60: Glutamate_L | BA60: =VLOOKUP($AZ60,Sheet1!$A$2:$B$58,2,FALSE) -> L-Glutamate | BB60: C5H8NO4 | BC60: 5 | BD60: 26.7 | BE60: 0 | BF60: 146.11892 | BG60: =VLOOKUP($AZ60,Sheet1!$A$2:$C$58,3,FALSE) -> 3.4 | BH60: 333.8 | BI60: Ethanol | BJ60: -0.36488892 | BK60: 0.52791045 | BL60: 1.6744517 | BM60: 100 | BN60: -0.25902891 | BO60: 287.08107 | BP60: 93.098111 | BQ60: 1.5059651 | BR60: 256.01407 | BS60: 31.066994 | BT60: 1.3197761 | BU60: 9.1222231 | BV60: 19.967729 | BW60: 0 | BX60: 0 | BY60: 3.8580885 | BZ60: 36.194826 | CA60: 12.578209 | CB60: 3.6488892 | CC60: 0 | CD60: 19.967729 | CE60: 25.647213 | CF60: 21.590438 | CG60: 1.2578209 | CH60: 0.36488892 | CI60: 0 | CJ60: 19.967729 | CK60: 36.194826 | CL60: 12.578209 | CM60: 3.6488892 | CN60: 0 | CO60: 19.967729 | CP60: 25.647213 | CQ60: 21.590438 | CR60: 1.2578209 | CS60: 0.36488892 | CT60: 0 | CU60: 19.967729 | CV60: =IF(BS60<0,1.1,BS60) -> 31.066994
A61: 10 | B61: Ethanol | C61: C2H5OH | D61: 2 | E61: 6 | F61: 1 | G61: 46.06744 | H61: 12 | I61: Categories-Category_2 | J61: 1.145 | K61: 500 | L61: 100 | N61: FormicAcid/CO | O61: 0 | P61: 0.16666667 | Q61: 0.0325 | R61: 77.5 | S61: 170 | T61: 100 | U61: 1812.1302 | V61: 20 | W61: 0.95 | X61: 1 | Y61: 23782.941 | Z61: 1.189147e+08 | AA61: 1.3615734e+08 | AB61: 136157.34 | AC61: 0 | AD61: 1232.4641 | AE61: 369739.22 | AF61: 369739.22 | AG61: 17.032939 | AH61: 32.544446 | AI61: 32.544446 | AJ61: 4425.1134 | AK61: 854.70085 | AL61: Nanofiltration | AM61: 2522.1946 | AN61: 265.41234 | AO61: 5532.5558 | AP61: 8067.4212 | AQ61: 2534.8654 | AR61: 0.011968202 | AS61: 259.79741 | AT61: 148.07747 | AU61: 15.582298 | AV61: 324.8151 | AW61: 473.63647 | AX61: 148.82137 | AY61: 1.910677 | AZ61: Itaconate | BA61: =VLOOKUP($AZ61,Sheet1!$A$2:$B$58,2,FALSE) -> Itaconate | BB61: C5H4O4 | BC61: 5 | BD61: 26.7 | BE61: 0 | BF61: 128.08086 | BG61: =VLOOKUP($AZ61,Sheet1!$A$2:$C$58,3,FALSE) -> 3.2 | BH61: 381 | BI61: Ethanol | BJ61: -0.41627746 | BK61: 0.52791045 | BL61: 1.4677443 | BM61: 100 | BN61: -0.29550883 | BO61: 322.69685 | BP61: 101.39462 | BQ61: 1.7180553 | BR61: 292.0694 | BS61: 30.627447 | BT61: 1.3197761 | BU61: 10.406937 | BV61: 22.779851 | BW61: 0 | BX61: 0 | BY61: 3.8580885 | BZ61: 41.292266 | CA61: 14.34964 | CB61: 4.1627746 | CC61: 0 | CD61: 22.779851 | CE61: 29.259196 | CF61: 24.631093 | CG61: 1.434964 | CH61: 0.41627746 | CI61: 0 | CJ61: 22.779851 | CK61: 41.292266 | CL61: 14.34964 | CM61: 4.1627746 | CN61: 0 | CO61: 22.779851 | CP61: 29.259196 | CQ61: 24.631093 | CR61: 1.434964 | CS61: 0.41627746 | CT61: 0 | CU61: 22.779851 | CV61: =IF(BS61<0,1.1,BS61) -> 30.627447
A62: 11 | B62: Ethanol | C62: C2H5OH | D62: 2 | E62: 6 | F62: 1 | G62: 46.06744 | H62: 12 | I62: Categories-Category_2 | J62: 1.145 | K62: 500 | L62: 100 | N62: FormicAcid/CO | O62: 0 | P62: 0.16666667 | Q62: 0.0325 | R62: 77.5 | S62: 170 | T62: 100 | U62: 1812.1302 | V62: 20 | W62: 0.95 | X62: 1 | Y62: 23960.002 | Z62: 1.1980001e+08 | AA62: 1.3717101e+08 | AB62: 137171.01 | AC62: 0 | AD62: 1241.6396 | AE62: 372491.88 | AF62: 372491.88 | AG62: 17.159747 | AH62: 32.786735 | AI62: 32.786735 | AJ62: 4458.0578 | AK62: 1835.3365 | AL62: Distillation | AM62: 2540.972 | AN62: 267.3883 | AO62: 5573.7449 | AP62: 9101.7546 | AQ62: 3528.0097 | AR62: 0.011968202 | AS62: 259.79741 | AT62: 148.07747 | AU62: 15.582298 | AV62: 324.8151 | AW62: 530.4131 | AX62: 205.598 | AY62: 1.910677 | AZ62: 2-Pyrone-4-6-Dicarboxylate | BA62: =VLOOKUP($AZ62,Sheet1!$A$2:$B$58,2,FALSE) -> 2-Pyrone-4,6-Dicarboxylate | BB62: C7H2O6 | BC62: 7 | BD62: 26.7 | BE62: 0 | BF62: 182.08458 | BG62: =VLOOKUP($AZ62,Sheet1!$A$2:$C$58,3,FALSE) -> 2.5714286 | BH62: 355.5 | BI62: Ethanol | BJ62: -0.38043664 | BK62: 0.36859551 | BL62: 1.4568979 | BM62: 100 | BN62: -0.55165628 | BO62: 364.07018 | BP62: 141.12039 | BQ62: 1.691906 | BR62: 287.62403 | BS62: 76.446158 | BT62: 1.2900843 | BU62: 9.510916 | BV62: 22.520205 | BW62: 0 | BX62: 0 | BY62: 3.8580885 | BZ62: 40.781043 | CA62: 14.456471 | CB62: 3.8043664 | CC62: 0 | CD62: 22.520205 | CE62: 28.911498 | CF62: 24.346289 | CG62: 1.4456471 | CH62: 0.38043664 | CI62: 0 | CJ62: 22.520205 | CK62: 40.781043 | CL62: 14.456471 | CM62: 3.8043664 | CN62: 0 | CO62: 22.520205 | CP62: 28.911498 | CQ62: 24.346289 | CR62: 1.4456471 | CS62: 0.38043664 | CT62: 0 | CU62: 22.520205 | CV62: =IF(BS62<0,1.1,BS62) -> 76.446158
A63: 19 | B63: Ethanol | C63: C2H5OH | D63: 2 | E63: 6 | F63: 1 | G63: 46.06744 | H63: 12 | I63: Categories-Category_2 | J63: 1.145 | K63: 500 | L63: 100 | N63: FormicAcid/CO | O63: 0 | P63: 0.16666667 | Q63: 0.0325 | R63: 77.5 | S63: 170 | T63: 100 | U63: 1812.1302 | V63: 20 | W63: 0.95 | X63: 1 | Y63: 26388.532 | Z63: 1.3194266e+08 | AA63: 1.5107435e+08 | AB63: 151074.35 | AC63: 0 | AD63: 1367.4893 | AE63: 410246.8 | AF63: 410246.8 | AG63: 18.89902 | AH63: 36.109923 | AI63: 36.109923 | AJ63: 4909.9163 | AK63: 854.70085 | AL63: Nanofiltration | AM63: 2798.519 | AN63: 294.49016 | AO63: 6138.6869 | AP63: 8857.6264 | AQ63: 2718.9395 | AR63: 0.011968202 | AS63: 259.79741 | AT63: 148.07747 | AU63: 15.582298 | AV63: 324.8151 | AW63: 468.68179 | AX63: 143.86669 | AY63: 1.910677 | AZ63: Acrylate-PW2 | BA63: =VLOOKUP($AZ63,Sheet1!$A$2:$B$58,2,FALSE) -> Acrylate (PW2) | BB63: C3H3O2 | BC63: 3 | BD63: 26.7 | BE63: 0 | BF63: 71.05362 | BG63: =VLOOKUP($AZ63,Sheet1!$A$2:$C$58,3,FALSE) -> 3.6666667 | BH63: 80 | BI63: Ethanol | BJ63: -0.41377723 | BK63: 0.85764706 | BL63: 1.3228199 | BM63: 100 | BN63: -0.22425538 | BO63: 354.30505 | BP63: 108.75758 | BQ63: 1.8581742 | BR63: 315.88961 | BS63: 38.415448 | BT63: 1.2864706 | BU63: 10.344431 | BV63: 24.745265 | BW63: 0 | BX63: 0 | BY63: 3.8580885 | BZ63: 44.804783 | CA63: 15.921746 | CB63: 4.1377723 | CC63: 0 | CD63: 24.745265 | CE63: 31.766096 | CF63: 26.751217 | CG63: 1.5921746 | CH63: 0.41377723 | CI63: 0 | CJ63: 24.745265 | CK63: 44.804783 | CL63: 15.921746 | CM63: 4.1377723 | CN63: 0 | CO63: 24.745265 | CP63: 31.766096 | CQ63: 26.751217 | CR63: 1.5921746 | CS63: 0.41377723 | CT63: 0 | CU63: 24.745265 | CV63: =IF(BS63<0,1.1,BS63) -> 38.415448
A64: 20 | B64: Ethanol | C64: C2H5OH | D64: 2 | E64: 6 | F64: 1 | G64: 46.06744 | H64: 12 | I64: Categories-Category_2 | J64: 1.145 | K64: 500 | L64: 100 | N64: FormicAcid/CO | O64: 0 | P64: 0.16666667 | Q64: 0.0325 | R64: 77.5 | S64: 170 | T64: 100 | U64: 1812.1302 | V64: 20 | W64: 0.95 | X64: 1 | Y64: 28807.519 | Z64: 1.440376e+08 | AA64: 1.6492305e+08 | AB64: 164923.05 | AC64: 0 | AD64: 1492.8445 | AE64: 447853.34 | AF64: 447853.34 | AG64: 20.631457 | AH64: 39.420051 | AI64: 39.420051 | AJ64: 5359.999 | AK64: 854.70085 | AL64: Nanofiltration | AM64: 3055.054 | AN64: 321.48551 | AO64: 6701.4087 | AP64: 9591.2393 | AQ64: 2889.8307 | AR64: 0.011968202 | AS64: 259.79741 | AT64: 148.07747 | AU64: 15.582298 | AV64: 324.8151 | AW64: 464.88425 | AX64: 140.06915 | AY64: 1.910677 | AZ64: Shikimate | BA64: =VLOOKUP($AZ64,Sheet1!$A$2:$B$58,2,FALSE) -> Shikimate | BB64: C7H9O5 | BC64: 7 | BD64: 26.7 | BE64: 0 | BF64: 173.14046 | BG64: =VLOOKUP($AZ64,Sheet1!$A$2:$C$58,3,FALSE) -> 3.8571429 | BH64: 400.5 | BI64: Ethanol | BJ64: -0.20250477 | BK64: 0.32240786 | BL64: 1.2117419 | BM64: 100 | BN64: -0.42600954 | BO64: 383.64957 | BP64: 115.59323 | BQ64: 1.7793068 | BR64: 302.48216 | BS64: 81.167415 | BT64: 1.1284275 | BU64: 5.0626193 | BV64: 24.266628 | BW64: 0 | BX64: 0 | BY64: 3.8580885 | BZ64: 43.672938 | CA64: 17.381262 | CB64: 2.0250477 | CC64: 0 | CD64: 24.266628 | CE64: 31.058837 | CF64: 26.207259 | CG64: 1.7381262 | CH64: 0.20250477 | CI64: 0 | CJ64: 24.266628 | CK64: 43.672938 | CL64: 17.381262 | CM64: 2.0250477 | CN64: 0 | CO64: 24.266628 | CP64: 31.058837 | CQ64: 26.207259 | CR64: 1.7381262 | CS64: 0.20250477 | CT64: 0 | CU64: 24.266628 | CV64: =IF(BS64<0,1.1,BS64) -> 81.167415
A65: 22 | B65: Ethanol | C65: C2H5OH | D65: 2 | E65: 6 | F65: 1 | G65: 46.06744 | H65: 12 | I65: Categories-Category_2 | J65: 1.145 | K65: 500 | L65: 100 | N65: FormicAcid/CO | O65: 0 | P65: 0.16666667 | Q65: 0.0325 | R65: 77.5 | S65: 170 | T65: 100 | U65: 1812.1302 | V65: 20 | W65: 0.95 | X65: 1 | Y65: 32495.875 | Z65: 1.6247937e+08 | AA65: 1.8603888e+08 | AB65: 186038.88 | AC65: 0 | AD65: 1683.98 | AE65: 505194.01 | AF65: 505194.01 | AG65: 23.272995 | AH65: 44.467177 | AI65: 44.467177 | AJ65: 6046.2637 | AK65: 854.70085 | AL65: Nanofiltration | AM65: 3446.2062 | AN65: 362.64674 | AO65: 7559.42 | AP65: 10709.817 | AQ65: 3150.3975 | AR65: 0.011968202 | AS65: 259.79741 | AT65: 148.07747 | AU65: 15.582298 | AV65: 324.8151 | AW65: 460.18218 | AX65: 135.36709 | AY65: 1.910677 | AZ65: Lysine_L | BA65: =VLOOKUP($AZ65,Sheet1!$A$2:$B$58,2,FALSE) -> L-Lysine | BB65: C6H15N2O2 | BC65: 6 | BD65: 26.7 | BE65: 0 | BF65: 147.1932 | BG65: =VLOOKUP($AZ65,Sheet1!$A$2:$C$58,3,FALSE) -> 4.8333333 | BI65: Ethanol | BJ65: -0.015281678 | BK65: 0.33619718 | BL65: 1.0742064 | BM65: 100 | BN65: -0.41813556 | BO65: 428.3927 | BP65: 126.0159 | BQ65: 1.7939687 | BR65: 304.97469 | BS65: 123.41801 | BT65: 1.0085915 | BU65: 0.38204194 | BV65: 25.02401 | BW65: 0 | BX65: 0 | BY65: 3.8580885 | BZ65: 44.78349 | CA65: 19.606663 | CB65: 0.15281678 | CC65: 0 | CD65: 25.02401 | CE65: 31.939828 | CF65: 26.999958 | CG65: 1.9606663 | CH65: 0.015281678 | CI65: 0 | CJ65: 25.02401 | CK65: 44.78349 | CL65: 19.606663 | CM65: 0.15281678 | CN65: 0 | CO65: 25.02401 | CP65: 31.939828 | CQ65: 26.999958 | CR65: 1.9606663 | CS65: 0.015281678 | CT65: 0 | CU65: 25.02401 | CV65: =IF(BS65<0,1.1,BS65) -> 123.41801
A66: 24 | B66: Ethanol | C66: C2H5OH | D66: 2 | E66: 6 | F66: 1 | G66: 46.06744 | H66: 12 | I66: Categories-Category_2 | J66: 1.145 | K66: 500 | L66: 100 | N66: FormicAcid/CO | O66: 0 | P66: 0.16666667 | Q66: 0.0325 | R66: 77.5 | S66: 170 | T66: 100 | U66: 1812.1302 | V66: 20 | W66: 0.95 | X66: 1 | Y66: 32886.596 | Z66: 1.6443298e+08 | AA66: 1.8827576e+08 | AB66: 188275.76 | AC66: 0 | AD66: 1704.2277 | AE66: 511268.32 | AF66: 511268.32 | AG66: 23.552823 | AH66: 45.001838 | AI66: 45.001838 | AJ66: 6118.9623 | AK66: 854.70085 | AL66: Nanofiltration | AM66: 3487.6424 | AN66: 367.00711 | AO66: 7650.3124 | AP66: 10828.313 | AQ66: 3178.0003 | AR66: 0.011968202 | AS66: 259.79741 | AT66: 148.07747 | AU66: 15.582298 | AV66: 324.8151 | AW66: 459.74586 | AX66: 134.93076 | AY66: 1.910677 | AZ66: Butyrate | BA66: =VLOOKUP($AZ66,Sheet1!$A$2:$B$58,2,FALSE) -> Butyrate | BB66: C4H7O2 | BC66: 4 | BD66: 26.7 | BE66: 0 | BF66: 87.09568 | BG66: =VLOOKUP($AZ66,Sheet1!$A$2:$C$58,3,FALSE) -> 4.75 | BH66: 163.5 | BI66: Ethanol | BJ66: -0.22115189 | BK66: 0.56142857 | BL66: 1.0614439 | BM66: 100 | BN66: -0.12621024 | BO66: 433.13251 | BP66: 127.12001 | BQ66: 2.0212254 | BR66: 343.60832 | BS66: 89.52419 | BT66: 1.1228571 | BU66: 5.5287972 | BV66: 27.592196 | BW66: 0 | BX66: 0 | BY66: 3.8580885 | BZ66: 49.646123 | CA66: 19.842408 | CB66: 2.2115189 | CC66: 0 | CD66: 27.592196 | CE66: 35.311071 | CF66: 29.797589 | CG66: 1.9842408 | CH66: 0.22115189 | CI66: 0 | CJ66: 27.592196 | CK66: 49.646123 | CL66: 19.842408 | CM66: 2.2115189 | CN66: 0 | CO66: 27.592196 | CP66: 35.311071 | CQ66: 29.797589 | CR66: 1.9842408 | CS66: 0.22115189 | CT66: 0 | CU66: 27.592196 | CV66: =IF(BS66<0,1.1,BS66) -> 89.52419
A67: 25 | B67: Ethanol | C67: C2H5OH | D67: 2 | E67: 6 | F67: 1 | G67: 46.06744 | H67: 12 | I67: Categories-Category_2 | J67: 1.145 | K67: 500 | L67: 100 | N67: FormicAcid/CO | O67: 0 | P67: 0.16666667 | Q67: 0.0325 | R67: 77.5 | S67: 170 | T67: 100 | U67: 1812.1302 | V67: 20 | W67: 0.95 | X67: 1 | Y67: 33284.455 | Z67: 1.6642227e+08 | AA67: 1.905535e+08 | AB67: 190553.5 | AC67: 0 | AD67: 1724.8453 | AE67: 517453.59 | AF67: 517453.59 | AG67: 23.837762 | AH67: 45.546265 | AI67: 45.546265 | AJ67: 6192.9888 | AK67: 854.70085 | AL67: Nanofiltration | AM67: 3529.8355 | AN67: 371.44712 | AO67: 7742.865 | AP67: 10948.972 | AQ67: 3206.1073 | AR67: 0.011968202 | AS67: 259.79741 | AT67: 148.07747 | AU67: 15.582298 | AV67: 324.8151 | AW67: 459.31209 | AX67: 134.49699 | AY67: 1.910677 | AZ67: EthylAcetate | BA67: =VLOOKUP($AZ67,Sheet1!$A$2:$B$58,2,FALSE) -> Ethyl Acetate | BB67: C4H8O2 | BC67: 4 | BD67: 26.7 | BE67: 0 | BF67: 88.10352 | BG67: =VLOOKUP($AZ67,Sheet1!$A$2:$C$58,3,FALSE) -> 5 | BH67: 77.1 | BI67: Ethanol | BJ67: -0.17625345 | BK67: 0.54837209 | BL67: 1.0487562 | BM67: 100 | BN67: -0.17097629 | BO67: 437.95889 | BP67: 128.24429 | BQ67: 1.998104 | BR67: 339.67769 | BS67: 98.281205 | BT67: 1.0967442 | BU67: 4.4063363 | BV67: 27.401591 | BW67: 0 | BX67: 0 | BY67: 3.8580885 | BZ67: 49.246585 | CA67: 20.082459 | CB67: 1.7625345 | CC67: 0 | CD67: 27.401591 | CE67: 35.047339 | CF67: 29.586091 | CG67: 2.0082459 | CH67: 0.17625345 | CI67: 0 | CJ67: 27.401591 | CK67: 49.246585 | CL67: 20.082459 | CM67: 1.7625345 | CN67: 0 | CO67: 27.401591 | CP67: 35.047339 | CQ67: 29.586091 | CR67: 2.0082459 | CS67: 0.17625345 | CT67: 0 | CU67: 27.401591 | CV67: =IF(BS67<0,1.1,BS67) -> 98.281205
A68: 26 | B68: Ethanol | C68: C2H5OH | D68: 2 | E68: 6 | F68: 1 | G68: 46.06744 | H68: 12 | I68: Categories-Category_2 | J68: 1.145 | K68: 500 | L68: 100 | N68: FormicAcid/CO | O68: 0 | P68: 0.16666667 | Q68: 0.0325 | R68: 77.5 | S68: 170 | T68: 100 | U68: 1812.1302 | V68: 20 | W68: 0.95 | X68: 1 | Y68: 33504.012 | Z68: 1.6752006e+08 | AA68: 1.9181047e+08 | AB68: 191810.47 | AC68: 0 | AD68: 1736.2231 | AE68: 520866.92 | AF68: 520866.92 | AG68: 23.995006 | AH68: 45.846706 | AI68: 45.846706 | AJ68: 6233.8403 | AK68: 854.70085 | AL68: Nanofiltration | AM68: 3553.1197 | AN68: 373.89733 | AO68: 7793.9401 | AP68: 11015.558 | AQ68: 3221.6181 | AR68: 0.011968202 | AS68: 259.79741 | AT68: 148.07747 | AU68: 15.582298 | AV68: 324.8151 | AW68: 459.07712 | AX68: 134.26203 | AY68: 1.910677 | AZ68: ciscisMuconate | BA68: =VLOOKUP($AZ68,Sheet1!$A$2:$B$58,2,FALSE) -> cis,cis-Muconate | BB68: C6H4O4 | BC68: 6 | BD68: 26.7 | BE68: 0 | BF68: 140.09156 | BG68: =VLOOKUP($AZ68,Sheet1!$A$2:$C$58,3,FALSE) -> 3.3333333 | BH68: 345.4 | BI68: Ethanol | BJ68: -0.051041868 | BK68: 0.34261097 | BL68: 1.0418835 | BM68: 100 | BN68: -0.74380776 | BO68: 440.62233 | BP68: 128.86472 | BQ68: 1.8849101 | BR68: 320.43472 | BS68: 120.18761 | BT68: 1.0278329 | BU68: 1.2760467 | BV68: 26.189306 | BW68: 0 | BX68: 0 | BY68: 3.8580885 | BZ68: 46.914656 | CA68: 20.214931 | CB68: 0.51041868 | CC68: 0 | CD68: 26.189306 | CE68: 33.443179 | CF68: 28.261841 | CG68: 2.0214931 | CH68: 0.051041868 | CI68: 0 | CJ68: 26.189306 | CK68: 46.914656 | CL68: 20.214931 | CM68: 0.51041868 | CN68: 0 | CO68: 26.189306 | CP68: 33.443179 | CQ68: 28.261841 | CR68: 2.0214931 | CS68: 0.051041868 | CT68: 0 | CU68: 26.189306 | CV68: =IF(BS68<0,1.1,BS68) -> 120.18761
A69: 27 | B69: Ethanol | C69: C2H5OH | D69: 2 | E69: 6 | F69: 1 | G69: 46.06744 | H69: 12 | I69: Categories-Category_2 | J69: 1.145 | K69: 500 | L69: 100 | N69: FormicAcid/CO | O69: 0 | P69: 0.16666667 | Q69: 0.0325 | R69: 77.5 | S69: 170 | T69: 100 | U69: 1812.1302 | V69: 20 | W69: 0.95 | X69: 1 | Y69: 33632.443 | Z69: 1.6816222e+08 | AA69: 1.9254574e+08 | AB69: 192545.74 | AC69: 0 | AD69: 1742.8785 | AE69: 522863.56 | AF69: 522863.56 | AG69: 24.086986 | AH69: 46.022451 | AI69: 46.022451 | AJ69: 6257.7365 | AK69: 854.70085 | AL69: Nanofiltration | AM69: 3566.7399 | AN69: 375.3306 | AO69: 7823.8166 | AP69: 11054.508 | AQ69: 3230.6912 | AR69: 0.011968202 | AS69: 259.79741 | AT69: 148.07747 | AU69: 15.582298 | AV69: 324.8151 | AW69: 458.9411 | AX69: 134.12601 | AY69: 1.910677 | AZ69: Acrylate-PW1 | BA69: =VLOOKUP($AZ69,Sheet1!$A$2:$B$58,2,FALSE) -> Acrylate (PW1) | BB69: C3H3O2 | BC69: 3 | BD69: 26.7 | BE69: 0 | BF69: 71.05362 | BG69: =VLOOKUP($AZ69,Sheet1!$A$2:$C$58,3,FALSE) -> 3.6666667 | BH69: 80 | BI69: Ethanol | BJ69: -0.01727612 | BK69: 0.67292308 | BL69: 1.0379049 | BM69: 100 | BN69: -0.65670376 | BO69: 442.18031 | BP69: 129.22765 | BQ69: 1.8581742 | BR69: 315.88961 | BS69: 126.29071 | BT69: 1.0093846 | BU69: 0.431903 | BV69: 25.915337 | BW69: 0 | BX69: 0 | BY69: 3.8580885 | BZ69: 46.38052 | CA69: 20.292421 | CB69: 0.1727612 | CC69: 0 | CD69: 25.915337 | CE69: 33.078151 | CF69: 27.961856 | CG69: 2.0292421 | CH69: 0.01727612 | CI69: 0 | CJ69: 25.915337 | CK69: 46.38052 | CL69: 20.292421 | CM69: 0.1727612 | CN69: 0 | CO69: 25.915337 | CP69: 33.078151 | CQ69: 27.961856 | CR69: 2.0292421 | CS69: 0.01727612 | CT69: 0 | CU69: 25.915337 | CV69: =IF(BS69<0,1.1,BS69) -> 126.29071
A70: 28 | B70: Ethanol | C70: C2H5OH | D70: 2 | E70: 6 | F70: 1 | G70: 46.06744 | H70: 12 | I70: Categories-Category_2 | J70: 1.145 | K70: 500 | L70: 100 | N70: FormicAcid/CO | O70: 0 | P70: 0.16666667 | Q70: 0.0325 | R70: 77.5 | S70: 170 | T70: 100 | U70: 1812.1302 | V70: 20 | W70: 0.95 | X70: 1 | Y70: 34305.723 | Z70: 1.7152861e+08 | AA70: 1.9640026e+08 | AB70: 196400.26 | AC70: 0 | AD70: 1777.7688 | AE70: 533330.64 | AF70: 533330.64 | AG70: 24.569177 | AH70: 46.943763 | AI70: 46.943763 | AJ70: 6383.0086 | AK70: 854.70085 | AL70: Nanofiltration | AM70: 3638.1416 | AN70: 382.84425 | AO70: 7980.4397 | AP70: 11258.695 | AQ70: 3278.2556 | AR70: 0.011968202 | AS70: 259.79741 | AT70: 148.07747 | AU70: 15.582298 | AV70: 324.8151 | AW70: 458.2447 | AX70: 133.4296 | AY70: 1.910677 | AZ70: 1-3-Butanediol-PW2 | BA70: =VLOOKUP($AZ70,Sheet1!$A$2:$B$58,2,FALSE) -> 1,3-Butanediol (PW2) | BB70: C4H10O2 | BC70: 4 | BD70: 26.7 | BE70: 25.35 | BF70: 90.1192 | BG70: =VLOOKUP($AZ70,Sheet1!$A$2:$C$58,3,FALSE) -> 5.5 | BH70: 207 | BI70: Ethanol | BJ70: -0.0756623 | BK70: 0.52014706 | BL70: 1.0175351 | BM70: 100 | BN70: -0.095020696 | BO70: 450.34781 | BP70: 131.13022 | BQ70: 1.9534128 | BR70: 332.08018 | BS70: 118.26763 | BT70: 1.0402941 | BU70: 1.8915575 | BV70: 27.073915 | BW70: 0.96608669 | BX70: 0 | BY70: 3.8580885 | BZ70: 48.529188 | CA70: 20.69865 | CB70: 0.756623 | CC70: 0 | CD70: 27.073915 | CE70: 34.583261 | CF70: 29.219442 | CG70: 2.069865 | CH70: 0.0756623 | CI70: 0 | CJ70: 27.073915 | CK70: 48.529188 | CL70: 20.69865 | CM70: 0.756623 | CN70: 0 | CO70: 27.073915 | CP70: 34.583261 | CQ70: 29.219442 | CR70: 2.069865 | CS70: 0.0756623 | CT70: 0 | CU70: 27.073915 | CV70: =IF(BS70<0,1.1,BS70) -> 118.26763
A71: 30 | B71: Ethanol | C71: C2H5OH | D71: 2 | E71: 6 | F71: 1 | G71: 46.06744 | H71: 12 | I71: Categories-Category_2 | J71: 1.145 | K71: 500 | L71: 100 | N71: FormicAcid/CO | O71: 0 | P71: 0.16666667 | Q71: 0.0325 | R71: 77.5 | S71: 170 | T71: 100 | U71: 1812.1302 | V71: 20 | W71: 0.95 | X71: 1 | Y71: 34810.219 | Z71: 1.7405109e+08 | AA71: 1.992885e+08 | AB71: 199288.5 | AC71: 0 | AD71: 1803.9125 | AE71: 541173.74 | AF71: 541173.74 | AG71: 24.930489 | AH71: 47.634112 | AI71: 47.634112 | AJ71: 6476.8763 | AK71: 854.70085 | AL71: Nanofiltration | AM71: 3691.6437 | AN71: 388.47431 | AO71: 8097.7991 | AP71: 11411.695 | AQ71: 3313.8961 | AR71: 0.011968202 | AS71: 259.79741 | AT71: 148.07747 | AU71: 15.582298 | AV71: 324.8151 | AW71: 457.74053 | AX71: 132.92544 | AY71: 1.910677 | AZ71: 1-3-Butanediol-PW1 | BA71: =VLOOKUP($AZ71,Sheet1!$A$2:$B$58,2,FALSE) -> 1,3-Butanediol (PW1) | BB71: C4H10O2 | BC71: 4 | BD71: 26.7 | BE71: 25.35 | BF71: 90.1192 | BG71: =VLOOKUP($AZ71,Sheet1!$A$2:$C$58,3,FALSE) -> 5.5 | BH71: 207 | BI71: Ethanol | BJ71: -0.048048322 | BK71: 0.5126087 | BL71: 1.0027882 | BM71: 100 | BN71: -0.12513819 | BO71: 456.46781 | BP71: 132.55584 | BQ71: 1.9534128 | BR71: 332.08018 | BS71: 124.38763 | BT71: 1.0252174 | BU71: 1.201208 | BV71: 27.155404 | BW71: 0.95208543 | BX71: 0 | BY71: 3.8580885 | BZ71: 48.638929 | CA71: 21.003042 | CB71: 0.48048322 | CC71: 0 | CD71: 27.155404 | CE71: 34.674638 | CF71: 29.303756 | CG71: 2.1003042 | CH71: 0.048048322 | CI71: 0 | CJ71: 27.155404 | CK71: 48.638929 | CL71: 21.003042 | CM71: 0.48048322 | CN71: 0 | CO71: 27.155404 | CP71: 34.674638 | CQ71: 29.303756 | CR71: 2.1003042 | CS71: 0.048048322 | CT71: 0 | CU71: 27.155404 | CV71: =IF(BS71<0,1.1,BS71) -> 124.38763
A72: 31 | B72: Ethanol | C72: C2H5OH | D72: 2 | E72: 6 | F72: 1 | G72: 46.06744 | H72: 12 | I72: Categories-Category_2 | J72: 1.145 | K72: 500 | L72: 100 | N72: FormicAcid/CO | O72: 0 | P72: 0.16666667 | Q72: 0.0325 | R72: 77.5 | S72: 170 | T72: 100 | U72: 1812.1302 | V72: 20 | W72: 0.95 | X72: 1 | Y72: 34974.634 | Z72: 1.7487317e+08 | AA72: 2.0022978e+08 | AB72: 200229.78 | AC72: 0 | AD72: 1812.4327 | AE72: 543729.8 | AF72: 543729.8 | AG72: 25.04824 | AH72: 47.859097 | AI72: 47.859097 | AJ72: 6507.4678 | AK72: 854.70085 | AL72: Nanofiltration | AM72: 3709.08 | AN72: 390.30915 | AO72: 8136.0465 | AP72: 11461.558 | AQ72: 3325.5113 | AR72: 0.011968202 | AS72: 259.79741 | AT72: 148.07747 | AU72: 15.582298 | AV72: 324.8151 | AW72: 457.57937 | AX72: 132.76427 | AY72: 1.910677 | AZ72: Isobutyrate | BA72: =VLOOKUP($AZ72,Sheet1!$A$2:$B$58,2,FALSE) -> Isobutyrate | BB72: C4H7O2 | BC72: 4 | BD72: 26.7 | BE72: 0 | BF72: 87.09568 | BG72: =VLOOKUP($AZ72,Sheet1!$A$2:$C$58,3,FALSE) -> 4.75 | BH72: 155 | BI72: Ethanol | BJ72: -0.10686151 | BK72: 0.52791045 | BL72: 0.99807412 | BM72: 100 | BN72: -0.25086232 | BO72: 458.46231 | BP72: 133.02045 | BQ72: 2.0212254 | BR72: 343.60832 | BS72: 114.854 | BT72: 1.0558209 | BU72: 2.6715377 | BV72: 27.929466 | BW72: 0 | BX72: 0 | BY72: 3.8580885 | BZ72: 50.100325 | CA72: 21.102244 | CB72: 1.0686151 | CC72: 0 | CD72: 27.929466 | CE72: 35.689267 | CF72: 30.146552 | CG72: 2.1102244 | CH72: 0.10686151 | CI72: 0 | CJ72: 27.929466 | CK72: 50.100325 | CL72: 21.102244 | CM72: 1.0686151 | CN72: 0 | CO72: 27.929466 | CP72: 35.689267 | CQ72: 30.146552 | CR72: 2.1102244 | CS72: 0.10686151 | CT72: 0 | CU72: 27.929466 | CV72: =IF(BS72<0,1.1,BS72) -> 114.854
A73: 32 | B73: Ethanol | C73: C2H5OH | D73: 2 | E73: 6 | F73: 1 | G73: 46.06744 | H73: 12 | I73: Categories-Category_2 | J73: 1.145 | K73: 500 | L73: 100 | N73: FormicAcid/CO | O73: 0 | P73: 0.16666667 | Q73: 0.0325 | R73: 77.5 | S73: 170 | T73: 100 | U73: 1812.1302 | V73: 20 | W73: 0.95 | X73: 1 | Y73: 35314.715 | Z73: 1.7657357e+08 | AA73: 2.0217674e+08 | AB73: 202176.74 | AC73: 0 | AD73: 1830.0561 | AE73: 549016.83 | AF73: 549016.83 | AG73: 25.2918 | AH73: 48.324462 | AI73: 48.324462 | AJ73: 6570.7441 | AK73: 854.70085 | AL73: Nanofiltration | AM73: 3745.1458 | AN73: 394.10437 | AO73: 8215.1585 | AP73: 11564.695 | AQ73: 3349.5366 | AR73: 0.011968202 | AS73: 259.79741 | AT73: 148.07747 | AU73: 15.582298 | AV73: 324.8151 | AW73: 457.25077 | AX73: 132.43568 | AY73: 1.910677 | AZ73: 2-3-Butanediol | BA73: =VLOOKUP($AZ73,Sheet1!$A$2:$B$58,2,FALSE) -> 2,3-Butanediol | BB73: C4H10O2 | BC73: 4 | BD73: 26.7 | BE73: 0 | BF73: 90.1192 | BG73: =VLOOKUP($AZ73,Sheet1!$A$2:$C$58,3,FALSE) -> 5.5 | BH73: 177 | BI73: Ethanol | BJ73: -0.020434344 | BK73: 0.50528571 | BL73: 0.98846266 | BM73: 100 | BN73: -0.15525569 | BO73: 462.5878 | BP73: 133.98146 | BQ73: 1.9534128 | BR73: 332.08018 | BS73: 130.50763 | BT73: 1.0105714 | BU73: 0.5108586 | BV73: 27.236892 | BW73: 0 | BX73: 0 | BY73: 3.8580885 | BZ73: 48.74867 | CA73: 21.307434 | CB73: 0.20434344 | CC73: 0 | CD73: 27.236892 | CE73: 34.766015 | CF73: 29.38807 | CG73: 2.1307434 | CH73: 0.020434344 | CI73: 0 | CJ73: 27.236892 | CK73: 48.74867 | CL73: 21.307434 | CM73: 0.20434344 | CN73: 0 | CO73: 27.236892 | CP73: 34.766015 | CQ73: 29.38807 | CR73: 2.1307434 | CS73: 0.020434344 | CT73: 0 | CU73: 27.236892 | CV73: =IF(BS73<0,1.1,BS73) -> 130.50763
A74: 33 | B74: Ethanol | C74: C2H5OH | D74: 2 | E74: 6 | F74: 1 | G74: 46.06744 | H74: 12 | I74: Categories-Category_2 | J74: 1.145 | K74: 500 | L74: 100 | N74: FormicAcid/CO | O74: 0 | P74: 0.16666667 | Q74: 0.0325 | R74: 77.5 | S74: 170 | T74: 100 | U74: 1812.1302 | V74: 20 | W74: 0.95 | X74: 1 | Y74: 35384.086 | Z74: 1.7692043e+08 | AA74: 2.0257389e+08 | AB74: 202573.89 | AC74: 0 | AD74: 1833.651 | AE74: 550095.31 | AF74: 550095.31 | AG74: 25.341483 | AH74: 48.419389 | AI74: 48.419389 | AJ74: 6583.6515 | AK74: 1835.3365 | AL74: Distillation | AM74: 3752.5026 | AN74: 394.87854 | AO74: 8231.2961 | AP74: 12566.369 | AQ74: 4335.0731 | AR74: 0.011968202 | AS74: 259.79741 | AT74: 148.07747 | AU74: 15.582298 | AV74: 324.8151 | AW74: 495.88137 | AX74: 171.06628 | AY74: 1.910677 | AZ74: GammaButyrolactone | BA74: =VLOOKUP($AZ74,Sheet1!$A$2:$B$58,2,FALSE) -> Gamma Butyrolactone | BB74: C4H6O2 | BC74: 4 | BD74: 26.7 | BE74: 0 | BF74: 86.08784 | BG74: =VLOOKUP($AZ74,Sheet1!$A$2:$C$58,3,FALSE) -> 4.5 | BH74: 204 | BI74: Ethanol | BJ74: -0.10811255 | BK74: 0.52791045 | BL74: 0.98652476 | BM74: 100 | BN74: -0.43965587 | BO74: 502.65477 | BP74: 173.40292 | BQ74: 2.0448881 | BR74: 347.63098 | BS74: 155.02379 | BT74: 1.0558209 | BU74: 2.7028137 | BV74: 28.25644 | BW74: 0 | BX74: 0 | BY74: 3.8580885 | BZ74: 50.686855 | CA74: 21.34929 | CB74: 1.0811255 | CC74: 0 | CD74: 28.25644 | CE74: 36.107085 | CF74: 30.499481 | CG74: 2.134929 | CH74: 0.10811255 | CI74: 0 | CJ74: 28.25644 | CK74: 50.686855 | CL74: 21.34929 | CM74: 1.0811255 | CN74: 0 | CO74: 28.25644 | CP74: 36.107085 | CQ74: 30.499481 | CR74: 2.134929 | CS74: 0.10811255 | CT74: 0 | CU74: 28.25644 | CV74: =IF(BS74<0,1.1,BS74) -> 155.02379
A75: 37 | B75: Ethanol | C75: C2H5OH | D75: 2 | E75: 6 | F75: 1 | G75: 46.06744 | H75: 12 | I75: Categories-Category_2 | J75: 1.145 | K75: 500 | L75: 100 | N75: FormicAcid/CO | O75: 0 | P75: 0.16666667 | Q75: 0.0325 | R75: 77.5 | S75: 170 | T75: 100 | U75: 1812.1302 | V75: 20 | W75: 0.95 | X75: 1 | Y75: 41959.239 | Z75: 2.0979619e+08 | AA75: 2.4021664e+08 | AB75: 240216.64 | AC75: 0 | AD75: 2174.3843 | AE75: 652315.29 | AF75: 652315.29 | AG75: 30.050496 | AH75: 57.416792 | AI75: 57.416792 | AJ75: 7807.0409 | AK75: 854.70085 | AL75: Nanofiltration | AM75: 4449.8014 | AN75: 468.25579 | AO75: 9760.8547 | AP75: 13579.799 | AQ75: 3818.9442 | AR75: 0.011968202 | AS75: 259.79741 | AT75: 148.07747 | AU75: 15.582298 | AV75: 324.8151 | AW75: 451.89933 | AX75: 127.08423 | AY75: 1.910677 | AZ75: Catechol | BA75: =VLOOKUP($AZ75,Sheet1!$A$2:$B$58,2,FALSE) -> Catechol | BB75: C6H6O2 | BC75: 6 | BD75: 26.7 | BE75: 0 | BF75: 110.10924 | BG75: =VLOOKUP($AZ75,Sheet1!$A$2:$C$58,3,FALSE) -> 4.3333333 | BH75: 245 | BI75: Ethanol | BJ75: -0.10149218 | BK75: 0.34806366 | BL75: 0.83193303 | BM75: 100 | BN75: -0.61585762 | BO75: 543.19196 | BP75: 152.75777 | BQ75: 2.3981639 | BR75: 407.68786 | BS75: 135.5041 | BT75: 1.044191 | BU75: 2.5373044 | BV75: 33.212689 | BW75: 0 | BX75: 0 | BY75: 3.8580885 | BZ75: 59.544075 | CA75: 25.316464 | CB75: 1.0149218 | CC75: 0 | CD75: 33.212689 | CE75: 42.428674 | CF75: 35.845827 | CG75: 2.5316464 | CH75: 0.10149218 | CI75: 0 | CJ75: 33.212689 | CK75: 59.544075 | CL75: 25.316464 | CM75: 1.0149218 | CN75: 0 | CO75: 33.212689 | CP75: 42.428674 | CQ75: 35.845827 | CR75: 2.5316464 | CS75: 0.10149218 | CT75: 0 | CU75: 33.212689 | CV75: =IF(BS75<0,1.1,BS75) -> 135.5041
A76: 38 | B76: Ethanol | C76: C2H5OH | D76: 2 | E76: 6 | F76: 1 | G76: 46.06744 | H76: 12 | I76: Categories-Category_2 | J76: 1.145 | K76: 500 | L76: 100 | N76: FormicAcid/CO | O76: 0 | P76: 0.16666667 | Q76: 0.0325 | R76: 77.5 | S76: 170 | T76: 100 | U76: 1812.1302 | V76: 20 | W76: 0.95 | X76: 1 | Y76: 42740.544 | Z76: 2.1370272e+08 | AA76: 2.4468962e+08 | AB76: 244689.62 | AC76: 0 | AD76: 2214.8726 | AE76: 664461.78 | AF76: 664461.78 | AG76: 30.610053 | AH76: 58.485926 | AI76: 58.485926 | AJ76: 7952.4125 | AK76: 854.70085 | AL76: Nanofiltration | AM76: 4532.6593 | AN76: 476.97498 | AO76: 9942.6075 | AP76: 13816.748 | AQ76: 3874.1402 | AR76: 0.011968202 | AS76: 259.79741 | AT76: 148.07747 | AU76: 15.582298 | AV76: 324.8151 | AW76: 451.3794 | AX76: 126.56431 | AY76: 1.910677 | AZ76: CoumaricAcid | BA76: =VLOOKUP($AZ76,Sheet1!$A$2:$B$58,2,FALSE) -> Coumaric Acid | BB76: C9H7O3 | BC76: 9 | BD76: 26.7 | BE76: 0 | BF76: 163.14818 | BG76: =VLOOKUP($AZ76,Sheet1!$A$2:$C$58,3,FALSE) -> 4.1111111 | BH76: 346 | BI76: Ethanol | BJ76: -0.088355891 | BK76: 0.23061511 | BL76: 0.81672514 | BM76: 100 | BN76: -0.6881965 | BO76: 552.66991 | BP76: 154.96561 | BQ76: 2.4277929 | BR76: 412.7248 | BS76: 139.94511 | BT76: 1.037768 | BU76: 2.2088973 | BV76: 33.665494 | BW76: 0 | BX76: 0 | BY76: 3.8580885 | BZ76: 60.336924 | CA76: 25.787872 | CB76: 0.88355891 | CC76: 0 | CD76: 33.665494 | CE76: 43.000494 | CF76: 36.332637 | CG76: 2.5787872 | CH76: 0.088355891 | CI76: 0 | CJ76: 33.665494 | CK76: 60.336924 | CL76: 25.787872 | CM76: 0.88355891 | CN76: 0 | CO76: 33.665494 | CP76: 43.000494 | CQ76: 36.332637 | CR76: 2.5787872 | CS76: 0.088355891 | CT76: 0 | CU76: 33.665494 | CV76: =IF(BS76<0,1.1,BS76) -> 139.94511
A77: 57 | B77: Ethanol | C77: C2H5OH | D77: 2 | E77: 6 | F77: 1 | G77: 46.06744 | H77: 12 | I77: Categories-Category_2 | J77: 1.145 | K77: 500 | L77: 100 | N77: FormicAcid/CO | O77: 0 | P77: 0.16666667 | Q77: 0.0325 | R77: 77.5 | S77: 170 | T77: 100 | U77: 1812.1302 | V77: 20 | W77: 0.95 | X77: 1 | Y77: 15514.011 | Z77: 77570057 | AA77: 88817715 | AB77: 88817.715 | AC77: 0 | AD77: 803.95698 | AE77: 241187.09 | AF77: 241187.09 | AG77: 11.110872 | AH77: 21.229288 | AI77: 21.229288 | AJ77: 2886.5757 | AK77: 854.70085 | AL77: Nanofiltration | AM77: 1645.2698 | AN77: 173.13292 | AO77: 3608.979 | AP77: 5559.6793 | AQ77: 1950.7004 | AR77: 0.011968202 | AS77: 259.79741 | AT77: 148.07747 | AU77: 15.582298 | AV77: 324.8151 | AW77: 500.38191 | AX77: 175.56681 | AY77: 1.910677 | AZ77: Malate_L | BA77: =VLOOKUP($AZ77,Sheet1!$A$2:$B$58,2,FALSE) -> L-Malate | BB77: C4H4O5 | BC77: 4 | BD77: 30.68 | BE77: 0 | BF77: 132.06916 | BG77: =VLOOKUP($AZ77,Sheet1!$A$2:$C$58,3,FALSE) -> 2.5 | BI77: N_Propanol | BJ77: -0.3565083 | BK77: 1.0238356 | BL77: 2.2500484 | BM77: 100 | BN77: -0.33806211 | BO77: 222.38717 | BP77: 78.028015 | BQ77: 1.2056798 | BR77: 204.96557 | BS77: 17.421604 | BT77: 2.0476712 | BU77: 8.9127075 | BV77: 17.565092 | BW77: 0 | BX77: 0 | BY77: 3.8580885 | BZ77: 30.490686 | CA77: 9.3605111 | CB77: 3.565083 | CC77: 0 | CD77: 17.565092 | CE77: 22.08905 | CF77: 18.857652 | CG77: 0.93605111 | CH77: 0.3565083 | CI77: 0 | CJ77: 17.565092 | CK77: 30.490686 | CL77: 9.3605111 | CM77: 3.565083 | CN77: 0 | CO77: 17.565092 | CP77: 22.08905 | CQ77: 18.857652 | CR77: 0.93605111 | CS77: 0.3565083 | CT77: 0 | CU77: 17.565092 | CV77: =IF(BS77<0,1.1,BS77) -> 17.421604
A78: 58 | B78: Ethanol | C78: C2H5OH | D78: 2 | E78: 6 | F78: 1 | G78: 46.06744 | H78: 12 | I78: Categories-Category_2 | J78: 1.145 | K78: 500 | L78: 100 | N78: FormicAcid/CO | O78: 0 | P78: 0.16666667 | Q78: 0.0325 | R78: 77.5 | S78: 170 | T78: 100 | U78: 1812.1302 | V78: 20 | W78: 0.95 | X78: 1 | Y78: 15678.012 | Z78: 78390058 | AA78: 89756616 | AB78: 89756.616 | AC78: 0 | AD78: 812.45569 | AE78: 243736.71 | AF78: 243736.71 | AG78: 11.228326 | AH78: 21.453705 | AI78: 21.453705 | AJ78: 2917.09 | AK78: 854.70085 | AL78: Nanofiltration | AM78: 1662.6621 | AN78: 174.96313 | AO78: 3647.1298 | AP78: 5609.4161 | AQ78: 1962.2863 | AR78: 0.011968202 | AS78: 259.79741 | AT78: 148.07747 | AU78: 15.582298 | AV78: 324.8151 | AW78: 499.57724 | AX78: 174.76214 | AY78: 1.910677 | AZ78: Malonate | BA78: =VLOOKUP($AZ78,Sheet1!$A$2:$B$58,2,FALSE) -> Malonate | BB78: C3H2O4 | BC78: 3 | BD78: 30.68 | BE78: 0 | BF78: 102.04378 | BG78: =VLOOKUP($AZ78,Sheet1!$A$2:$C$58,3,FALSE) -> 2 | BH78: 199 | BI78: N_Propanol | BJ78: -0.3071048 | BK78: 1.3112281 | BL78: 2.2265117 | BM78: 100 | BN78: -0.44902993 | BO78: 224.37665 | BP78: 78.491452 | BQ78: 1.165253 | BR78: 198.09301 | BS78: 26.283635 | BT78: 1.9668421 | BU78: 7.6776201 | BV78: 17.164652 | BW78: 0 | BX78: 0 | BY78: 3.8580885 | BZ78: 29.695162 | CA78: 9.4594619 | CB78: 3.071048 | CC78: 0 | CD78: 17.164652 | CE78: 21.55033 | CF78: 18.417703 | CG78: 0.94594619 | CH78: 0.3071048 | CI78: 0 | CJ78: 17.164652 | CK78: 29.695162 | CL78: 9.4594619 | CM78: 3.071048 | CN78: 0 | CO78: 17.164652 | CP78: 21.55033 | CQ78: 18.417703 | CR78: 0.94594619 | CS78: 0.3071048 | CT78: 0 | CU78: 17.164652 | CV78: =IF(BS78<0,1.1,BS78) -> 26.283635
A79: 59 | B79: Ethanol | C79: C2H5OH | D79: 2 | E79: 6 | F79: 1 | G79: 46.06744 | H79: 12 | I79: Categories-Category_2 | J79: 1.145 | K79: 500 | L79: 100 | N79: FormicAcid/CO | O79: 0 | P79: 0.16666667 | Q79: 0.0325 | R79: 77.5 | S79: 170 | T79: 100 | U79: 1812.1302 | V79: 20 | W79: 0.95 | X79: 1 | Y79: 16151.09 | Z79: 80755448 | AA79: 92464987 | AB79: 92464.987 | AC79: 0 | AD79: 836.97123 | AE79: 251091.37 | AF79: 251091.37 | AG79: 11.567137 | AH79: 22.101062 | AI79: 22.101062 | AJ79: 3005.1121 | AK79: 854.70085 | AL79: Nanofiltration | AM79: 1712.8323 | AN79: 180.24257 | AO79: 3757.1806 | AP79: 5752.8878 | AQ79: 1995.7073 | AR79: 0.011968202 | AS79: 259.79741 | AT79: 148.07747 | AU79: 15.582298 | AV79: 324.8151 | AW79: 497.34762 | AX79: 172.53252 | AY79: 1.910677 | AZ79: Glutamate_L | BA79: =VLOOKUP($AZ79,Sheet1!$A$2:$B$58,2,FALSE) -> L-Glutamate | BB79: C5H8NO4 | BC79: 5 | BD79: 30.68 | BE79: 0 | BF79: 146.11892 | BG79: =VLOOKUP($AZ79,Sheet1!$A$2:$C$58,3,FALSE) -> 3.4 | BH79: 333.8 | BI79: N_Propanol | BJ79: -0.48943867 | BK79: 0.88888889 | BL79: 2.1612955 | BM79: 100 | BN79: -0.12318733 | BO79: 230.11551 | BP79: 79.82829 | BQ79: 1.3734812 | BR79: 233.4918 | BS79: -3.3762836 | BT79: 2.2222222 | BU79: 12.235967 | BV79: 19.590326 | BW79: 0 | BX79: 0 | BY79: 3.8580885 | BZ79: 34.229611 | CA79: 9.7448976 | CB79: 4.8943867 | CC79: 0 | CD79: 19.590326 | CE79: 24.714076 | CF79: 21.054255 | CG79: 0.97448976 | CH79: 0.48943867 | CI79: 0 | CJ79: 19.590326 | CK79: 34.229611 | CL79: 9.7448976 | CM79: 4.8943867 | CN79: 0 | CO79: 19.590326 | CP79: 24.714076 | CQ79: 21.054255 | CR79: 0.97448976 | CS79: 0.48943867 | CT79: 0 | CU79: 19.590326 | CV79: =IF(BS79<0,1.1,BS79) -> 1.1
A80: 60 | B80: Ethanol | C80: C2H5OH | D80: 2 | E80: 6 | F80: 1 | G80: 46.06744 | H80: 12 | I80: Categories-Category_2 | J80: 1.145 | K80: 500 | L80: 100 | N80: FormicAcid/CO | O80: 0 | P80: 0.16666667 | Q80: 0.0325 | R80: 77.5 | S80: 170 | T80: 100 | U80: 1812.1302 | V80: 20 | W80: 0.95 | X80: 1 | Y80: 17149.653 | Z80: 85748264 | AA80: 98181762 | AB80: 98181.762 | AC80: 0 | AD80: 888.71812 | AE80: 266615.44 | AF80: 266615.44 | AG80: 12.282291 | AH80: 23.467491 | AI80: 23.467491 | AJ80: 3190.9073 | AK80: 854.70085 | AL80: Nanofiltration | AM80: 1818.7305 | AN80: 191.38632 | AO80: 3989.4734 | AP80: 6055.725 | AQ80: 2066.2515 | AR80: 0.011968202 | AS80: 259.79741 | AT80: 148.07747 | AU80: 15.582298 | AV80: 324.8151 | AW80: 493.04524 | AX80: 168.23015 | AY80: 1.910677 | AZ80: Citrate | BA80: =VLOOKUP($AZ80,Sheet1!$A$2:$B$58,2,FALSE) -> Citrate | BB80: C6H5O7 | BC80: 6 | BD80: 30.68 | BE80: 0 | BF80: 189.0964 | BG80: =VLOOKUP($AZ80,Sheet1!$A$2:$C$58,3,FALSE) -> 2.5 | BI80: N_Propanol | BJ80: -0.31705599 | BK80: 0.64687023 | BL80: 2.0354509 | BM80: 100 | BN80: -0.41571567 | BO80: 242.229 | BP80: 82.650062 | BQ80: 1.2557556 | BR80: 213.47846 | BS80: 28.750543 | BT80: 1.9406107 | BU80: 7.9263998 | BV80: 18.56777 | BW80: 0 | BX80: 0 | BY80: 3.8580885 | BZ80: 32.085719 | CA80: 10.347389 | CB80: 3.1705599 | CC80: 0 | CD80: 18.56777 | CE80: 23.299052 | CF80: 19.919565 | CG80: 1.0347389 | CH80: 0.31705599 | CI80: 0 | CJ80: 18.56777 | CK80: 32.085719 | CL80: 10.347389 | CM80: 3.1705599 | CN80: 0 | CO80: 18.56777 | CP80: 23.299052 | CQ80: 19.919565 | CR80: 1.0347389 | CS80: 0.31705599 | CT80: 0 | CU80: 18.56777 | CV80: =IF(BS80<0,1.1,BS80) -> 28.750543
A81: 61 | B81: Ethanol | C81: C2H5OH | D81: 2 | E81: 6 | F81: 1 | G81: 46.06744 | H81: 12 | I81: Categories-Category_2 | J81: 1.145 | K81: 500 | L81: 100 | N81: FormicAcid/CO | O81: 0 | P81: 0.16666667 | Q81: 0.0325 | R81: 77.5 | S81: 170 | T81: 100 | U81: 1812.1302 | V81: 20 | W81: 0.95 | X81: 1 | Y81: 17494.997 | Z81: 87474984 | AA81: 1.0015886e+08 | AB81: 100158.86 | AC81: 0 | AD81: 906.61432 | AE81: 271984.3 | AF81: 271984.3 | AG81: 12.52962 | AH81: 23.940058 | AI81: 23.940058 | AJ81: 3255.1629 | AK81: 854.70085 | AL81: Nanofiltration | AM81: 1855.3545 | AN81: 195.24028 | AO81: 4069.8098 | AP81: 6160.4585 | AQ81: 2090.6487 | AR81: 0.011968202 | AS81: 259.79741 | AT81: 148.07747 | AU81: 15.582298 | AV81: 324.8151 | AW81: 491.6716 | AX81: 166.85651 | AY81: 1.910677 | AZ81: Glycolate | BA81: =VLOOKUP($AZ81,Sheet1!$A$2:$B$58,2,FALSE) -> Glycolate | BB81: C2H3O3 | BC81: 2 | BD81: 30.68 | BE81: 0 | BF81: 75.04192 | BG81: =VLOOKUP($AZ81,Sheet1!$A$2:$C$58,3,FALSE) -> 2.5 | BH81: 112 | BI81: N_Propanol | BJ81: -0.14760118 | BK81: 1.5978571 | BL81: 1.995272 | BM81: 100 | BN81: -0.53375025 | BO81: 246.41834 | BP81: 83.625946 | BQ81: 1.1052035 | BR81: 187.88459 | BS81: 58.533745 | BT81: 1.5978571 | BU81: 3.6900296 | BV81: 17.003374 | BW81: 0 | BX81: 0 | BY81: 3.8580885 | BZ81: 29.035141 | CA81: 10.555756 | CB81: 1.4760118 | CC81: 0 | CD81: 17.003374 | CE81: 21.214493 | CF81: 18.206551 | CG81: 1.0555756 | CH81: 0.14760118 | CI81: 0 | CJ81: 17.003374 | CK81: 29.035141 | CL81: 10.555756 | CM81: 1.4760118 | CN81: 0 | CO81: 17.003374 | CP81: 21.214493 | CQ81: 18.206551 | CR81: 1.0555756 | CS81: 0.14760118 | CT81: 0 | CU81: 17.003374 | CV81: =IF(BS81<0,1.1,BS81) -> 58.533745
A82: 62 | B82: Ethanol | C82: C2H5OH | D82: 2 | E82: 6 | F82: 1 | G82: 46.06744 | H82: 12 | I82: Categories-Category_2 | J82: 1.145 | K82: 500 | L82: 100 | N82: FormicAcid/CO | O82: 0 | P82: 0.16666667 | Q82: 0.0325 | R82: 77.5 | S82: 170 | T82: 100 | U82: 1812.1302 | V82: 20 | W82: 0.95 | X82: 1 | Y82: 18756.925 | Z82: 93784625 | AA82: 1.073834e+08 | AB82: 107383.4 | AC82: 0 | AD82: 972.00914 | AE82: 291602.74 | AF82: 291602.74 | AG82: 13.433392 | AH82: 25.666873 | AI82: 25.666873 | AJ82: 3489.9604 | AK82: 854.70085 | AL82: Nanofiltration | AM82: 1989.1827 | AN82: 209.32312 | AO82: 4363.3685 | AP82: 6543.167 | AQ82: 2179.7986 | AR82: 0.011968202 | AS82: 259.79741 | AT82: 148.07747 | AU82: 15.582298 | AV82: 324.8151 | AW82: 487.08227 | AX82: 162.26718 | AY82: 1.910677 | AZ82: Succinate | BA82: =VLOOKUP($AZ82,Sheet1!$A$2:$B$58,2,FALSE) -> Succinate | BB82: C4H4O4 | BC82: 4 | BD82: 30.68 | BE82: 0 | BF82: 116.07016 | BG82: =VLOOKUP($AZ82,Sheet1!$A$2:$C$58,3,FALSE) -> 3 | BH82: 235 | BI82: N_Propanol | BJ82: -0.33613485 | BK82: 0.96354839 | BL82: 1.8610341 | BM82: 100 | BN82: -0.32262906 | BO82: 261.72668 | BP82: 87.191942 | BQ82: 1.3628098 | BR82: 231.67766 | BS82: 30.049018 | BT82: 1.9270968 | BU82: 8.4033713 | BV82: 20.19071 | BW82: 0 | BX82: 0 | BY82: 3.8580885 | BZ82: 34.869209 | CA82: 11.317151 | CB82: 3.3613485 | CC82: 0 | CD82: 20.19071 | CE82: 25.328185 | CF82: 21.65856 | CG82: 1.1317151 | CH82: 0.33613485 | CI82: 0 | CJ82: 20.19071 | CK82: 34.869209 | CL82: 11.317151 | CM82: 3.3613485 | CN82: 0 | CO82: 20.19071 | CP82: 25.328185 | CQ82: 21.65856 | CR82: 1.1317151 | CS82: 0.33613485 | CT82: 0 | CU82: 20.19071 | CV82: =IF(BS82<0,1.1,BS82) -> 30.049018
A83: 70 | B83: Ethanol | C83: C2H5OH | D83: 2 | E83: 6 | F83: 1 | G83: 46.06744 | H83: 12 | I83: Categories-Category_2 | J83: 1.145 | K83: 500 | L83: 100 | N83: FormicAcid/CO | O83: 0 | P83: 0.16666667 | Q83: 0.0325 | R83: 77.5 | S83: 170 | T83: 100 | U83: 1812.1302 | V83: 20 | W83: 0.95 | X83: 1 | Y83: 24739.62 | Z83: 1.236981e+08 | AA83: 1.4163433e+08 | AB83: 141634.33 | AC83: 0 | AD83: 1282.0405 | AE83: 384612.14 | AF83: 384612.14 | AG83: 17.718097 | AH83: 33.853561 | AI83: 33.853561 | AJ83: 4603.1156 | AK83: 854.70085 | AL83: Nanofiltration | AM83: 2623.651 | AN83: 276.08867 | AO83: 5755.1053 | AP83: 8357.5561 | AQ83: 2602.4508 | AR83: 0.011968202 | AS83: 259.79741 | AT83: 148.07747 | AU83: 15.582298 | AV83: 324.8151 | AW83: 471.69604 | AX83: 146.88094 | AY83: 1.910677 | AZ83: Itaconate | BA83: =VLOOKUP($AZ83,Sheet1!$A$2:$B$58,2,FALSE) -> Itaconate | BB83: C5H4O4 | BC83: 5 | BD83: 30.68 | BE83: 0 | BF83: 128.08086 | BG83: =VLOOKUP($AZ83,Sheet1!$A$2:$C$58,3,FALSE) -> 3.2 | BH83: 381 | BI83: N_Propanol | BJ83: -0.16097898 | BK83: 0.66203125 | BL83: 1.4109868 | BM83: 100 | BN83: -0.57395298 | BO83: 334.30224 | BP83: 104.09803 | BQ83: 1.5151214 | BR83: 257.57064 | BS83: 76.731603 | BT83: 1.6550781 | BU83: 4.0244746 | BV83: 23.518137 | BW83: 0 | BX83: 0 | BY83: 3.8580885 | BZ83: 40.054788 | CA83: 14.926861 | CB83: 1.6097898 | CC83: 0 | CD83: 23.518137 | CE83: 29.305965 | CF83: 25.171802 | CG83: 1.4926861 | CH83: 0.16097898 | CI83: 0 | CJ83: 23.518137 | CK83: 40.054788 | CL83: 14.926861 | CM83: 1.6097898 | CN83: 0 | CO83: 23.518137 | CP83: 29.305965 | CQ83: 25.171802 | CR83: 1.4926861 | CS83: 0.16097898 | CT83: 0 | CU83: 23.518137 | CV83: =IF(BS83<0,1.1,BS83) -> 76.731603
A84: 73 | B84: Ethanol | C84: C2H5OH | D84: 2 | E84: 6 | F84: 1 | G84: 46.06744 | H84: 12 | I84: Categories-Category_2 | J84: 1.145 | K84: 500 | L84: 100 | N84: FormicAcid/CO | O84: 0 | P84: 0.16666667 | Q84: 0.0325 | R84: 77.5 | S84: 170 | T84: 100 | U84: 1812.1302 | V84: 20 | W84: 0.95 | X84: 1 | Y84: 26071.162 | Z84: 1.3035581e+08 | AA84: 1.492574e+08 | AB84: 149257.4 | AC84: 0 | AD84: 1351.0428 | AE84: 405312.83 | AF84: 405312.83 | AG84: 18.671724 | AH84: 35.675635 | AI84: 35.675635 | AJ84: 4850.8656 | AK84: 854.70085 | AL84: Nanofiltration | AM84: 2764.8617 | AN84: 290.94838 | AO84: 6064.8579 | AP84: 8761.3765 | AQ84: 2696.5186 | AR84: 0.011968202 | AS84: 259.79741 | AT84: 148.07747 | AU84: 15.582298 | AV84: 324.8151 | AW84: 469.23232 | AX84: 144.41722 | AY84: 1.910677 | AZ84: Acrylate-PW2 | BA84: =VLOOKUP($AZ84,Sheet1!$A$2:$B$58,2,FALSE) -> Acrylate (PW2) | BB84: C3H3O2 | BC84: 3 | BD84: 30.68 | BE84: 0 | BF84: 71.05362 | BG84: =VLOOKUP($AZ84,Sheet1!$A$2:$C$58,3,FALSE) -> 3.6666667 | BH84: 80 | BI84: N_Propanol | BJ84: -0.21729251 | BK84: 1.1324242 | BL84: 1.3389229 | BM84: 100 | BN84: -0.43855365 | BO84: 350.45506 | BP84: 107.86074 | BQ84: 1.6443179 | BR84: 279.53404 | BS84: 70.921017 | BT84: 1.6986364 | BU84: 5.4323127 | BV84: 25.309179 | BW84: 0 | BX84: 0 | BY84: 3.8580885 | BZ84: 43.212362 | CA84: 15.730258 | CB84: 2.1729251 | CC84: 0 | CD84: 25.309179 | CE84: 31.575293 | CF84: 27.099498 | CG84: 1.5730258 | CH84: 0.21729251 | CI84: 0 | CJ84: 25.309179 | CK84: 43.212362 | CL84: 15.730258 | CM84: 2.1729251 | CN84: 0 | CO84: 25.309179 | CP84: 31.575293 | CQ84: 27.099498 | CR84: 1.5730258 | CS84: 0.21729251 | CT84: 0 | CU84: 25.309179 | CV84: =IF(BS84<0,1.1,BS84) -> 70.921017
A85: 74 | B85: Ethanol | C85: C2H5OH | D85: 2 | E85: 6 | F85: 1 | G85: 46.06744 | H85: 12 | I85: Categories-Category_2 | J85: 1.145 | K85: 500 | L85: 100 | N85: FormicAcid/CO | O85: 0 | P85: 0.16666667 | Q85: 0.0325 | R85: 77.5 | S85: 170 | T85: 100 | U85: 1812.1302 | V85: 20 | W85: 0.95 | X85: 1 | Y85: 27342.194 | Z85: 1.3671097e+08 | AA85: 1.5653406e+08 | AB85: 156534.06 | AC85: 0 | AD85: 1416.9093 | AE85: 425072.8 | AF85: 425072.8 | AG85: 19.582016 | AH85: 37.414908 | AI85: 37.414908 | AJ85: 5087.3569 | AK85: 854.70085 | AL85: Nanofiltration | AM85: 2899.6554 | AN85: 305.13281 | AO85: 6360.5343 | AP85: 9146.846 | AQ85: 2786.3116 | AR85: 0.011968202 | AS85: 259.79741 | AT85: 148.07747 | AU85: 15.582298 | AV85: 324.8151 | AW85: 467.10441 | AX85: 142.28932 | AY85: 1.910677 | AZ85: Shikimate | BA85: =VLOOKUP($AZ85,Sheet1!$A$2:$B$58,2,FALSE) -> Shikimate | BB85: C7H9O5 | BC85: 7 | BD85: 30.68 | BE85: 0 | BF85: 173.14046 | BG85: =VLOOKUP($AZ85,Sheet1!$A$2:$C$58,3,FALSE) -> 3.8571429 | BH85: 400.5 | BI85: N_Propanol | BJ85: -0.058428248 | BK85: 0.44312253 | BL85: 1.2766816 | BM85: 100 | BN85: -0.58314822 | BO85: 365.87384 | BP85: 111.45246 | BQ85: 1.5550246 | BR85: 264.35418 | BS85: 101.51966 | BT85: 1.5509289 | BU85: 1.4607062 | BV85: 24.675111 | BW85: 0 | BX85: 0 | BY85: 3.8580885 | BZ85: 41.756539 | CA85: 16.497146 | CB85: 0.58428248 | CC85: 0 | CD85: 24.675111 | CE85: 30.653611 | CF85: 26.383254 | CG85: 1.6497146 | CH85: 0.058428248 | CI85: 0 | CJ85: 24.675111 | CK85: 41.756539 | CL85: 16.497146 | CM85: 0.58428248 | CN85: 0 | CO85: 24.675111 | CP85: 30.653611 | CQ85: 26.383254 | CR85: 1.6497146 | CS85: 0.058428248 | CT85: 0 | CU85: 24.675111 | CV85: =IF(BS85<0,1.1,BS85) -> 101.51966
A86: 110 | B86: Acetaldehyde | C86: C2H4O | D86: 2 | E86: 4 | F86: 1 | G86: 44.05176 | H86: 10 | I86: Categories-Category_2 | J86: 1.176 | K86: 500 | L86: 100 | N86: FormicAcid/CO | O86: 0 | P86: 0.2 | Q86: 0.0325 | R86: 77.5 | S86: 170 | T86: 100 | U86: 1812.1302 | V86: 20 | W86: 0.95 | X86: 1 | Y86: 14237.441 | Z86: 71187205 | AA86: 83716153 | AB86: 83716.153 | AC86: 0 | AD86: 737.80339 | AE86: 265609.22 | AF86: 265609.22 | AG86: 11.700554 | AH86: 23.378923 | AI86: 23.378923 | AJ86: 2720.775 | AK86: 854.70085 | AL86: Nanofiltration | AM86: 1811.8666 | AN86: 158.88668 | AO86: 3974.417 | AP86: 5546.2291 | AQ86: 1571.8121 | AR86: 0.010243526 | AS86: 232.53387 | AT86: 154.85306 | AU86: 13.579416 | AV86: 339.67769 | AW86: 474.01425 | AX86: 134.33656 | AY86: 1.998104 | AZ86: Malonate | BA86: =VLOOKUP($AZ86,Sheet1!$A$2:$B$58,2,FALSE) -> Malonate | BB86: C3H2O4 | BC86: 3 | BD86: 24.156 | BE86: 0 | BF86: 102.04378 | BG86: =VLOOKUP($AZ86,Sheet1!$A$2:$C$58,3,FALSE) -> 2 | BH86: 199 | BI86: Acetaldehyde | BJ86: -0.35869948 | BK86: 0.92238095 | BL86: 2.136651 | BM86: 100 | BN86: -0.37956316 | BO86: 221.84916 | BP86: 62.872484 | BQ86: 1.2938564 | BR86: 219.95559 | BS86: 1.893572 | BT86: 1.3835714 | BU86: 8.9674871 | BV86: 15.259527 | BW86: 0 | BX86: 0 | BY86: 3.8580885 | BZ86: 29.154859 | CA86: 10.308338 | CB86: 3.5869948 | CC86: 0 | CD86: 15.259527 | CE86: 20.122893 | CF86: 16.64906 | CG86: 1.0308338 | CH86: 0.35869948 | CI86: 0 | CJ86: 15.259527 | CK86: 29.154859 | CL86: 10.308338 | CM86: 3.5869948 | CN86: 0 | CO86: 15.259527 | CP86: 20.122893 | CQ86: 16.64906 | CR86: 1.0308338 | CS86: 0.35869948 | CT86: 0 | CU86: 15.259527 | CV86: =IF(BS86<0,1.1,BS86) -> 1.893572
A87: 111 | B87: Acetaldehyde | C87: C2H4O | D87: 2 | E87: 4 | F87: 1 | G87: 44.05176 | H87: 10 | I87: Categories-Category_2 | J87: 1.176 | K87: 500 | L87: 100 | N87: FormicAcid/CO | O87: 0 | P87: 0.2 | Q87: 0.0325 | R87: 77.5 | S87: 170 | T87: 100 | U87: 1812.1302 | V87: 20 | W87: 0.95 | X87: 1 | Y87: 15128.873 | Z87: 75644363 | AA87: 88957771 | AB87: 88957.771 | AC87: 0 | AD87: 783.99857 | AE87: 282239.49 | AF87: 282239.49 | AG87: 12.433146 | AH87: 24.84272 | AI87: 24.84272 | AJ87: 2891.1276 | AK87: 854.70085 | AL87: Nanofiltration | AM87: 1925.3108 | AN87: 168.83486 | AO87: 4223.2623 | AP87: 5839.974 | AQ87: 1616.7117 | AR87: 0.010243526 | AS87: 232.53387 | AT87: 154.85306 | AU87: 13.579416 | AV87: 339.67769 | AW87: 469.71008 | AX87: 130.03239 | AY87: 1.998104 | AZ87: Glycolate | BA87: =VLOOKUP($AZ87,Sheet1!$A$2:$B$58,2,FALSE) -> Glycolate | BB87: C2H3O3 | BC87: 2 | BD87: 24.156 | BE87: 0 | BF87: 75.04192 | BG87: =VLOOKUP($AZ87,Sheet1!$A$2:$C$58,3,FALSE) -> 2.5 | BH87: 112 | BI87: Acetaldehyde | BJ87: -0.17923562 | BK87: 1.1803704 | BL87: 2.0107541 | BM87: 100 | BN87: -0.37013095 | BO87: 233.59896 | BP87: 64.668469 | BQ87: 1.1729444 | BR87: 199.40055 | BS87: 34.198413 | BT87: 1.1803704 | BU87: 4.4808905 | BV87: 13.989137 | BW87: 0 | BX87: 0 | BY87: 3.8580885 | BZ87: 26.735254 | CA87: 10.953761 | CB87: 1.7923562 | CC87: 0 | CD87: 13.989137 | CE87: 18.450278 | CF87: 15.263749 | CG87: 1.0953761 | CH87: 0.17923562 | CI87: 0 | CJ87: 13.989137 | CK87: 26.735254 | CL87: 10.953761 | CM87: 1.7923562 | CN87: 0 | CO87: 13.989137 | CP87: 18.450278 | CQ87: 15.263749 | CR87: 1.0953761 | CS87: 0.17923562 | CT87: 0 | CU87: 13.989137 | CV87: =IF(BS87<0,1.1,BS87) -> 34.198413
A88: 112 | B88: Acetaldehyde | C88: C2H4O | D88: 2 | E88: 4 | F88: 1 | G88: 44.05176 | H88: 10 | I88: Categories-Category_2 | J88: 1.176 | K88: 500 | L88: 100 | N88: FormicAcid/CO | O88: 0 | P88: 0.2 | Q88: 0.0325 | R88: 77.5 | S88: 170 | T88: 100 | U88: 1812.1302 | V88: 20 | W88: 0.95 | X88: 1 | Y88: 15441.805 | Z88: 77209023 | AA88: 90797811 | AB88: 90797.811 | AC88: 0 | AD88: 800.21513 | AE88: 288077.45 | AF88: 288077.45 | AG88: 12.690319 | AH88: 25.356577 | AI88: 25.356577 | AJ88: 2950.9289 | AK88: 854.70085 | AL88: Nanofiltration | AM88: 1965.1347 | AN88: 172.32711 | AO88: 4310.6181 | AP88: 5943.0915 | AQ88: 1632.4735 | AR88: 0.010243526 | AS88: 232.53387 | AT88: 154.85306 | AU88: 13.579416 | AV88: 339.67769 | AW88: 468.31697 | AX88: 128.63928 | AY88: 1.998104 | AZ88: Malate_L | BA88: =VLOOKUP($AZ88,Sheet1!$A$2:$B$58,2,FALSE) -> L-Malate | BB88: C4H4O5 | BC88: 4 | BD88: 24.156 | BE88: 0 | BF88: 132.06916 | BG88: =VLOOKUP($AZ88,Sheet1!$A$2:$C$58,3,FALSE) -> 2.5 | BI88: Acetaldehyde | BJ88: -0.31867491 | BK88: 0.65709677 | BL88: 1.9700057 | BM88: 100 | BN88: -0.31610459 | BO88: 237.72366 | BP88: 65.298939 | BQ88: 1.332938 | BR88: 226.59946 | BS88: 11.124203 | BT88: 1.3141935 | BU88: 7.9668728 | BV88: 15.774682 | BW88: 0 | BX88: 0 | BY88: 3.8580885 | BZ88: 30.141764 | CA88: 11.180333 | CB88: 3.1867491 | CC88: 0 | CD88: 15.774682 | CE88: 20.803161 | CF88: 17.21139 | CG88: 1.1180333 | CH88: 0.31867491 | CI88: 0 | CJ88: 15.774682 | CK88: 30.141764 | CL88: 11.180333 | CM88: 3.1867491 | CN88: 0 | CO88: 15.774682 | CP88: 20.803161 | CQ88: 17.21139 | CR88: 1.1180333 | CS88: 0.31867491 | CT88: 0 | CU88: 15.774682 | CV88: =IF(BS88<0,1.1,BS88) -> 11.124203
A89: 113 | B89: Acetaldehyde | C89: C2H4O | D89: 2 | E89: 4 | F89: 1 | G89: 44.05176 | H89: 10 | I89: Categories-Category_2 | J89: 1.176 | K89: 500 | L89: 100 | N89: FormicAcid/CO | O89: 0 | P89: 0.2 | Q89: 0.0325 | R89: 77.5 | S89: 170 | T89: 100 | U89: 1812.1302 | V89: 20 | W89: 0.95 | X89: 1 | Y89: 15829.453 | Z89: 79147265 | AA89: 93077184 | AB89: 93077.184 | AC89: 0 | AD89: 820.30359 | AE89: 295309.29 | AF89: 295309.29 | AG89: 13.008894 | AH89: 25.993124 | AI89: 25.993124 | AJ89: 3025.0085 | AK89: 854.70085 | AL89: Nanofiltration | AM89: 2014.4671 | AN89: 176.65318 | AO89: 4418.8311 | AP89: 6070.8296 | AQ89: 1651.9985 | AR89: 0.010243526 | AS89: 232.53387 | AT89: 154.85306 | AU89: 13.579416 | AV89: 339.67769 | AW89: 466.66762 | AX89: 126.98993 | AY89: 1.998104 | AZ89: Citrate | BA89: =VLOOKUP($AZ89,Sheet1!$A$2:$B$58,2,FALSE) -> Citrate | BB89: C6H5O7 | BC89: 6 | BD89: 24.156 | BE89: 0 | BF89: 189.0964 | BG89: =VLOOKUP($AZ89,Sheet1!$A$2:$C$58,3,FALSE) -> 2.5 | BI89: Acetaldehyde | BJ89: -0.35670564 | BK89: 0.44769231 | BL89: 1.9217621 | BM89: 100 | BN89: -0.31039278 | BO89: 242.83319 | BP89: 66.079942 | BQ89: 1.3964306 | BR89: 237.3932 | BS89: 5.4399828 | BT89: 1.3430769 | BU89: 8.917641 | BV89: 16.501719 | BW89: 0 | BX89: 0 | BY89: 3.8580885 | BZ89: 31.529778 | CA89: 11.461003 | CB89: 3.5670564 | CC89: 0 | CD89: 16.501719 | CE89: 21.76154 | CF89: 18.004525 | CG89: 1.1461003 | CH89: 0.35670564 | CI89: 0 | CJ89: 16.501719 | CK89: 31.529778 | CL89: 11.461003 | CM89: 3.5670564 | CN89: 0 | CO89: 16.501719 | CP89: 21.76154 | CQ89: 18.004525 | CR89: 1.1461003 | CS89: 0.35670564 | CT89: 0 | CU89: 16.501719 | CV89: =IF(BS89<0,1.1,BS89) -> 5.4399828
A90: 114 | B90: Acetaldehyde | C90: C2H4O | D90: 2 | E90: 4 | F90: 1 | G90: 44.05176 | H90: 10 | I90: Categories-Category_2 | J90: 1.176 | K90: 500 | L90: 100 | N90: FormicAcid/CO | O90: 0 | P90: 0.2 | Q90: 0.0325 | R90: 77.5 | S90: 170 | T90: 100 | U90: 1812.1302 | V90: 20 | W90: 0.95 | X90: 1 | Y90: 18703.855 | Z90: 93519276 | AA90: 1.0997867e+08 | AB90: 109978.67 | AC90: 0 | AD90: 969.25899 | AE90: 348933.23 | AF90: 348933.23 | AG90: 15.371123 | AH90: 30.713103 | AI90: 30.713103 | AJ90: 3574.3067 | AK90: 854.70085 | AL90: Nanofiltration | AM90: 2380.2655 | AN90: 208.73087 | AO90: 5221.2276 | AP90: 7018.004 | AQ90: 1796.7764 | AR90: 0.010243526 | AS90: 232.53387 | AT90: 154.85306 | AU90: 13.579416 | AV90: 339.67769 | AW90: 456.57067 | AX90: 116.89298 | AY90: 1.998104 | AZ90: Succinate | BA90: =VLOOKUP($AZ90,Sheet1!$A$2:$B$58,2,FALSE) -> Succinate | BB90: C4H4O4 | BC90: 4 | BD90: 24.156 | BE90: 0 | BF90: 116.07016 | BG90: =VLOOKUP($AZ90,Sheet1!$A$2:$C$58,3,FALSE) -> 3 | BH90: 235 | BI90: Acetaldehyde | BJ90: -0.28814475 | BK90: 0.61727273 | BL90: 1.6264264 | BM90: 100 | BN90: -0.28950039 | BO90: 280.72016 | BP90: 71.871056 | BQ90: 1.5166689 | BR90: 257.83371 | BS90: 22.886448 | BT90: 1.2345455 | BU90: 7.2036188 | BV90: 18.028445 | BW90: 0 | BX90: 0 | BY90: 3.8580885 | BZ90: 34.452049 | CA90: 13.542157 | CB90: 2.8814475 | CC90: 0 | CD90: 18.028445 | CE90: 23.776707 | CF90: 19.670806 | CG90: 1.3542157 | CH90: 0.28814475 | CI90: 0 | CJ90: 18.028445 | CK90: 34.452049 | CL90: 13.542157 | CM90: 2.8814475 | CN90: 0 | CO90: 18.028445 | CP90: 23.776707 | CQ90: 19.670806 | CR90: 1.3542157 | CS90: 0.28814475 | CT90: 0 | CU90: 18.028445 | CV90: =IF(BS90<0,1.1,BS90) -> 22.886448
A91: 116 | B91: Acetaldehyde | C91: C2H4O | D91: 2 | E91: 4 | F91: 1 | G91: 44.05176 | H91: 10 | I91: Categories-Category_2 | J91: 1.176 | K91: 500 | L91: 100 | N91: FormicAcid/CO | O91: 0 | P91: 0.2 | Q91: 0.0325 | R91: 77.5 | S91: 170 | T91: 100 | U91: 1812.1302 | V91: 20 | W91: 0.95 | X91: 1 | Y91: 19809.978 | Z91: 99049891 | AA91: 1.1648267e+08 | AB91: 116482.67 | AC91: 0 | AD91: 1026.5798 | AE91: 369568.72 | AF91: 369568.72 | AG91: 16.280152 | AH91: 32.529438 | AI91: 32.529438 | AJ91: 3785.6868 | AK91: 854.70085 | AL91: Nanofiltration | AM91: 2521.0315 | AN91: 221.07496 | AO91: 5530.0045 | AP91: 7382.4941 | AQ91: 1852.4896 | AR91: 0.010243526 | AS91: 232.53387 | AT91: 154.85306 | AU91: 13.579416 | AV91: 339.67769 | AW91: 453.46591 | AX91: 113.78822 | AY91: 1.998104 | AZ91: Glutamate_L | BA91: =VLOOKUP($AZ91,Sheet1!$A$2:$B$58,2,FALSE) -> L-Glutamate | BB91: C5H8NO4 | BC91: 5 | BD91: 24.156 | BE91: 0 | BF91: 146.11892 | BG91: =VLOOKUP($AZ91,Sheet1!$A$2:$C$58,3,FALSE) -> 3.4 | BH91: 333.8 | BI91: Acetaldehyde | BJ91: -0.2047876 | BK91: 0.46295455 | BL91: 1.5356122 | BM91: 100 | BN91: -0.19712123 | BO91: 295.29976 | BP91: 74.099583 | BQ91: 1.5059651 | BR91: 256.01407 | BS91: 39.285691 | BT91: 1.1573864 | BU91: 5.11969 | BV91: 17.987931 | BW91: 0 | BX91: 0 | BY91: 3.8580885 | BZ91: 34.37883 | CA91: 14.343023 | CB91: 2.047876 | CC91: 0 | CD91: 17.987931 | CE91: 23.724745 | CF91: 19.627021 | CG91: 1.4343023 | CH91: 0.2047876 | CI91: 0 | CJ91: 17.987931 | CK91: 34.37883 | CL91: 14.343023 | CM91: 2.047876 | CN91: 0 | CO91: 17.987931 | CP91: 23.724745 | CQ91: 19.627021 | CR91: 1.4343023 | CS91: 0.2047876 | CT91: 0 | CU91: 17.987931 | CV91: =IF(BS91<0,1.1,BS91) -> 39.285691
A92: 123 | B92: Acetaldehyde | C92: C2H4O | D92: 2 | E92: 4 | F92: 1 | G92: 44.05176 | H92: 10 | I92: Categories-Category_2 | J92: 1.176 | K92: 500 | L92: 100 | N92: FormicAcid/CO | O92: 0 | P92: 0.2 | Q92: 0.0325 | R92: 77.5 | S92: 170 | T92: 100 | U92: 1812.1302 | V92: 20 | W92: 0.95 | X92: 1 | Y92: 22599.884 | Z92: 1.1299942e+08 | AA92: 1.3288732e+08 | AB92: 132887.32 | AC92: 0 | AD92: 1171.1565 | AE92: 421616.33 | AF92: 421616.33 | AG92: 18.572941 | AH92: 37.110669 | AI92: 37.110669 | AJ92: 4318.8379 | AK92: 854.70085 | AL92: Nanofiltration | AM92: 2876.0769 | AN92: 252.20969 | AO92: 6308.8138 | AP92: 8301.8253 | AQ92: 1993.0115 | AR92: 0.010243526 | AS92: 232.53387 | AT92: 154.85306 | AU92: 13.579416 | AV92: 339.67769 | AW92: 446.98495 | AX92: 107.30727 | AY92: 1.998104 | AZ92: Itaconate | BA92: =VLOOKUP($AZ92,Sheet1!$A$2:$B$58,2,FALSE) -> Itaconate | BB92: C5H4O4 | BC92: 5 | BD92: 24.156 | BE92: 0 | BF92: 128.08086 | BG92: =VLOOKUP($AZ92,Sheet1!$A$2:$C$58,3,FALSE) -> 3.2 | BH92: 381 | BI92: Acetaldehyde | BJ92: -0.23362853 | BK92: 0.46295455 | BL92: 1.3460442 | BM92: 100 | BN92: -0.22488248 | BO92: 332.07301 | BP92: 79.720461 | BQ92: 1.7180553 | BR92: 292.0694 | BS92: 40.003611 | BT92: 1.1573864 | BU92: 5.8407133 | BV92: 20.521232 | BW92: 0 | BX92: 0 | BY92: 3.8580885 | BZ92: 39.220517 | CA92: 16.362999 | CB92: 2.3362853 | CC92: 0 | CD92: 20.521232 | CE92: 27.065981 | CF92: 22.39116 | CG92: 1.6362999 | CH92: 0.23362853 | CI92: 0 | CJ92: 20.521232 | CK92: 39.220517 | CL92: 16.362999 | CM92: 2.3362853 | CN92: 0 | CO92: 20.521232 | CP92: 27.065981 | CQ92: 22.39116 | CR92: 1.6362999 | CS92: 0.23362853 | CT92: 0 | CU92: 20.521232 | CV92: =IF(BS92<0,1.1,BS92) -> 40.003611
A93: 124 | B93: Acetaldehyde | C93: C2H4O | D93: 2 | E93: 4 | F93: 1 | G93: 44.05176 | H93: 10 | I93: Categories-Category_2 | J93: 1.176 | K93: 500 | L93: 100 | N93: FormicAcid/CO | O93: 0 | P93: 0.2 | Q93: 0.0325 | R93: 77.5 | S93: 170 | T93: 100 | U93: 1812.1302 | V93: 20 | W93: 0.95 | X93: 1 | Y93: 23770.878 | Z93: 1.1885439e+08 | AA93: 1.3977276e+08 | AB93: 139772.76 | AC93: 0 | AD93: 1231.8389 | AE93: 443462.02 | AF93: 443462.02 | AG93: 19.535282 | AH93: 39.033527 | AI93: 39.033527 | AJ93: 4542.6148 | AK93: 1835.3365 | AL93: Distillation | AM93: 3025.0983 | AN93: 265.27772 | AO93: 6635.6996 | AP93: 9668.3274 | AQ93: 3032.6278 | AR93: 0.010243526 | AS93: 232.53387 | AT93: 154.85306 | AU93: 13.579416 | AV93: 339.67769 | AW93: 494.91618 | AX93: 155.23849 | AY93: 1.998104 | AZ93: 2-Pyrone-4-6-Dicarboxylate | BA93: =VLOOKUP($AZ93,Sheet1!$A$2:$B$58,2,FALSE) -> 2-Pyrone-4,6-Dicarboxylate | BB93: C7H2O6 | BC93: 7 | BD93: 24.156 | BE93: 0 | BF93: 182.08458 | BG93: =VLOOKUP($AZ93,Sheet1!$A$2:$C$58,3,FALSE) -> 2.5714286 | BH93: 355.5 | BI93: Acetaldehyde | BJ93: -0.13056496 | BK93: 0.30960674 | BL93: 1.2797358 | BM93: 100 | BN93: -0.54036595 | BO93: 386.7331 | BP93: 121.30511 | BQ93: 1.691906 | BR93: 287.62403 | BS93: 99.109071 | BT93: 1.0836236 | BU93: 3.2641239 | BV93: 20.315003 | BW93: 0 | BX93: 0 | BY93: 3.8580885 | BZ93: 38.831487 | CA93: 17.210834 | CB93: 1.3056496 | CC93: 0 | CD93: 20.315003 | CE93: 26.795773 | CF93: 22.166652 | CG93: 1.7210834 | CH93: 0.13056496 | CI93: 0 | CJ93: 20.315003 | CK93: 38.831487 | CL93: 17.210834 | CM93: 1.3056496 | CN93: 0 | CO93: 20.315003 | CP93: 26.795773 | CQ93: 22.166652 | CR93: 1.7210834 | CS93: 0.13056496 | CT93: 0 | CU93: 20.315003 | CV93: =IF(BS93<0,1.1,BS93) -> 99.109071
A94: 125 | B94: Acetaldehyde | C94: C2H4O | D94: 2 | E94: 4 | F94: 1 | G94: 44.05176 | H94: 10 | I94: Categories-Category_2 | J94: 1.176 | K94: 500 | L94: 100 | N94: FormicAcid/CO | O94: 0 | P94: 0.2 | Q94: 0.0325 | R94: 77.5 | S94: 170 | T94: 100 | U94: 1812.1302 | V94: 20 | W94: 0.95 | X94: 1 | Y94: 26180.24 | Z94: 1.309012e+08 | AA94: 1.5393981e+08 | AB94: 153939.81 | AC94: 0 | AD94: 1356.6953 | AE94: 488410.31 | AF94: 488410.31 | AG94: 21.515334 | AH94: 42.989876 | AI94: 42.989876 | AJ94: 5003.0438 | AK94: 854.70085 | AL94: Nanofiltration | AM94: 3331.7154 | AN94: 292.16566 | AO94: 7308.2788 | AP94: 9481.6257 | AQ94: 2173.3468 | AR94: 0.010243526 | AS94: 232.53387 | AT94: 154.85306 | AU94: 13.579416 | AV94: 339.67769 | AW94: 440.69154 | AX94: 101.01386 | AY94: 1.998104 | AZ94: Acrylate-PW2 | BA94: =VLOOKUP($AZ94,Sheet1!$A$2:$B$58,2,FALSE) -> Acrylate (PW2) | BB94: C3H3O2 | BC94: 3 | BD94: 24.156 | BE94: 0 | BF94: 71.05362 | BG94: =VLOOKUP($AZ94,Sheet1!$A$2:$C$58,3,FALSE) -> 3.6666667 | BH94: 80 | BI94: Acetaldehyde | BJ94: -0.13857913 | BK94: 0.72039216 | BL94: 1.161962 | BM94: 100 | BN94: -0.21182068 | BO94: 379.26503 | BP94: 86.933873 | BQ94: 1.8581742 | BR94: 315.88961 | BS94: 63.375421 | BT94: 1.0805882 | BU94: 3.4644782 | BV94: 22.316549 | BW94: 0 | BX94: 0 | BY94: 3.8580885 | BZ94: 42.657625 | CA94: 18.955285 | CB94: 1.3857913 | CC94: 0 | CD94: 22.316549 | CE94: 29.435926 | CF94: 24.350657 | CG94: 1.8955285 | CH94: 0.13857913 | CI94: 0 | CJ94: 22.316549 | CK94: 42.657625 | CL94: 18.955285 | CM94: 1.3857913 | CN94: 0 | CO94: 22.316549 | CP94: 29.435926 | CQ94: 24.350657 | CR94: 1.8955285 | CS94: 0.13857913 | CT94: 0 | CU94: 22.316549 | CV94: =IF(BS94<0,1.1,BS94) -> 63.375421
A95: 167 | B95: Methanol | C95: CH3OH | D95: 1 | E95: 4 | F95: 1 | G95: 32.04106 | H95: 6 | I95: Categories-Category_2 | J95: 1.213 | K95: 500 | L95: 100 | N95: FormicAcid/CO | O95: 0 | P95: 0.125 | Q95: 0.0325 | R95: 77.5 | S95: 170 | T95: 100 | U95: 1812.1302 | V95: 20 | W95: 0.95 | X95: 1 | Y95: 15646.586 | Z95: 78232931 | AA95: 94896545 | AB95: 94896.545 | AC95: 0 | AD95: 810.82718 | AE95: 486496.31 | AF95: 486496.31 | AG95: 15.587857 | AH95: 16.058027 | AI95: 16.058027 | AJ95: 3084.1377 | AK95: 854.70085 | AL95: Nanofiltration | AM95: 1244.4971 | AN95: 174.61243 | AO95: 2729.8646 | AP95: 5357.9481 | AQ95: 2628.0835 | AR95: 0.0063394884 | AS95: 197.85514 | AT95: 79.837597 | AU95: 11.201823 | AV95: 175.12763 | AW95: 343.72576 | AX95: 168.59812 | AY95: 1.0301625 | AZ95: Malate_L | BA95: =VLOOKUP($AZ95,Sheet1!$A$2:$B$58,2,FALSE) -> L-Malate | BB95: C4H4O5 | BC95: 4 | BD95: 19.93 | BE95: 0 | BF95: 132.06916 | BG95: =VLOOKUP($AZ95,Sheet1!$A$2:$C$58,3,FALSE) -> 2.5 | BI95: Methanol_Formolase | BJ95: -0.47650988 | BK95: 0.38909804 | BL95: 1.6038125 | BM95: 100 | BN95: -0.20718104 | BO95: 214.31792 | BP95: 105.12334 | BQ95: 1.118831 | BR95: 190.20126 | BS95: 24.11666 | BT95: 1.5563922 | BU95: 11.912747 | BV95: 17.679261 | BW95: 0 | BX95: 0 | BY95: 3.8580885 | BZ95: 29.524735 | CA95: 7.0803759 | CB95: 4.7650988 | CC95: 0 | CD95: 17.679261 | CE95: 21.825177 | CF95: 18.863808 | CG95: 0.70803759 | CH95: 0.47650988 | CI95: 0 | CJ95: 17.679261 | CK95: 29.524735 | CL95: 7.0803759 | CM95: 4.7650988 | CN95: 0 | CO95: 17.679261 | CP95: 21.825177 | CQ95: 18.863808 | CR95: 0.70803759 | CS95: 0.47650988 | CT95: 0 | CU95: 17.679261 | CV95: =IF(BS95<0,1.1,BS95) -> 24.11666
A96: 224 | B96: Methanol | C96: CH3OH | D96: 1 | E96: 4 | F96: 1 | G96: 32.04106 | H96: 6 | I96: Categories-Category_2 | J96: 1.213 | K96: 500 | L96: 100 | N96: FormicAcid/CO | O96: 0 | P96: 0.125 | Q96: 0.0325 | R96: 77.5 | S96: 170 | T96: 100 | U96: 1812.1302 | V96: 20 | W96: 0.95 | X96: 1 | Y96: 15646.586 | Z96: 78232931 | AA96: 94896545 | AB96: 94896.545 | AC96: 0 | AD96: 810.82718 | AE96: 486496.31 | AF96: 486496.31 | AG96: 15.587857 | AH96: 16.058027 | AI96: 16.058027 | AJ96: 3084.1377 | AK96: 854.70085 | AL96: Nanofiltration | AM96: 1244.4971 | AN96: 174.61243 | AO96: 2729.8646 | AP96: 5357.9481 | AQ96: 2628.0835 | AR96: 0.0063394884 | AS96: 197.85514 | AT96: 79.837597 | AU96: 11.201823 | AV96: 175.12763 | AW96: 343.72576 | AX96: 168.59812 | AY96: 1.0301625 | AZ96: Malate_L | BA96: =VLOOKUP($AZ96,Sheet1!$A$2:$B$58,2,FALSE) -> L-Malate | BB96: C4H4O5 | BC96: 4 | BD96: 19.93 | BE96: 0 | BF96: 132.06916 | BG96: =VLOOKUP($AZ96,Sheet1!$A$2:$C$58,3,FALSE) -> 2.5 | BI96: Methanol_RuMP | BJ96: -0.47650988 | BK96: 0.38909804 | BL96: 1.6038125 | BM96: 100 | BN96: -0.20718104 | BO96: 214.31792 | BP96: 105.12334 | BQ96: 1.118831 | BR96: 190.20126 | BS96: 24.11666 | BT96: 1.5563922 | BU96: 11.912747 | BV96: 17.679261 | BW96: 0 | BX96: 0 | BY96: 3.8580885 | BZ96: 29.524735 | CA96: 7.0803759 | CB96: 4.7650988 | CC96: 0 | CD96: 17.679261 | CE96: 21.825177 | CF96: 18.863808 | CG96: 0.70803759 | CH96: 0.47650988 | CI96: 0 | CJ96: 17.679261 | CK96: 29.524735 | CL96: 7.0803759 | CM96: 4.7650988 | CN96: 0 | CO96: 17.679261 | CP96: 21.825177 | CQ96: 18.863808 | CR96: 0.70803759 | CS96: 0.47650988 | CT96: 0 | CU96: 17.679261 | CV96: =IF(BS96<0,1.1,BS96) -> 24.11666
A97: 168 | B97: Methanol | C97: CH3OH | D97: 1 | E97: 4 | F97: 1 | G97: 32.04106 | H97: 6 | I97: Categories-Category_2 | J97: 1.213 | K97: 500 | L97: 100 | N97: FormicAcid/CO | O97: 0 | P97: 0.125 | Q97: 0.0325 | R97: 77.5 | S97: 170 | T97: 100 | U97: 1812.1302 | V97: 20 | W97: 0.95 | X97: 1 | Y97: 15962.112 | Z97: 79810559 | AA97: 96810209 | AB97: 96810.209 | AC97: 0 | AD97: 827.17815 | AE97: 496306.89 | AF97: 496306.89 | AG97: 15.902199 | AH97: 16.38185 | AI97: 16.38185 | AJ97: 3146.3318 | AK97: 854.70085 | AL97: Nanofiltration | AM97: 1269.5934 | AN97: 178.13362 | AO97: 2784.9145 | AP97: 5448.7596 | AQ97: 2663.8452 | AR97: 0.0063394884 | AS97: 197.85514 | AT97: 79.837597 | AU97: 11.201823 | AV97: 175.12763 | AW97: 342.6419 | AX97: 167.51426 | AY97: 1.0301625 | AZ97: Malonate | BA97: =VLOOKUP($AZ97,Sheet1!$A$2:$B$58,2,FALSE) -> Malonate | BB97: C3H2O4 | BC97: 3 | BD97: 19.93 | BE97: 0 | BF97: 102.04378 | BG97: =VLOOKUP($AZ97,Sheet1!$A$2:$C$58,3,FALSE) -> 2 | BH97: 199 | BI97: Methanol_Formolase | BJ97: -0.42015777 | BK97: 0.49363184 | BL97: 1.5721096 | BM97: 100 | BN97: -0.32572745 | BO97: 217.95038 | BP97: 106.55381 | BQ97: 1.0754318 | BR97: 182.8234 | BS97: 35.126985 | BT97: 1.4808955 | BU97: 10.503944 | BV97: 17.308678 | BW97: 0 | BX97: 0 | BY97: 3.8580885 | BZ97: 28.733413 | CA97: 7.2231572 | CB97: 4.2015777 | CC97: 0 | CD97: 17.308678 | CE97: 21.307335 | CF97: 18.451152 | CG97: 0.72231572 | CH97: 0.42015777 | CI97: 0 | CJ97: 17.308678 | CK97: 28.733413 | CL97: 7.2231572 | CM97: 4.2015777 | CN97: 0 | CO97: 17.308678 | CP97: 21.307335 | CQ97: 18.451152 | CR97: 0.72231572 | CS97: 0.42015777 | CT97: 0 | CU97: 17.308678 | CV97: =IF(BS97<0,1.1,BS97) -> 35.126985
A98: 225 | B98: Methanol | C98: CH3OH | D98: 1 | E98: 4 | F98: 1 | G98: 32.04106 | H98: 6 | I98: Categories-Category_2 | J98: 1.213 | K98: 500 | L98: 100 | N98: FormicAcid/CO | O98: 0 | P98: 0.125 | Q98: 0.0325 | R98: 77.5 | S98: 170 | T98: 100 | U98: 1812.1302 | V98: 20 | W98: 0.95 | X98: 1 | Y98: 15962.112 | Z98: 79810559 | AA98: 96810209 | AB98: 96810.209 | AC98: 0 | AD98: 827.17815 | AE98: 496306.89 | AF98: 496306.89 | AG98: 15.902199 | AH98: 16.38185 | AI98: 16.38185 | AJ98: 3146.3318 | AK98: 854.70085 | AL98: Nanofiltration | AM98: 1269.5934 | AN98: 178.13362 | AO98: 2784.9145 | AP98: 5448.7596 | AQ98: 2663.8452 | AR98: 0.0063394884 | AS98: 197.85514 | AT98: 79.837597 | AU98: 11.201823 | AV98: 175.12763 | AW98: 342.6419 | AX98: 167.51426 | AY98: 1.0301625 | AZ98: Malonate | BA98: =VLOOKUP($AZ98,Sheet1!$A$2:$B$58,2,FALSE) -> Malonate | BB98: C3H2O4 | BC98: 3 | BD98: 19.93 | BE98: 0 | BF98: 102.04378 | BG98: =VLOOKUP($AZ98,Sheet1!$A$2:$C$58,3,FALSE) -> 2 | BH98: 199 | BI98: Methanol_RuMP | BJ98: -0.42015777 | BK98: 0.49363184 | BL98: 1.5721096 | BM98: 100 | BN98: -0.32572745 | BO98: 217.95038 | BP98: 106.55381 | BQ98: 1.0754318 | BR98: 182.8234 | BS98: 35.126985 | BT98: 1.4808955 | BU98: 10.503944 | BV98: 17.308678 | BW98: 0 | BX98: 0 | BY98: 3.8580885 | BZ98: 28.733413 | CA98: 7.2231572 | CB98: 4.2015777 | CC98: 0 | CD98: 17.308678 | CE98: 21.307335 | CF98: 18.451152 | CG98: 0.72231572 | CH98: 0.42015777 | CI98: 0 | CJ98: 17.308678 | CK98: 28.733413 | CL98: 7.2231572 | CM98: 4.2015777 | CN98: 0 | CO98: 17.308678 | CP98: 21.307335 | CQ98: 18.451152 | CR98: 0.72231572 | CS98: 0.42015777 | CT98: 0 | CU98: 17.308678 | CV98: =IF(BS98<0,1.1,BS98) -> 35.126985
A99: 169 | B99: Methanol | C99: CH3OH | D99: 1 | E99: 4 | F99: 1 | G99: 32.04106 | H99: 6 | I99: Categories-Category_2 | J99: 1.213 | K99: 500 | L99: 100 | N99: FormicAcid/CO | O99: 0 | P99: 0.125 | Q99: 0.0325 | R99: 77.5 | S99: 170 | T99: 100 | U99: 1812.1302 | V99: 20 | W99: 0.95 | X99: 1 | Y99: 15965.469 | Z99: 79827346 | AA99: 96830571 | AB99: 96830.571 | AC99: 0 | AD99: 827.35213 | AE99: 496411.28 | AF99: 496411.28 | AG99: 15.905544 | AH99: 16.385295 | AI99: 16.385295 | AJ99: 3146.9936 | AK99: 854.70085 | AL99: Nanofiltration | AM99: 1269.8604 | AN99: 178.17109 | AO99: 2785.5002 | AP99: 5449.7259 | AQ99: 2664.2257 | AR99: 0.0063394884 | AS99: 197.85514 | AT99: 79.837597 | AU99: 11.201823 | AV99: 175.12763 | AW99: 342.6306 | AX99: 167.50296 | AY99: 1.0301625 | AZ99: Glycolate | BA99: =VLOOKUP($AZ99,Sheet1!$A$2:$B$58,2,FALSE) -> Glycolate | BB99: C2H3O3 | BC99: 2 | BD99: 19.93 | BE99: 0 | BF99: 75.04192 | BG99: =VLOOKUP($AZ99,Sheet1!$A$2:$C$58,3,FALSE) -> 2.5 | BH99: 112 | BI99: Methanol_Formolase | BJ99: -0.29906198 | BK99: 0.67111111 | BL99: 1.571779 | BM99: 100 | BN99: -0.31346718 | BO99: 217.98904 | BP99: 106.56903 | BQ99: 0.9544738 | BR99: 162.26055 | BS99: 55.72849 | BT99: 1.3422222 | BU99: 7.4765496 | BV99: 15.976493 | BW99: 0 | BX99: 0 | BY99: 3.8580885 | BZ99: 26.191789 | CA99: 7.2246765 | CB99: 2.9906198 | CC99: 0 | CD99: 15.976493 | CE99: 19.551846 | CF99: 16.998022 | CG99: 0.72246765 | CH99: 0.29906198 | CI99: 0 | CJ99: 15.976493 | CK99: 26.191789 | CL99: 7.2246765 | CM99: 2.9906198 | CN99: 0 | CO99: 15.976493 | CP99: 19.551846 | CQ99: 16.998022 | CR99: 0.72246765 | CS99: 0.29906198 | CT99: 0 | CU99: 15.976493 | CV99: =IF(BS99<0,1.1,BS99) -> 55.72849
A100: 170 | B100: Methanol | C100: CH3OH | D100: 1 | E100: 4 | F100: 1 | G100: 32.04106 | H100: 6 | I100: Categories-Category_2 | J100: 1.213 | K100: 500 | L100: 100 | N100: FormicAcid/CO | O100: 0 | P100: 0.125 | Q100: 0.0325 | R100: 77.5 | S100: 170 | T100: 100 | U100: 1812.1302 | V100: 20 | W100: 0.95 | X100: 1 | Y100: 17613.246 | Z100: 88066228 | AA100: 1.0682433e+08 | AB100: 106824.33 | AC100: 0 | AD100: 912.74213 | AE100: 547645.28 | AF100: 547645.28 | AG100: 17.547135 | AH100: 18.076401 | AI100: 18.076401 | AJ100: 3471.7909 | AK100: 854.70085 | AL100: Nanofiltration | AM100: 1400.9211 | AN100: 196.55991 | AO100: 3072.9883 | AP100: 5923.9728 | AQ100: 2850.9845 | AR100: 0.0063394884 | AS100: 197.85514 | AT100: 79.837597 | AU100: 11.201823 | AV100: 175.12763 | AW100: 337.60341 | AX100: 162.47578 | AY100: 1.0301625 | AZ100: Citrate | BA100: =VLOOKUP($AZ100,Sheet1!$A$2:$B$58,2,FALSE) -> Citrate | BB100: C6H5O7 | BC100: 6 | BD100: 19.93 | BE100: 0 | BF100: 189.0964 | BG100: =VLOOKUP($AZ100,Sheet1!$A$2:$C$58,3,FALSE) -> 2.5 | BI100: Methanol_Formolase | BJ100: -0.43235586 | BK100: 0.24141119 | BL100: 1.424734 | BM100: 100 | BN100: -0.28996258 | BO100: 236.95891 | BP100: 114.03938 | BQ100: 1.1554119 | BR100: 196.42003 | BS100: 40.538885 | BT100: 1.4484672 | BU100: 10.808896 | BV100: 18.754482 | BW100: 0 | BX100: 0 | BY100: 3.8580885 | BZ100: 31.048367 | CA100: 7.9703264 | CB100: 4.3235586 | CC100: 0 | CD100: 18.754482 | CE100: 23.057342 | CF100: 19.983871 | CG100: 0.79703264 | CH100: 0.43235586 | CI100: 0 | CJ100: 18.754482 | CK100: 31.048367 | CL100: 7.9703264 | CM100: 4.3235586 | CN100: 0 | CO100: 18.754482 | CP100: 23.057342 | CQ100: 19.983871 | CR100: 0.79703264 | CS100: 0.43235586 | CT100: 0 | CU100: 18.754482 | CV100: =IF(BS100<0,1.1,BS100) -> 40.538885
A101: 227 | B101: Methanol | C101: CH3OH | D101: 1 | E101: 4 | F101: 1 | G101: 32.04106 | H101: 6 | I101: Categories-Category_2 | J101: 1.213 | K101: 500 | L101: 100 | N101: FormicAcid/CO | O101: 0 | P101: 0.125 | Q101: 0.0325 | R101: 77.5 | S101: 170 | T101: 100 | U101: 1812.1302 | V101: 20 | W101: 0.95 | X101: 1 | Y101: 17613.246 | Z101: 88066228 | AA101: 1.0682433e+08 | AB101: 106824.33 | AC101: 0 | AD101: 912.74213 | AE101: 547645.28 | AF101: 547645.28 | AG101: 17.547135 | AH101: 18.076401 | AI101: 18.076401 | AJ101: 3471.7909 | AK101: 854.70085 | AL101: Nanofiltration | AM101: 1400.9211 | AN101: 196.55991 | AO101: 3072.9883 | AP101: 5923.9728 | AQ101: 2850.9845 | AR101: 0.0063394884 | AS101: 197.85514 | AT101: 79.837597 | AU101: 11.201823 | AV101: 175.12763 | AW101: 337.60341 | AX101: 162.47578 | AY101: 1.0301625 | AZ101: Citrate | BA101: =VLOOKUP($AZ101,Sheet1!$A$2:$B$58,2,FALSE) -> Citrate | BB101: C6H5O7 | BC101: 6 | BD101: 19.93 | BE101: 0 | BF101: 189.0964 | BG101: =VLOOKUP($AZ101,Sheet1!$A$2:$C$58,3,FALSE) -> 2.5 | BI101: Methanol_RuMP | BJ101: -0.43235586 | BK101: 0.24141119 | BL101: 1.424734 | BM101: 100 | BN101: -0.28996258 | BO101: 236.95891 | BP101: 114.03938 | BQ101: 1.1554119 | BR101: 196.42003 | BS101: 40.538885 | BT101: 1.4484672 | BU101: 10.808896 | BV101: 18.754482 | BW101: 0 | BX101: 0 | BY101: 3.8580885 | BZ101: 31.048367 | CA101: 7.9703264 | CB101: 4.3235586 | CC101: 0 | CD101: 18.754482 | CE101: 23.057342 | CF101: 19.983871 | CG101: 0.79703264 | CH101: 0.43235586 | CI101: 0 | CJ101: 18.754482 | CK101: 31.048367 | CL101: 7.9703264 | CM101: 4.3235586 | CN101: 0 | CO101: 18.754482 | CP101: 23.057342 | CQ101: 19.983871 | CR101: 0.79703264 | CS101: 0.43235586 | CT101: 0 | CU101: 18.754482 | CV101: =IF(BS101<0,1.1,BS101) -> 40.538885
A102: 228 | B102: Methanol | C102: CH3OH | D102: 1 | E102: 4 | F102: 1 | G102: 32.04106 | H102: 6 | I102: Categories-Category_2 | J102: 1.213 | K102: 500 | L102: 100 | N102: FormicAcid/CO | O102: 0 | P102: 0.125 | Q102: 0.0325 | R102: 77.5 | S102: 170 | T102: 100 | U102: 1812.1302 | V102: 20 | W102: 0.95 | X102: 1 | Y102: 17653.517 | Z102: 88267583 | AA102: 1.0706858e+08 | AB102: 107068.58 | AC102: 0 | AD102: 914.82903 | AE102: 548897.42 | AF102: 548897.42 | AG102: 17.587255 | AH102: 18.117731 | AI102: 18.117731 | AJ102: 3479.7288 | AK102: 854.70085 | AL102: Nanofiltration | AM102: 1404.1242 | AN102: 197.00933 | AO102: 3080.0144 | AP102: 5935.5632 | AQ102: 2855.5488 | AR102: 0.0063394884 | AS102: 197.85514 | AT102: 79.837597 | AU102: 11.201823 | AV102: 175.12763 | AW102: 337.4923 | AX102: 162.36467 | AY102: 1.0301625 | AZ102: Glycolate | BA102: =VLOOKUP($AZ102,Sheet1!$A$2:$B$58,2,FALSE) -> Glycolate | BB102: C2H3O3 | BC102: 2 | BD102: 19.93 | BE102: 0 | BF102: 75.04192 | BG102: =VLOOKUP($AZ102,Sheet1!$A$2:$C$58,3,FALSE) -> 2.5 | BH102: 112 | BI102: Methanol_RuMP | BJ102: -0.20666539 | BK102: 0.60693878 | BL102: 1.4214839 | BM102: 100 | BN102: -0.41424056 | BO102: 237.42253 | BP102: 114.22195 | BQ102: 0.93137465 | BR102: 158.33369 | BS102: 79.088837 | BT102: 1.2138776 | BU102: 5.1666347 | BV102: 16.298655 | BW102: 0 | BX102: 0 | BY102: 3.8580885 | BZ102: 26.353859 | CA102: 7.9885499 | CB102: 2.0666539 | CC102: 0 | CD102: 16.298655 | CE102: 19.817976 | CF102: 17.304175 | CG102: 0.79885499 | CH102: 0.20666539 | CI102: 0 | CJ102: 16.298655 | CK102: 26.353859 | CL102: 7.9885499 | CM102: 2.0666539 | CN102: 0 | CO102: 16.298655 | CP102: 19.817976 | CQ102: 17.304175 | CR102: 0.79885499 | CS102: 0.20666539 | CT102: 0 | CU102: 16.298655 | CV102: =IF(BS102<0,1.1,BS102) -> 79.088837
A103: 173 | B103: Methanol | C103: CH3OH | D103: 1 | E103: 4 | F103: 1 | G103: 32.04106 | H103: 6 | I103: Categories-Category_2 | J103: 1.213 | K103: 500 | L103: 100 | N103: FormicAcid/CO | O103: 0 | P103: 0.125 | Q103: 0.0325 | R103: 77.5 | S103: 170 | T103: 100 | U103: 1812.1302 | V103: 20 | W103: 0.95 | X103: 1 | Y103: 18641.099 | Z103: 93205494 | AA103: 1.1305826e+08 | AB103: 113058.26 | AC103: 0 | AD103: 966.00687 | AE103: 579604.12 | AF103: 579604.12 | AG103: 18.57113 | AH103: 19.131283 | AI103: 19.131283 | AJ103: 3674.3936 | AK103: 854.70085 | AL103: Nanofiltration | AM103: 1482.6744 | AN103: 208.03052 | AO103: 3252.3181 | AP103: 6219.7994 | AQ103: 2967.4813 | AR103: 0.0063394884 | AS103: 197.85514 | AT103: 79.837597 | AU103: 11.201823 | AV103: 175.12763 | AW103: 334.91765 | AX103: 159.79002 | AY103: 1.0301625 | AZ103: Succinate | BA103: =VLOOKUP($AZ103,Sheet1!$A$2:$B$58,2,FALSE) -> Succinate | BB103: C4H4O4 | BC103: 4 | BD103: 19.93 | BE103: 0 | BF103: 116.07016 | BG103: =VLOOKUP($AZ103,Sheet1!$A$2:$C$58,3,FALSE) -> 3 | BH103: 235 | BI103: Methanol_Formolase | BJ103: -0.49633379 | BK103: 0.37161049 | BL103: 1.3461755 | BM103: 100 | BN103: -0.14790629 | BO103: 248.79198 | BP103: 118.69925 | BQ103: 1.2615851 | BR103: 214.46947 | BS103: 34.322507 | BT103: 1.4864419 | BU103: 12.408345 | BV103: 20.276047 | BW103: 0 | BX103: 0 | BY103: 3.8580885 | BZ103: 33.674834 | CA103: 8.4354494 | CB103: 4.9633379 | CC103: 0 | CD103: 20.276047 | CE103: 24.965623 | CF103: 21.615926 | CG103: 0.84354494 | CH103: 0.49633379 | CI103: 0 | CJ103: 20.276047 | CK103: 33.674834 | CL103: 8.4354494 | CM103: 4.9633379 | CN103: 0 | CO103: 20.276047 | CP103: 24.965623 | CQ103: 21.615926 | CR103: 0.84354494 | CS103: 0.49633379 | CT103: 0 | CU103: 20.276047 | CV103: =IF(BS103<0,1.1,BS103) -> 34.322507
A104: 230 | B104: Methanol | C104: CH3OH | D104: 1 | E104: 4 | F104: 1 | G104: 32.04106 | H104: 6 | I104: Categories-Category_2 | J104: 1.213 | K104: 500 | L104: 100 | N104: FormicAcid/CO | O104: 0 | P104: 0.125 | Q104: 0.0325 | R104: 77.5 | S104: 170 | T104: 100 | U104: 1812.1302 | V104: 20 | W104: 0.95 | X104: 1 | Y104: 18641.099 | Z104: 93205494 | AA104: 1.1305826e+08 | AB104: 113058.26 | AC104: 0 | AD104: 966.00687 | AE104: 579604.12 | AF104: 579604.12 | AG104: 18.57113 | AH104: 19.131283 | AI104: 19.131283 | AJ104: 3674.3936 | AK104: 854.70085 | AL104: Nanofiltration | AM104: 1482.6744 | AN104: 208.03052 | AO104: 3252.3181 | AP104: 6219.7994 | AQ104: 2967.4813 | AR104: 0.0063394884 | AS104: 197.85514 | AT104: 79.837597 | AU104: 11.201823 | AV104: 175.12763 | AW104: 334.91765 | AX104: 159.79002 | AY104: 1.0301625 | AZ104: Succinate | BA104: =VLOOKUP($AZ104,Sheet1!$A$2:$B$58,2,FALSE) -> Succinate | BB104: C4H4O4 | BC104: 4 | BD104: 19.93 | BE104: 0 | BF104: 116.07016 | BG104: =VLOOKUP($AZ104,Sheet1!$A$2:$C$58,3,FALSE) -> 3 | BH104: 235 | BI104: Methanol_RuMP | BJ104: -0.49633379 | BK104: 0.37161049 | BL104: 1.3461755 | BM104: 100 | BN104: -0.14790629 | BO104: 248.79198 | BP104: 118.69925 | BQ104: 1.2615851 | BR104: 214.46947 | BS104: 34.322507 | BT104: 1.4864419 | BU104: 12.408345 | BV104: 20.276047 | BW104: 0 | BX104: 0 | BY104: 3.8580885 | BZ104: 33.674834 | CA104: 8.4354494 | CB104: 4.9633379 | CC104: 0 | CD104: 20.276047 | CE104: 24.965623 | CF104: 21.615926 | CG104: 0.84354494 | CH104: 0.49633379 | CI104: 0 | CJ104: 20.276047 | CK104: 33.674834 | CL104: 8.4354494 | CM104: 4.9633379 | CN104: 0 | CO104: 20.276047 | CP104: 24.965623 | CQ104: 21.615926 | CR104: 0.84354494 | CS104: 0.49633379 | CT104: 0 | CU104: 20.276047 | CV104: =IF(BS104<0,1.1,BS104) -> 34.322507
A105: 505 | B105: Methanol | C105: CH3OH | D105: 1 | E105: 4 | F105: 1 | G105: 32.04106 | H105: 6 | I105: Categories-Category_2 | J105: 1.213 | K105: 500 | L105: 100 | N105: FormicAcid/CO | O105: 0 | P105: 0.125 | Q105: 0.0325 | R105: 77.5 | S105: 170 | T105: 100 | U105: 1812.1302 | V105: 20 | W105: 0.95 | X105: 1 | Y105: 21139.297 | Z105: 1.0569649e+08 | AA105: 1.2820984e+08 | AB105: 128209.84 | AC105: 0 | AD105: 1095.4669 | AE105: 657280.13 | AF105: 657280.13 | AG105: 21.059952 | AH105: 21.695174 | AI105: 21.695174 | AJ105: 4166.8197 | AK105: 854.70085 | AL105: Nanofiltration | AM105: 1681.376 | AN105: 235.90986 | AO105: 3688.1795 | AP105: 6938.8064 | AQ105: 3250.6269 | AR105: 0.0063394884 | AS105: 197.85514 | AT105: 79.837597 | AU105: 11.201823 | AV105: 175.12763 | AW105: 329.47874 | AX105: 154.35111 | AY105: 1.0301625 | AZ105: Glycolate | BA105: =VLOOKUP($AZ105,Sheet1!$A$2:$B$58,2,FALSE) -> Glycolate | BB105: C2H3O3 | BC105: 2 | BD105: 19.93 | BE105: 0 | BF105: 75.04192 | BG105: =VLOOKUP($AZ105,Sheet1!$A$2:$C$58,3,FALSE) -> 2.5 | BH105: 112 | BI105: Methanol_SerineCycle | BJ105: -0.01586847 | BK105: 0.50685714 | BL105: 1.1870872 | BM105: 100 | BN105: -0.62233536 | BO105: 277.55226 | BP105: 130.02507 | BQ105: 0.88367542 | BR105: 150.22482 | BS105: 127.32743 | BT105: 1.0137143 | BU105: 0.39671175 | BV105: 16.963914 | BW105: 0 | BX105: 0 | BY105: 3.8580885 | BZ105: 26.68853 | CA105: 9.5659314 | CB105: 0.1586847 | CC105: 0 | CD105: 16.963914 | CE105: 20.367529 | CF105: 17.936375 | CG105: 0.95659314 | CH105: 0.01586847 | CI105: 0 | CJ105: 16.963914 | CK105: 26.68853 | CL105: 9.5659314 | CM105: 0.1586847 | CN105: 0 | CO105: 16.963914 | CP105: 20.367529 | CQ105: 17.936375 | CR105: 0.95659314 | CS105: 0.01586847 | CT105: 0 | CU105: 16.963914 | CV105: =IF(BS105<0,1.1,BS105) -> 127.32743
A106: 506 | B106: Methanol | C106: CH3OH | D106: 1 | E106: 4 | F106: 1 | G106: 32.04106 | H106: 6 | I106: Categories-Category_2 | J106: 1.213 | K106: 500 | L106: 100 | N106: FormicAcid/CO | O106: 0 | P106: 0.125 | Q106: 0.0325 | R106: 77.5 | S106: 170 | T106: 100 | U106: 1812.1302 | V106: 20 | W106: 0.95 | X106: 1 | Y106: 21763.863 | Z106: 1.0881931e+08 | AA106: 1.3199783e+08 | AB106: 131997.83 | AC106: 0 | AD106: 1127.8327 | AE106: 676699.62 | AF106: 676699.62 | AG106: 21.682173 | AH106: 22.336163 | AI106: 22.336163 | AJ106: 4289.9294 | AK106: 854.70085 | AL106: Nanofiltration | AM106: 1731.0526 | AN106: 242.87988 | AO106: 3797.1477 | AP106: 7118.5628 | AQ106: 3321.4151 | AR106: 0.0063394884 | AS106: 197.85514 | AT106: 79.837597 | AU106: 11.201823 | AV106: 175.12763 | AW106: 328.31408 | AX106: 153.18645 | AY106: 1.0301625 | AZ106: Malonate | BA106: =VLOOKUP($AZ106,Sheet1!$A$2:$B$58,2,FALSE) -> Malonate | BB106: C3H2O4 | BC106: 3 | BD106: 19.93 | BE106: 0 | BF106: 102.04378 | BG106: =VLOOKUP($AZ106,Sheet1!$A$2:$C$58,3,FALSE) -> 2 | BH106: 199 | BI106: Methanol_SerineCycle | BJ106: -0.1025944 | BK106: 0.36204082 | BL106: 1.1530209 | BM106: 100 | BN106: -0.67208149 | BO106: 284.74251 | BP106: 132.8566 | BQ106: 0.99604092 | BR106: 169.32696 | BS106: 115.41555 | BT106: 1.0861224 | BU106: 2.5648601 | BV106: 18.415938 | BW106: 0 | BX106: 0 | BY106: 3.8580885 | BZ106: 29.290441 | CA106: 9.8485592 | CB106: 1.025944 | CC106: 0 | CD106: 18.415938 | CE106: 22.222014 | CF106: 19.503388 | CG106: 0.98485592 | CH106: 0.1025944 | CI106: 0 | CJ106: 18.415938 | CK106: 29.290441 | CL106: 9.8485592 | CM106: 1.025944 | CN106: 0 | CO106: 18.415938 | CP106: 22.222014 | CQ106: 19.503388 | CR106: 0.98485592 | CS106: 0.1025944 | CT106: 0 | CU106: 18.415938 | CV106: =IF(BS106<0,1.1,BS106) -> 115.41555
A107: 174 | B107: Methanol | C107: CH3OH | D107: 1 | E107: 4 | F107: 1 | G107: 32.04106 | H107: 6 | I107: Categories-Category_2 | J107: 1.213 | K107: 500 | L107: 100 | N107: FormicAcid/CO | O107: 0 | P107: 0.125 | Q107: 0.0325 | R107: 77.5 | S107: 170 | T107: 100 | U107: 1812.1302 | V107: 20 | W107: 0.95 | X107: 1 | Y107: 22294.638 | Z107: 1.1147319e+08 | AA107: 1.3521698e+08 | AB107: 135216.98 | AC107: 0 | AD107: 1155.3382 | AE107: 693202.92 | AF107: 693202.92 | AG107: 22.210956 | AH107: 22.880895 | AI107: 22.880895 | AJ107: 4394.5519 | AK107: 854.70085 | AL107: Nanofiltration | AM107: 1773.2694 | AN107: 248.80321 | AO107: 3889.7522 | AP107: 7271.3254 | AQ107: 3381.5731 | AR107: 0.0063394884 | AS107: 197.85514 | AT107: 79.837597 | AU107: 11.201823 | AV107: 175.12763 | AW107: 327.37561 | AX107: 152.24797 | AY107: 1.0301625 | AZ107: Glutamate_L | BA107: =VLOOKUP($AZ107,Sheet1!$A$2:$B$58,2,FALSE) -> L-Glutamate | BB107: C5H8NO4 | BC107: 5 | BD107: 19.93 | BE107: 0 | BF107: 146.11892 | BG107: =VLOOKUP($AZ107,Sheet1!$A$2:$C$58,3,FALSE) -> 3.4 | BH107: 333.8 | BI107: Methanol_Formolase | BJ107: -0.28565072 | BK107: 0.24681592 | BL107: 1.1255706 | BM107: 100 | BN107: -0.34545095 | BO107: 290.85301 | BP107: 135.26292 | BQ107: 1.2008865 | BR107: 204.15071 | BS107: 86.702303 | BT107: 1.2340796 | BU107: 7.1412679 | BV107: 20.855334 | BW107: 0 | BX107: 0 | BY107: 3.8580885 | BZ107: 33.800586 | CA107: 10.088745 | CB107: 2.8565072 | CC107: 0 | CD107: 20.855334 | CE107: 25.386172 | CF107: 22.149859 | CG107: 1.0088745 | CH107: 0.28565072 | CI107: 0 | CJ107: 20.855334 | CK107: 33.800586 | CL107: 10.088745 | CM107: 2.8565072 | CN107: 0 | CO107: 20.855334 | CP107: 25.386172 | CQ107: 22.149859 | CR107: 1.0088745 | CS107: 0.28565072 | CT107: 0 | CU107: 20.855334 | CV107: =IF(BS107<0,1.1,BS107) -> 86.702303
A108: 231 | B108: Methanol | C108: CH3OH | D108: 1 | E108: 4 | F108: 1 | G108: 32.04106 | H108: 6 | I108: Categories-Category_2 | J108: 1.213 | K108: 500 | L108: 100 | N108: FormicAcid/CO | O108: 0 | P108: 0.125 | Q108: 0.0325 | R108: 77.5 | S108: 170 | T108: 100 | U108: 1812.1302 | V108: 20 | W108: 0.95 | X108: 1 | Y108: 22294.638 | Z108: 1.1147319e+08 | AA108: 1.3521698e+08 | AB108: 135216.98 | AC108: 0 | AD108: 1155.3382 | AE108: 693202.92 | AF108: 693202.92 | AG108: 22.210956 | AH108: 22.880895 | AI108: 22.880895 | AJ108: 4394.5519 | AK108: 854.70085 | AL108: Nanofiltration | AM108: 1773.2694 | AN108: 248.80321 | AO108: 3889.7522 | AP108: 7271.3254 | AQ108: 3381.5731 | AR108: 0.0063394884 | AS108: 197.85514 | AT108: 79.837597 | AU108: 11.201823 | AV108: 175.12763 | AW108: 327.37561 | AX108: 152.24797 | AY108: 1.0301625 | AZ108: Glutamate_L | BA108: =VLOOKUP($AZ108,Sheet1!$A$2:$B$58,2,FALSE) -> L-Glutamate | BB108: C5H8NO4 | BC108: 5 | BD108: 19.93 | BE108: 0 | BF108: 146.11892 | BG108: =VLOOKUP($AZ108,Sheet1!$A$2:$C$58,3,FALSE) -> 3.4 | BH108: 333.8 | BI108: Methanol_RuMP | BJ108: -0.28565072 | BK108: 0.24681592 | BL108: 1.1255706 | BM108: 100 | BN108: -0.34545095 | BO108: 290.85301 | BP108: 135.26292 | BQ108: 1.2008865 | BR108: 204.15071 | BS108: 86.702303 | BT108: 1.2340796 | BU108: 7.1412679 | BV108: 20.855334 | BW108: 0 | BX108: 0 | BY108: 3.8580885 | BZ108: 33.800586 | CA108: 10.088745 | CB108: 2.8565072 | CC108: 0 | CD108: 20.855334 | CE108: 25.386172 | CF108: 22.149859 | CG108: 1.0088745 | CH108: 0.28565072 | CI108: 0 | CJ108: 20.855334 | CK108: 33.800586 | CL108: 10.088745 | CM108: 2.8565072 | CN108: 0 | CO108: 20.855334 | CP108: 25.386172 | CQ108: 22.149859 | CR108: 1.0088745 | CS108: 0.28565072 | CT108: 0 | CU108: 20.855334 | CV108: =IF(BS108<0,1.1,BS108) -> 86.702303
...

Sheet Sheet1
B1: BioProduct_Graph | C1: Deg_RedBP
A2: 1-3-Butanediol-PW1 | B2: 1,3-Butanediol (PW1) | C2: 5.5
A3: 1-3-Butanediol-PW2 | B3: 1,3-Butanediol (PW2) | C3: 5.5
A4: 1-3-Diaminopropane | B4: 1,3-Diaminopropane | C4: 6.05
A5: 1-3-Propanediol | B5: 1,3-Propanediol | C5: 5.3333333
A6: 1-4-Butanediol | B6: 1,4-Butanediol | C6: 5.5
A7: 1-Propanol-PW1 | B7: 1-Propanol (PW1) | C7: 6.01
A8: 1-Propanol-PW2 | B8: 1-Propanol (PW2) | C8: 6.01
A9: 2-3-Butanediol | B9: 2,3-Butanediol | C9: 5.5
A10: 2-Methyl-1-Butanol | B10: 2-Methyl-1-Butanol | C10: 6.02
A11: 2-Pyrone-4-6-Dicarboxylate | B11: 2-Pyrone-4,6-Dicarboxylate | C11: 2.5714286
A12: 3-Methyl-1-Pentanol | B12: 3-Methyl-1-Pentanol | C12: 6.02
A13: 4-Hydroxystyrene | B13: 4-Hydroxystyrene | C13: 4.75
... A59: Ethanol | B59: Ethanol (Lanza) | C59: 6
