Workbook
Name _FilterDatabase_0: 'Overall Results'!$A$1:$AH$882
Name _FilterDatabase_0_0: 'Overall Results'!$A$1:$AH$770

Sheet Overall Results
A1: Date | B1: BaseModel | C1: Substrate | D1: Substrate_Type | E1: Product | F1: Objective | G1: S_ExchangeLB | H1: O2_ExchangeLB | I1: H2_ExchangeLB | J1: ATPM_LB | K1: S_Flux | L1: O2_Flux | M1: H2_Flux | N1: CO2_Flux | O1: Obj_Flux | P1: By-Products | Q1: Yield_Molar | R1: Yield_Mass | S1: ProductName | T1: ProductName_Graph | U1: Model_Author | V1: Formula_P | W1: C_P | X1: H_P | Y1: O_P | Z1: N_P | AA1: Charge_P | AB1: Deg_Red_P | AC1: MW_g/mol_P | AD1: BP_degC_P | AE1: MoleculeType_P | AF1: CCM_Feeder_P | AG1: Transport_P | AH1: MetID_P | AI1: isLiq | AJ1: isGas | AK1: Conc | AL1: LH | AM1: Carbons | AN1: LHVMolar | AO1: LHVMass | AP1: DoR_S | AQ1: Cn_S | AR1: CE
A2: 2021-05-11 | B2: iJO1366 | C2: Formate_SerineCycle | D2: ECR-C1a | E2: Propane-PW2 | F2: EX_propane_e | G2: -10 | H2: -20 | I2: NA | J2: 3.15 | K2: -10 | L2: -4.3134415 | M2: NA | N2: 9.5880649 | O2: 0.1373117 | Q2: 0.01373117 | R2: 0.013154003 | S2: =VLOOKUP($E2,'Product Naming'!$A$1:$P$58,2,FALSE) -> Propane-PW2 | T2: =VLOOKUP($E2,'Product Naming'!$A$1:$P$58,3,FALSE) -> Propane (PW2) | U2: =VLOOKUP($E2,'Product Naming'!$A$1:$P$58,4,FALSE) -> E | V2: =VLOOKUP($E2,'Product Naming'!$A$1:$P$58,5,FALSE) -> C3H8 | W2: =VLOOKUP($E2,'Product Naming'!$A$1:$P$58,6,FALSE) -> 3 | X2: =VLOOKUP($E2,'Product Naming'!$A$1:$P$58,7,FALSE) -> 8 | Y2: =VLOOKUP($E2,'Product Naming'!$A$1:$P$58,8,FALSE) -> 0 | Z2: =VLOOKUP($E2,'Product Naming'!$A$1:$P$58,9,FALSE) -> 0 | AA2: =VLOOKUP($E2,'Product Naming'!$A$1:$P$58,10,FALSE) -> 0 | AB2: =VLOOKUP($E2,'Product Naming'!$A$1:$P$58,11,FALSE) -> 6.6666667 | AC2: =VLOOKUP($E2,'Product Naming'!$A$1:$P$58,12,FALSE) -> 44.09482 | AD2: =VLOOKUP($E2,'Product Naming'!$A$1:$P$58,13,FALSE) -> -42 | AE2: =VLOOKUP($E2,'Product Naming'!$A$1:$P$58,14,FALSE) -> Hydrocarbon | AF2: =VLOOKUP($E2,'Product Naming'!$A$1:$P$58,15,FALSE) -> Oxaloacetate | AG2: =VLOOKUP($E2,'Product Naming'!$A$1:$P$58,16,FALSE) -> Diffusion | AH2: =VLOOKUP($E2,'Product Naming'!$A$1:$Q$58,17,FALSE) -> prop_c | AI2: =VLOOKUP($E2,'Product Parameters'!$A$2:$D$59,2,FALSE) -> 0 | AJ2: =VLOOKUP($E2,'Product Parameters'!$A$2:$D$59,3,FALSE) -> 1 | AK2: =VLOOKUP($E2,'Product Parameters'!$A$2:$D$59,4,FALSE) -> 0.12 | AL2: =VLOOKUP($E2,'Product Parameters'!$A$2:$E$59,5,FALSE) -> 0 | AM2: =VLOOKUP($E2,'Product Parameters'!$A$2:$F$59,6,FALSE) -> 3 | AN2: =VLOOKUP($C2,'Substrate Heating'!$A$2:$C$33,3,FALSE) -> 247.59097 | AO2: =VLOOKUP($C2,'Substrate Heating'!$A$2:$B$33,2,FALSE) -> 5.5 | AP2: =VLOOKUP($C2,'Substrate Heating'!$A$2:$M$33,13,FALSE) -> 1 | AQ2: =VLOOKUP($C2,'Substrate Heating'!$A$2:$M$33,8,FALSE) -> 1 | AR2: =Q2*W2/AQ2 -> 0.041193511
A3: 2021-05-11 | B3: iJO1366 | C3: Formate_SerineCycle | D3: ECR-C1a | E3: Propane-PW1 | F3: EX_propane_e | G3: -10 | H3: -20 | I3: NA | J3: 3.15 | K3: -10 | L3: -4.172486 | M3: NA | N3: 9.5034916 | O3: 0.16550279 | Q3: 0.016550279 | R3: 0.015854615 | S3: =VLOOKUP($E3,'Product Naming'!$A$1:$P$58,2,FALSE) -> Propane-PW1 | T3: =VLOOKUP($E3,'Product Naming'!$A$1:$P$58,3,FALSE) -> Propane (PW1) | U3: =VLOOKUP($E3,'Product Naming'!$A$1:$P$58,4,FALSE) -> E | V3: =VLOOKUP($E3,'Product Naming'!$A$1:$P$58,5,FALSE) -> C3H8 | W3: =VLOOKUP($E3,'Product Naming'!$A$1:$P$58,6,FALSE) -> 3 | X3: =VLOOKUP($E3,'Product Naming'!$A$1:$P$58,7,FALSE) -> 8 | Y3: =VLOOKUP($E3,'Product Naming'!$A$1:$P$58,8,FALSE) -> 0 | Z3: =VLOOKUP($E3,'Product Naming'!$A$1:$P$58,9,FALSE) -> 0 | AA3: =VLOOKUP($E3,'Product Naming'!$A$1:$P$58,10,FALSE) -> 0 | AB3: =VLOOKUP($E3,'Product Naming'!$A$1:$P$58,11,FALSE) -> 6.6666667 | AC3: =VLOOKUP($E3,'Product Naming'!$A$1:$P$58,12,FALSE) -> 44.09482 | AD3: =VLOOKUP($E3,'Product Naming'!$A$1:$P$58,13,FALSE) -> -42 | AE3: =VLOOKUP($E3,'Product Naming'!$A$1:$P$58,14,FALSE) -> Hydrocarbon | AF3: =VLOOKUP($E3,'Product Naming'!$A$1:$P$58,15,FALSE) -> Acetyl-CoA | AG3: =VLOOKUP($E3,'Product Naming'!$A$1:$P$58,16,FALSE) -> Diffusion | AH3: =VLOOKUP($E3,'Product Naming'!$A$1:$Q$58,17,FALSE) -> prop_c | AI3: =VLOOKUP($E3,'Product Parameters'!$A$2:$D$59,2,FALSE) -> 0 | AJ3: =VLOOKUP($E3,'Product Parameters'!$A$2:$D$59,3,FALSE) -> 1 | AK3: =VLOOKUP($E3,'Product Parameters'!$A$2:$D$59,4,FALSE) -> 0.12 | AL3: =VLOOKUP($E3,'Product Parameters'!$A$2:$E$59,5,FALSE) -> 0 | AM3: =VLOOKUP($E3,'Product Parameters'!$A$2:$F$59,6,FALSE) -> 3 | AN3: =VLOOKUP($C3,'Substrate Heating'!$A$2:$C$33,3,FALSE) -> 247.59097 | AO3: =VLOOKUP($C3,'Substrate Heating'!$A$2:$B$33,2,FALSE) -> 5.5 | AP3: =VLOOKUP($C3,'Substrate Heating'!$A$2:$M$33,13,FALSE) -> 1 | AQ3: =VLOOKUP($C3,'Substrate Heating'!$A$2:$M$33,8,FALSE) -> 1 | AR3: =Q3*W3/AQ3 -> 0.049650838
A4: 2021-05-11 | B4: iJO1366 | C4: Formate_SerineCycle | D4: ECR-C1a | E4: Butane | F4: EX_butane_e | G4: -10 | H4: -20 | I4: NA | J4: 3.15 | K4: -10 | L4: -4.1535714 | M4: NA | N4: 9.4791209 | O4: 0.13021978 | Q4: 0.013021978 | R4: 0.016442745 | S4: =VLOOKUP($E4,'Product Naming'!$A$1:$P$58,2,FALSE) -> Butane | T4: =VLOOKUP($E4,'Product Naming'!$A$1:$P$58,3,FALSE) -> Butane | U4: =VLOOKUP($E4,'Product Naming'!$A$1:$P$58,4,FALSE) -> E | V4: =VLOOKUP($E4,'Product Naming'!$A$1:$P$58,5,FALSE) -> C4H10 | W4: =VLOOKUP($E4,'Product Naming'!$A$1:$P$58,6,FALSE) -> 4 | X4: =VLOOKUP($E4,'Product Naming'!$A$1:$P$58,7,FALSE) -> 10 | Y4: =VLOOKUP($E4,'Product Naming'!$A$1:$P$58,8,FALSE) -> 0 | Z4: =VLOOKUP($E4,'Product Naming'!$A$1:$P$58,9,FALSE) -> 0 | AA4: =VLOOKUP($E4,'Product Naming'!$A$1:$P$58,10,FALSE) -> 0 | AB4: =VLOOKUP($E4,'Product Naming'!$A$1:$P$58,11,FALSE) -> 6.5 | AC4: =VLOOKUP($E4,'Product Naming'!$A$1:$P$58,12,FALSE) -> 58.1212 | AD4: =VLOOKUP($E4,'Product Naming'!$A$1:$P$58,13,FALSE) -> -1 | AE4: =VLOOKUP($E4,'Product Naming'!$A$1:$P$58,14,FALSE) -> Hydrocarbon (alkane) | AF4: =VLOOKUP($E4,'Product Naming'!$A$1:$P$58,15,FALSE) -> Acetyl-CoA + Succinyl-CoA | AG4: =VLOOKUP($E4,'Product Naming'!$A$1:$P$58,16,FALSE) -> Diffusion | AH4: =VLOOKUP($E4,'Product Naming'!$A$1:$Q$58,17,FALSE) -> butn_c | AI4: =VLOOKUP($E4,'Product Parameters'!$A$2:$D$59,2,FALSE) -> 0 | AJ4: =VLOOKUP($E4,'Product Parameters'!$A$2:$D$59,3,FALSE) -> 1 | AK4: =VLOOKUP($E4,'Product Parameters'!$A$2:$D$59,4,FALSE) -> 0.12 | AL4: =VLOOKUP($E4,'Product Parameters'!$A$2:$E$59,5,FALSE) -> 0 | AM4: =VLOOKUP($E4,'Product Parameters'!$A$2:$F$59,6,FALSE) -> 4 | AN4: =VLOOKUP($C4,'Substrate Heating'!$A$2:$C$33,3,FALSE) -> 247.59097 | AO4: =VLOOKUP($C4,'Substrate Heating'!$A$2:$B$33,2,FALSE) -> 5.5 | AP4: =VLOOKUP($C4,'Substrate Heating'!$A$2:$M$33,13,FALSE) -> 1 | AQ4: =VLOOKUP($C4,'Substrate Heating'!$A$2:$M$33,8,FALSE) -> 1 | AR4: =Q4*W4/AQ4 -> 0.052087912
A5: 2021-05-11 | B5: iJO1366 | C5: Formate_SerineCycle | D5: ECR-C1a | E5: Pentane | F5: EX_pentane_e | G5: -10 | H5: -20 | I5: NA | J5: 3.15 | K5: -10 | L5: -4.1512981 | M5: NA | N5: 9.4695613 | O5: 0.10608774 | Q5: 0.010608774 | R5: 0.016628372 | S5: =VLOOKUP($E5,'Product Naming'!$A$1:$P$58,2,FALSE) -> Pentane | T5: =VLOOKUP($E5,'Product Naming'!$A$1:$P$58,3,FALSE) -> Pentane | U5: =VLOOKUP($E5,'Product Naming'!$A$1:$P$58,4,FALSE) -> E | V5: =VLOOKUP($E5,'Product Naming'!$A$1:$P$58,5,FALSE) -> C5H12 | W5: =VLOOKUP($E5,'Product Naming'!$A$1:$P$58,6,FALSE) -> 5 | X5: =VLOOKUP($E5,'Product Naming'!$A$1:$P$58,7,FALSE) -> 12 | Y5: =VLOOKUP($E5,'Product Naming'!$A$1:$P$58,8,FALSE) -> 0 | Z5: =VLOOKUP($E5,'Product Naming'!$A$1:$P$58,9,FALSE) -> 0 | AA5: =VLOOKUP($E5,'Product Naming'!$A$1:$P$58,10,FALSE) -> 0 | AB5: =VLOOKUP($E5,'Product Naming'!$A$1:$P$58,11,FALSE) -> 6.4 | AC5: =VLOOKUP($E5,'Product Naming'!$A$1:$P$58,12,FALSE) -> 72.14758 | AD5: =VLOOKUP($E5,'Product Naming'!$A$1:$P$58,13,FALSE) -> 36.1 | AE5: =VLOOKUP($E5,'Product Naming'!$A$1:$P$58,14,FALSE) -> Hydrocarbon (alkane) | AF5: =VLOOKUP($E5,'Product Naming'!$A$1:$P$58,15,FALSE) -> Acetyl-CoA | AG5: =VLOOKUP($E5,'Product Naming'!$A$1:$P$58,16,FALSE) -> Diffusion | AH5: =VLOOKUP($E5,'Product Naming'!$A$1:$Q$58,17,FALSE) -> pent_c | AI5: =VLOOKUP($E5,'Product Parameters'!$A$2:$D$59,2,FALSE) -> 0 | AJ5: =VLOOKUP($E5,'Product Parameters'!$A$2:$D$59,3,FALSE) -> 1 | AK5: =VLOOKUP($E5,'Product Parameters'!$A$2:$D$59,4,FALSE) -> 0.12 | AL5: =VLOOKUP($E5,'Product Parameters'!$A$2:$E$59,5,FALSE) -> 26.5 | AM5: =VLOOKUP($E5,'Product Parameters'!$A$2:$F$59,6,FALSE) -> 5 | AN5: =VLOOKUP($C5,'Substrate Heating'!$A$2:$C$33,3,FALSE) -> 247.59097 | AO5: =VLOOKUP($C5,'Substrate Heating'!$A$2:$B$33,2,FALSE) -> 5.5 | AP5: =VLOOKUP($C5,'Substrate Heating'!$A$2:$M$33,13,FALSE) -> 1 | AQ5: =VLOOKUP($C5,'Substrate Heating'!$A$2:$M$33,8,FALSE) -> 1 | AR5: =Q5*W5/AQ5 -> 0.053043868
A6: 2021-05-25 | B6: iJO1366 | C6: Formate_SerineCycle | D6: ECR-C1a | E6: Heptane | F6: EX_heptane_e | G6: -10 | H6: -20 | I6: NA | J6: 3.15 | K6: -10 | L6: -4.1398878 | M6: NA | N6: 9.4526559 | O6: 0.078192016 | Q6: 0.0078192016 | R6: 0.017021366 | S6: =VLOOKUP($E6,'Product Naming'!$A$1:$P$58,2,FALSE) -> Heptane | T6: =VLOOKUP($E6,'Product Naming'!$A$1:$P$58,3,FALSE) -> Heptane | U6: =VLOOKUP($E6,'Product Naming'!$A$1:$P$58,4,FALSE) -> E | V6: =VLOOKUP($E6,'Product Naming'!$A$1:$P$58,5,FALSE) -> C7H16 | W6: =VLOOKUP($E6,'Product Naming'!$A$1:$P$58,6,FALSE) -> 7 | X6: =VLOOKUP($E6,'Product Naming'!$A$1:$P$58,7,FALSE) -> 16 | Y6: =VLOOKUP($E6,'Product Naming'!$A$1:$P$58,8,FALSE) -> 0 | Z6: =VLOOKUP($E6,'Product Naming'!$A$1:$P$58,9,FALSE) -> 0 | AA6: =VLOOKUP($E6,'Product Naming'!$A$1:$P$58,10,FALSE) -> 0 | AB6: =VLOOKUP($E6,'Product Naming'!$A$1:$P$58,11,FALSE) -> 6.2857143 | AC6: =VLOOKUP($E6,'Product Naming'!$A$1:$P$58,12,FALSE) -> 100.20034 | AD6: =VLOOKUP($E6,'Product Naming'!$A$1:$P$58,13,FALSE) -> 98 | AE6: =VLOOKUP($E6,'Product Naming'!$A$1:$P$58,14,FALSE) -> Hydrocarbon (alkane) | AF6: =VLOOKUP($E6,'Product Naming'!$A$1:$P$58,15,FALSE) -> Acetyl-CoA | AG6: =VLOOKUP($E6,'Product Naming'!$A$1:$P$58,16,FALSE) -> Proton symporter | AH6: =VLOOKUP($E6,'Product Naming'!$A$1:$Q$58,17,FALSE) -> hept_c | AI6: =VLOOKUP($E6,'Product Parameters'!$A$2:$D$59,2,FALSE) -> 1 | AJ6: =VLOOKUP($E6,'Product Parameters'!$A$2:$D$59,3,FALSE) -> 0 | AK6: =VLOOKUP($E6,'Product Parameters'!$A$2:$D$59,4,FALSE) -> 0.12 | AL6: =VLOOKUP($E6,'Product Parameters'!$A$2:$E$59,5,FALSE) -> 36 | AM6: =VLOOKUP($E6,'Product Parameters'!$A$2:$F$59,6,FALSE) -> 7 | AN6: =VLOOKUP($C6,'Substrate Heating'!$A$2:$C$33,3,FALSE) -> 247.59097 | AO6: =VLOOKUP($C6,'Substrate Heating'!$A$2:$B$33,2,FALSE) -> 5.5 | AP6: =VLOOKUP($C6,'Substrate Heating'!$A$2:$M$33,13,FALSE) -> 1 | AQ6: =VLOOKUP($C6,'Substrate Heating'!$A$2:$M$33,8,FALSE) -> 1 | AR6: =Q6*W6/AQ6 -> 0.054734411
A7: 2021-05-25 | B7: iJO1366 | C7: Formate_SerineCycle | D7: ECR-C1a | E7: Hexane | F7: EX_hexane_e | G7: -10 | H7: -20 | I7: NA | J7: 3.15 | K7: -10 | L7: -4.1323699 | M7: NA | N7: 9.4520231 | O7: 0.09132948 | Q7: 0.009132948 | R7: 0.017098178 | S7: =VLOOKUP($E7,'Product Naming'!$A$1:$P$58,2,FALSE) -> Hexane | T7: =VLOOKUP($E7,'Product Naming'!$A$1:$P$58,3,FALSE) -> Hexane | U7: =VLOOKUP($E7,'Product Naming'!$A$1:$P$58,4,FALSE) -> E | V7: =VLOOKUP($E7,'Product Naming'!$A$1:$P$58,5,FALSE) -> C6H14 | W7: =VLOOKUP($E7,'Product Naming'!$A$1:$P$58,6,FALSE) -> 6 | X7: =VLOOKUP($E7,'Product Naming'!$A$1:$P$58,7,FALSE) -> 14 | Y7: =VLOOKUP($E7,'Product Naming'!$A$1:$P$58,8,FALSE) -> 0 | Z7: =VLOOKUP($E7,'Product Naming'!$A$1:$P$58,9,FALSE) -> 0 | AA7: =VLOOKUP($E7,'Product Naming'!$A$1:$P$58,10,FALSE) -> 0 | AB7: =VLOOKUP($E7,'Product Naming'!$A$1:$P$58,11,FALSE) -> 6.3333333 | AC7: =VLOOKUP($E7,'Product Naming'!$A$1:$P$58,12,FALSE) -> 86.17396 | AD7: =VLOOKUP($E7,'Product Naming'!$A$1:$P$58,13,FALSE) -> 69 | AE7: =VLOOKUP($E7,'Product Naming'!$A$1:$P$58,14,FALSE) -> Hydrocarbon (alkane) | AF7: =VLOOKUP($E7,'Product Naming'!$A$1:$P$58,15,FALSE) -> Acetyl-CoA + Succinyl-CoA | AG7: =VLOOKUP($E7,'Product Naming'!$A$1:$P$58,16,FALSE) -> Proton symporter | AH7: =VLOOKUP($E7,'Product Naming'!$A$1:$Q$58,17,FALSE) -> hex_c | AI7: =VLOOKUP($E7,'Product Parameters'!$A$2:$D$59,2,FALSE) -> 1 | AJ7: =VLOOKUP($E7,'Product Parameters'!$A$2:$D$59,3,FALSE) -> 0 | AK7: =VLOOKUP($E7,'Product Parameters'!$A$2:$D$59,4,FALSE) -> 0.12 | AL7: =VLOOKUP($E7,'Product Parameters'!$A$2:$E$59,5,FALSE) -> 31 | AM7: =VLOOKUP($E7,'Product Parameters'!$A$2:$F$59,6,FALSE) -> 6 | AN7: =VLOOKUP($C7,'Substrate Heating'!$A$2:$C$33,3,FALSE) -> 247.59097 | AO7: =VLOOKUP($C7,'Substrate Heating'!$A$2:$B$33,2,FALSE) -> 5.5 | AP7: =VLOOKUP($C7,'Substrate Heating'!$A$2:$M$33,13,FALSE) -> 1 | AQ7: =VLOOKUP($C7,'Substrate Heating'!$A$2:$M$33,8,FALSE) -> 1 | AR7: =Q7*W7/AQ7 -> 0.054797688
A8: 2021-05-25 | B8: iJO1366 | C8: Formate_SerineCycle | D8: ECR-C1a | E8: Nonane | F8: EX_nonane_e | G8: -10 | H8: -20 | I8: NA | J8: 3.15 | K8: -10 | L8: -4.1343595 | M8: NA | N8: 9.4435168 | O8: 0.061831464 | Q8: 0.0061831464 | R8: 0.017228212 | S8: =VLOOKUP($E8,'Product Naming'!$A$1:$P$58,2,FALSE) -> Nonane | T8: =VLOOKUP($E8,'Product Naming'!$A$1:$P$58,3,FALSE) -> Nonane | U8: =VLOOKUP($E8,'Product Naming'!$A$1:$P$58,4,FALSE) -> E | V8: =VLOOKUP($E8,'Product Naming'!$A$1:$P$58,5,FALSE) -> C9H20 | W8: =VLOOKUP($E8,'Product Naming'!$A$1:$P$58,6,FALSE) -> 9 | X8: =VLOOKUP($E8,'Product Naming'!$A$1:$P$58,7,FALSE) -> 20 | Y8: =VLOOKUP($E8,'Product Naming'!$A$1:$P$58,8,FALSE) -> 0 | Z8: =VLOOKUP($E8,'Product Naming'!$A$1:$P$58,9,FALSE) -> 0 | AA8: =VLOOKUP($E8,'Product Naming'!$A$1:$P$58,10,FALSE) -> 0 | AB8: =VLOOKUP($E8,'Product Naming'!$A$1:$P$58,11,FALSE) -> 6.2222222 | AC8: =VLOOKUP($E8,'Product Naming'!$A$1:$P$58,12,FALSE) -> 128.2531 | AD8: =VLOOKUP($E8,'Product Naming'!$A$1:$P$58,13,FALSE) -> 151 | AE8: =VLOOKUP($E8,'Product Naming'!$A$1:$P$58,14,FALSE) -> Hydrocarbon (alkane) | AF8: =VLOOKUP($E8,'Product Naming'!$A$1:$P$58,15,FALSE) -> Acetyl-CoA | AG8: =VLOOKUP($E8,'Product Naming'!$A$1:$P$58,16,FALSE) -> Proton symporter | AH8: =VLOOKUP($E8,'Product Naming'!$A$1:$Q$58,17,FALSE) -> nonan_c | AI8: =VLOOKUP($E8,'Product Parameters'!$A$2:$D$59,2,FALSE) -> 1 | AJ8: =VLOOKUP($E8,'Product Parameters'!$A$2:$D$59,3,FALSE) -> 0 | AK8: =VLOOKUP($E8,'Product Parameters'!$A$2:$D$59,4,FALSE) -> 0.12 | AL8: =VLOOKUP($E8,'Product Parameters'!$A$2:$E$59,5,FALSE) -> 46.5 | AM8: =VLOOKUP($E8,'Product Parameters'!$A$2:$F$59,6,FALSE) -> 9 | AN8: =VLOOKUP($C8,'Substrate Heating'!$A$2:$C$33,3,FALSE) -> 247.59097 | AO8: =VLOOKUP($C8,'Substrate Heating'!$A$2:$B$33,2,FALSE) -> 5.5 | AP8: =VLOOKUP($C8,'Substrate Heating'!$A$2:$M$33,13,FALSE) -> 1 | AQ8: =VLOOKUP($C8,'Substrate Heating'!$A$2:$M$33,8,FALSE) -> 1 | AR8: =Q8*W8/AQ8 -> 0.055648317
A9: 2021-05-25 | B9: iJO1366 | C9: Formate_SerineCycle | D9: ECR-C1a | E9: Octane | F9: EX_octane_e | G9: -10 | H9: -20 | I9: NA | J9: 3.15 | K9: -10 | L9: -4.127907 | M9: NA | N9: 9.4418605 | O9: 0.069767442 | Q9: 0.0069767442 | R9: 0.017313438 | S9: =VLOOKUP($E9,'Product Naming'!$A$1:$P$58,2,FALSE) -> Octane | T9: =VLOOKUP($E9,'Product Naming'!$A$1:$P$58,3,FALSE) -> Octane | U9: =VLOOKUP($E9,'Product Naming'!$A$1:$P$58,4,FALSE) -> E | V9: =VLOOKUP($E9,'Product Naming'!$A$1:$P$58,5,FALSE) -> C8H18 | W9: =VLOOKUP($E9,'Product Naming'!$A$1:$P$58,6,FALSE) -> 8 | X9: =VLOOKUP($E9,'Product Naming'!$A$1:$P$58,7,FALSE) -> 18 | Y9: =VLOOKUP($E9,'Product Naming'!$A$1:$P$58,8,FALSE) -> 0 | Z9: =VLOOKUP($E9,'Product Naming'!$A$1:$P$58,9,FALSE) -> 0 | AA9: =VLOOKUP($E9,'Product Naming'!$A$1:$P$58,10,FALSE) -> 0 | AB9: =VLOOKUP($E9,'Product Naming'!$A$1:$P$58,11,FALSE) -> 6.25 | AC9: =VLOOKUP($E9,'Product Naming'!$A$1:$P$58,12,FALSE) -> 114.22672 | AD9: =VLOOKUP($E9,'Product Naming'!$A$1:$P$58,13,FALSE) -> 126 | AE9: =VLOOKUP($E9,'Product Naming'!$A$1:$P$58,14,FALSE) -> Hydrocarbon (alkane) | AF9: =VLOOKUP($E9,'Product Naming'!$A$1:$P$58,15,FALSE) -> Acetyl-CoA + Succinyl-CoA | AG9: =VLOOKUP($E9,'Product Naming'!$A$1:$P$58,16,FALSE) -> Proton symporter | AH9: =VLOOKUP($E9,'Product Naming'!$A$1:$Q$58,17,FALSE) -> octn_c | AI9: =VLOOKUP($E9,'Product Parameters'!$A$2:$D$59,2,FALSE) -> 1 | AJ9: =VLOOKUP($E9,'Product Parameters'!$A$2:$D$59,3,FALSE) -> 0 | AK9: =VLOOKUP($E9,'Product Parameters'!$A$2:$D$59,4,FALSE) -> 0.12 | AL9: =VLOOKUP($E9,'Product Parameters'!$A$2:$E$59,5,FALSE) -> 41 | AM9: =VLOOKUP($E9,'Product Parameters'!$A$2:$F$59,6,FALSE) -> 8 | AN9: =VLOOKUP($C9,'Substrate Heating'!$A$2:$C$33,3,FALSE) -> 247.59097 | AO9: =VLOOKUP($C9,'Substrate Heating'!$A$2:$B$33,2,FALSE) -> 5.5 | AP9: =VLOOKUP($C9,'Substrate Heating'!$A$2:$M$33,13,FALSE) -> 1 | AQ9: =VLOOKUP($C9,'Substrate Heating'!$A$2:$M$33,8,FALSE) -> 1 | AR9: =Q9*W9/AQ9 -> 0.055813953
A10: 2021-05-11 | B10: iJO1366 | C10: Formate_SerineCycle | D10: ECR-C1a | E10: BetaCarotene | F10: EX_caro_e | G10: -10 | H10: -20 | I10: NA | J10: 3.15 | K10: -10 | L10: -4.1604566 | M10: NA | N10: 9.378116 | O10: 0.0155471 | Q10: 0.00155471 | R10: 0.018133388 | S10: =VLOOKUP($E10,'Product Naming'!$A$1:$P$58,2,FALSE) -> BetaCarotene | T10: =VLOOKUP($E10,'Product Naming'!$A$1:$P$58,3,FALSE) -> Beta carotene | U10: =VLOOKUP($E10,'Product Naming'!$A$1:$P$58,4,FALSE) -> A | V10: =VLOOKUP($E10,'Product Naming'!$A$1:$P$58,5,FALSE) -> C40H56 | W10: =VLOOKUP($E10,'Product Naming'!$A$1:$P$58,6,FALSE) -> 40 | X10: =VLOOKUP($E10,'Product Naming'!$A$1:$P$58,7,FALSE) -> 56 | Y10: =VLOOKUP($E10,'Product Naming'!$A$1:$P$58,8,FALSE) -> 0 | Z10: =VLOOKUP($E10,'Product Naming'!$A$1:$P$58,9,FALSE) -> 0 | AA10: =VLOOKUP($E10,'Product Naming'!$A$1:$P$58,10,FALSE) -> 0 | AB10: =VLOOKUP($E10,'Product Naming'!$A$1:$P$58,11,FALSE) -> 5.4 | AC10: =VLOOKUP($E10,'Product Naming'!$A$1:$P$58,12,FALSE) -> 536.86704 | AD10: =VLOOKUP($E10,'Product Naming'!$A$1:$P$58,13,FALSE) -> 633 | AE10: =VLOOKUP($E10,'Product Naming'!$A$1:$P$58,14,FALSE) -> Hydrocarbon | AF10: =VLOOKUP($E10,'Product Naming'!$A$1:$P$58,15,FALSE) -> Acetyl-CoA | AG10: =VLOOKUP($E10,'Product Naming'!$A$1:$P$58,16,FALSE) -> ABC Transporter | AH10: =VLOOKUP($E10,'Product Naming'!$A$1:$Q$58,17,FALSE) -> caro_c | AI10: =VLOOKUP($E10,'Product Parameters'!$A$2:$D$59,2,FALSE) -> 1 | AJ10: =VLOOKUP($E10,'Product Parameters'!$A$2:$D$59,3,FALSE) -> 0 | AK10: =VLOOKUP($E10,'Product Parameters'!$A$2:$D$59,4,FALSE) -> 0.12 | AL10: =VLOOKUP($E10,'Product Parameters'!$A$2:$E$59,5,FALSE) -> 40.65 | AM10: =VLOOKUP($E10,'Product Parameters'!$A$2:$F$59,6,FALSE) -> 40 | AN10: =VLOOKUP($C10,'Substrate Heating'!$A$2:$C$33,3,FALSE) -> 247.59097 | AO10: =VLOOKUP($C10,'Substrate Heating'!$A$2:$B$33,2,FALSE) -> 5.5 | AP10: =VLOOKUP($C10,'Substrate Heating'!$A$2:$M$33,13,FALSE) -> 1 | AQ10: =VLOOKUP($C10,'Substrate Heating'!$A$2:$M$33,8,FALSE) -> 1 | AR10: =Q10*W10/AQ10 -> 0.062188402
A11: 2021-05-11 | B11: iJO1366 | C11: Formate_SerineCycle | D11: ECR-C1a | E11: Isoprene | F11: EX_iprene_e | G11: -10 | H11: -20 | I11: NA | J11: 3.15 | K11: -10 | L11: -4.118491 | M11: NA | N11: 9.3703507 | O11: 0.12592986 | Q11: 0.012592986 | R11: 0.018635544 | S11: =VLOOKUP($E11,'Product Naming'!$A$1:$P$58,2,FALSE) -> Isoprene | T11: =VLOOKUP($E11,'Product Naming'!$A$1:$P$58,3,FALSE) -> Isoprene | U11: =VLOOKUP($E11,'Product Naming'!$A$1:$P$58,4,FALSE) -> E | V11: =VLOOKUP($E11,'Product Naming'!$A$1:$P$58,5,FALSE) -> C5H8 | W11: =VLOOKUP($E11,'Product Naming'!$A$1:$P$58,6,FALSE) -> 5 | X11: =VLOOKUP($E11,'Product Naming'!$A$1:$P$58,7,FALSE) -> 8 | Y11: =VLOOKUP($E11,'Product Naming'!$A$1:$P$58,8,FALSE) -> 0 | Z11: =VLOOKUP($E11,'Product Naming'!$A$1:$P$58,9,FALSE) -> 0 | AA11: =VLOOKUP($E11,'Product Naming'!$A$1:$P$58,10,FALSE) -> 0 | AB11: =VLOOKUP($E11,'Product Naming'!$A$1:$P$58,11,FALSE) -> 5.6 | AC11: =VLOOKUP($E11,'Product Naming'!$A$1:$P$58,12,FALSE) -> 68.11622 | AD11: =VLOOKUP($E11,'Product Naming'!$A$1:$P$58,13,FALSE) -> 34.07 | AE11: =VLOOKUP($E11,'Product Naming'!$A$1:$P$58,14,FALSE) -> Hydrocarbon | AF11: =VLOOKUP($E11,'Product Naming'!$A$1:$P$58,15,FALSE) -> Acetyl-CoA | AG11: =VLOOKUP($E11,'Product Naming'!$A$1:$P$58,16,FALSE) -> Diffusion | AH11: =VLOOKUP($E11,'Product Naming'!$A$1:$Q$58,17,FALSE) -> iprene_c | AI11: =VLOOKUP($E11,'Product Parameters'!$A$2:$D$59,2,FALSE) -> 0 | AJ11: =VLOOKUP($E11,'Product Parameters'!$A$2:$D$59,3,FALSE) -> 1 | AK11: =VLOOKUP($E11,'Product Parameters'!$A$2:$D$59,4,FALSE) -> 0.12 | AL11: =VLOOKUP($E11,'Product Parameters'!$A$2:$E$59,5,FALSE) -> 26.4 | AM11: =VLOOKUP($E11,'Product Parameters'!$A$2:$F$59,6,FALSE) -> 5 | AN11: =VLOOKUP($C11,'Substrate Heating'!$A$2:$C$33,3,FALSE) -> 247.59097 | AO11: =VLOOKUP($C11,'Substrate Heating'!$A$2:$B$33,2,FALSE) -> 5.5 | AP11: =VLOOKUP($C11,'Substrate Heating'!$A$2:$M$33,13,FALSE) -> 1 | AQ11: =VLOOKUP($C11,'Substrate Heating'!$A$2:$M$33,8,FALSE) -> 1 | AR11: =Q11*W11/AQ11 -> 0.062964931
A12: 2021-05-11 | B12: iJO1366 | C12: Formate_SerineCycle | D12: ECR-C1a | E12: Farnesene | F12: EX_frene_e | G12: -10 | H12: -20 | I12: NA | J12: 3.15 | K12: -10 | L12: -4.1177096 | M12: NA | N12: 9.3697926 | O12: 0.042013827 | Q12: 0.0042013827 | R12: 0.018652062 | S12: =VLOOKUP($E12,'Product Naming'!$A$1:$P$58,2,FALSE) -> Farnesene | T12: =VLOOKUP($E12,'Product Naming'!$A$1:$P$58,3,FALSE) -> Farnesene | U12: =VLOOKUP($E12,'Product Naming'!$A$1:$P$58,4,FALSE) -> A | V12: =VLOOKUP($E12,'Product Naming'!$A$1:$P$58,5,FALSE) -> C15H24 | W12: =VLOOKUP($E12,'Product Naming'!$A$1:$P$58,6,FALSE) -> 15 | X12: =VLOOKUP($E12,'Product Naming'!$A$1:$P$58,7,FALSE) -> 24 | Y12: =VLOOKUP($E12,'Product Naming'!$A$1:$P$58,8,FALSE) -> 0 | Z12: =VLOOKUP($E12,'Product Naming'!$A$1:$P$58,9,FALSE) -> 0 | AA12: =VLOOKUP($E12,'Product Naming'!$A$1:$P$58,10,FALSE) -> 0 | AB12: =VLOOKUP($E12,'Product Naming'!$A$1:$P$58,11,FALSE) -> 5.6 | AC12: =VLOOKUP($E12,'Product Naming'!$A$1:$P$58,12,FALSE) -> 204.34866 | AD12: =VLOOKUP($E12,'Product Naming'!$A$1:$P$58,13,FALSE) -> 260 (A)/272 (B) | AE12: =VLOOKUP($E12,'Product Naming'!$A$1:$P$58,14,FALSE) -> Hydrocarbon | AF12: =VLOOKUP($E12,'Product Naming'!$A$1:$P$58,15,FALSE) -> Acetyl-CoA | AG12: =VLOOKUP($E12,'Product Naming'!$A$1:$P$58,16,FALSE) -> Proton symporter | AH12: =VLOOKUP($E12,'Product Naming'!$A$1:$Q$58,17,FALSE) -> frene_c | AI12: =VLOOKUP($E12,'Product Parameters'!$A$2:$D$59,2,FALSE) -> 1 | AJ12: =VLOOKUP($E12,'Product Parameters'!$A$2:$D$59,3,FALSE) -> 0 | AK12: =VLOOKUP($E12,'Product Parameters'!$A$2:$D$59,4,FALSE) -> 0.12 | AL12: =VLOOKUP($E12,'Product Parameters'!$A$2:$E$59,5,FALSE) -> 0 | AM12: =VLOOKUP($E12,'Product Parameters'!$A$2:$F$59,6,FALSE) -> 15 | AN12: =VLOOKUP($C12,'Substrate Heating'!$A$2:$C$33,3,FALSE) -> 247.59097 | AO12: =VLOOKUP($C12,'Substrate Heating'!$A$2:$B$33,2,FALSE) -> 5.5 | AP12: =VLOOKUP($C12,'Substrate Heating'!$A$2:$M$33,13,FALSE) -> 1 | AQ12: =VLOOKUP($C12,'Substrate Heating'!$A$2:$M$33,8,FALSE) -> 1 | AR12: =Q12*W12/AQ12 -> 0.063020741
A13: 2021-05-17 | B13: iJO1366 | C13: Formate_SerineCycle | D13: ECR-C1a | E13: Limonene | F13: EX_limnen_e | G13: -10 | H13: -20 | I13: NA | J13: 3.15 | K13: -10 | L13: -4.1173184 | M13: NA | N13: 9.3695132 | O13: 0.063048683 | Q13: 0.0063048683 | R13: 0.018660331 | S13: =VLOOKUP($E13,'Product Naming'!$A$1:$P$58,2,FALSE) -> Limonene | T13: =VLOOKUP($E13,'Product Naming'!$A$1:$P$58,3,FALSE) -> Limonene | U13: =VLOOKUP($E13,'Product Naming'!$A$1:$P$58,4,FALSE) -> E | V13: =VLOOKUP($E13,'Product Naming'!$A$1:$P$58,5,FALSE) -> C10H16 | W13: =VLOOKUP($E13,'Product Naming'!$A$1:$P$58,6,FALSE) -> 10 | X13: =VLOOKUP($E13,'Product Naming'!$A$1:$P$58,7,FALSE) -> 16 | Y13: =VLOOKUP($E13,'Product Naming'!$A$1:$P$58,8,FALSE) -> 0 | Z13: =VLOOKUP($E13,'Product Naming'!$A$1:$P$58,9,FALSE) -> 0 | AA13: =VLOOKUP($E13,'Product Naming'!$A$1:$P$58,10,FALSE) -> 0 | AB13: =VLOOKUP($E13,'Product Naming'!$A$1:$P$58,11,FALSE) -> 5.6 | AC13: =VLOOKUP($E13,'Product Naming'!$A$1:$P$58,12,FALSE) -> 136.23244 | AD13: =VLOOKUP($E13,'Product Naming'!$A$1:$P$58,13,FALSE) -> 176 | AE13: =VLOOKUP($E13,'Product Naming'!$A$1:$P$58,14,FALSE) -> Isoprenoid; Aromatic (Cycloalkane) | AF13: =VLOOKUP($E13,'Product Naming'!$A$1:$P$58,15,FALSE) -> Acetyl-CoA | AG13: =VLOOKUP($E13,'Product Naming'!$A$1:$P$58,16,FALSE) -> Proton symporter | AH13: =VLOOKUP($E13,'Product Naming'!$A$1:$Q$58,17,FALSE) -> limnen_c | AI13: =VLOOKUP($E13,'Product Parameters'!$A$2:$D$59,2,FALSE) -> 1 | AJ13: =VLOOKUP($E13,'Product Parameters'!$A$2:$D$59,3,FALSE) -> 0 | AK13: =VLOOKUP($E13,'Product Parameters'!$A$2:$D$59,4,FALSE) -> 0.12 | AL13: =VLOOKUP($E13,'Product Parameters'!$A$2:$E$59,5,FALSE) -> 49.5 | AM13: =VLOOKUP($E13,'Product Parameters'!$A$2:$F$59,6,FALSE) -> 10 | AN13: =VLOOKUP($C13,'Substrate Heating'!$A$2:$C$33,3,FALSE) -> 247.59097 | AO13: =VLOOKUP($C13,'Substrate Heating'!$A$2:$B$33,2,FALSE) -> 5.5 | AP13: =VLOOKUP($C13,'Substrate Heating'!$A$2:$M$33,13,FALSE) -> 1 | AQ13: =VLOOKUP($C13,'Substrate Heating'!$A$2:$M$33,8,FALSE) -> 1 | AR13: =Q13*W13/AQ13 -> 0.063048683
... A68: 2021-05-11 | B68: iJO1366 | C68: Formate_RGP-Serine | D68: ECR-C1a | E68: Pentanol-PW2 | F68: EX_pentoh_e | G68: -10 | H68: -20 | I68: NA | J68: 3.15 | K68: -10 | L68: -3.2313433 | M68: NA | N68: 8.8208955 | O68: 0.2358209 | Q68: 0.02358209 | R68: 0.045159648 | S68: =VLOOKUP($E68,'Product Naming'!$A$1:$P$58,2,FALSE) -> Pentanol-PW2 | T68: =VLOOKUP($E68,'Product Naming'!$A$1:$P$58,3,FALSE) -> Pentanol (PW2) | U68: =VLOOKUP($E68,'Product Naming'!$A$1:$P$58,4,FALSE) -> E | V68: =VLOOKUP($E68,'Product Naming'!$A$1:$P$58,5,FALSE) -> C5H12O | W68: =VLOOKUP($E68,'Product Naming'!$A$1:$P$58,6,FALSE) -> 5 | X68: =VLOOKUP($E68,'Product Naming'!$A$1:$P$58,7,FALSE) -> 12 | Y68: =VLOOKUP($E68,'Product Naming'!$A$1:$P$58,8,FALSE) -> 1 | Z68: =VLOOKUP($E68,'Product Naming'!$A$1:$P$58,9,FALSE) -> 0 | AA68: =VLOOKUP($E68,'Product Naming'!$A$1:$P$58,10,FALSE) -> 0 | AB68: =VLOOKUP($E68,'Product Naming'!$A$1:$P$58,11,FALSE) -> 6 | AC68: =VLOOKUP($E68,'Product Naming'!$A$1:$P$58,12,FALSE) -> 88.14658 | AD68: =VLOOKUP($E68,'Product Naming'!$A$1:$P$58,13,FALSE) -> 138 | AE68: =VLOOKUP($E68,'Product Naming'!$A$1:$P$58,14,FALSE) -> Alcohol | AF68: =VLOOKUP($E68,'Product Naming'!$A$1:$P$58,15,FALSE) -> Oxaloacetate | AG68: =VLOOKUP($E68,'Product Naming'!$A$1:$P$58,16,FALSE) -> Proton symporter | AH68: =VLOOKUP($E68,'Product Naming'!$A$1:$Q$58,17,FALSE) -> pentoh_c | AI68: =VLOOKUP($E68,'Product Parameters'!$A$2:$D$59,2,FALSE) -> 1 | AJ68: =VLOOKUP($E68,'Product Parameters'!$A$2:$D$59,3,FALSE) -> 0 | AK68: =VLOOKUP($E68,'Product Parameters'!$A$2:$D$59,4,FALSE) -> 0.12 | AL68: =VLOOKUP($E68,'Product Parameters'!$A$2:$E$59,5,FALSE) -> 57 | AM68: =VLOOKUP($E68,'Product Parameters'!$A$2:$F$59,6,FALSE) -> 5 | AN68: =VLOOKUP($C68,'Substrate Heating'!$A$2:$C$33,3,FALSE) -> 247.59097 | AO68: =VLOOKUP($C68,'Substrate Heating'!$A$2:$B$33,2,FALSE) -> 5.5 | AP68: =VLOOKUP($C68,'Substrate Heating'!$A$2:$M$33,13,FALSE) -> 1 | AQ68: =VLOOKUP($C68,'Substrate Heating'!$A$2:$M$33,8,FALSE) -> 1 | AR68: =Q68*W68/AQ68 -> 0.11791045
A69: 2021-05-27 | B69: iHN637 | C69: FOR_1:H2_0 | D69: ECR-C1b | E69: Phenol | F69: EX_phenol_e | G69: -10 | H69: 0 | I69: 0 | J69: 0.45 | K69: -10 | L69: 0 | M69: 0 | N69: 5.2252632 | O69: 0.22526316 | Q69: 0.022526316 | R69: 0.046056385 | S69: =VLOOKUP($E69,'Product Naming'!$A$1:$P$58,2,FALSE) -> Phenol | T69: =VLOOKUP($E69,'Product Naming'!$A$1:$P$58,3,FALSE) -> Phenol | U69: =VLOOKUP($E69,'Product Naming'!$A$1:$P$58,4,FALSE) -> E-S | V69: =VLOOKUP($E69,'Product Naming'!$A$1:$P$58,5,FALSE) -> C6H6O | W69: =VLOOKUP($E69,'Product Naming'!$A$1:$P$58,6,FALSE) -> 6 | X69: =VLOOKUP($E69,'Product Naming'!$A$1:$P$58,7,FALSE) -> 6 | Y69: =VLOOKUP($E69,'Product Naming'!$A$1:$P$58,8,FALSE) -> 1 | Z69: =VLOOKUP($E69,'Product Naming'!$A$1:$P$58,9,FALSE) -> 0 | AA69: =VLOOKUP($E69,'Product Naming'!$A$1:$P$58,10,FALSE) -> 0 | AB69: =VLOOKUP($E69,'Product Naming'!$A$1:$P$58,11,FALSE) -> 4.6666667 | AC69: =VLOOKUP($E69,'Product Naming'!$A$1:$P$58,12,FALSE) -> 94.11024 | AD69: =VLOOKUP($E69,'Product Naming'!$A$1:$P$58,13,FALSE) -> 181.7 | AE69: =VLOOKUP($E69,'Product Naming'!$A$1:$P$58,14,FALSE) -> Aromatic + Alcohol | AF69: =VLOOKUP($E69,'Product Naming'!$A$1:$P$58,15,FALSE) -> E4P + L-glutamate | AG69: =VLOOKUP($E69,'Product Naming'!$A$1:$P$58,16,FALSE) -> Proton symporter | AH69: =VLOOKUP($E69,'Product Naming'!$A$1:$Q$58,17,FALSE) -> phenol_c | AI69: =VLOOKUP($E69,'Product Parameters'!$A$2:$D$59,2,FALSE) -> 1 | AJ69: =VLOOKUP($E69,'Product Parameters'!$A$2:$D$59,3,FALSE) -> 0 | AK69: =VLOOKUP($E69,'Product Parameters'!$A$2:$D$59,4,FALSE) -> 0.12 | AL69: =VLOOKUP($E69,'Product Parameters'!$A$2:$E$59,5,FALSE) -> 58.8 | AM69: =VLOOKUP($E69,'Product Parameters'!$A$2:$F$59,6,FALSE) -> 6 | AN69: =VLOOKUP($C69,'Substrate Heating'!$A$2:$C$33,3,FALSE) -> 247.59097 | AO69: =VLOOKUP($C69,'Substrate Heating'!$A$2:$B$33,2,FALSE) -> 5.5 | AP69: =VLOOKUP($C69,'Substrate Heating'!$A$2:$M$33,13,FALSE) -> 1 | AQ69: =VLOOKUP($C69,'Substrate Heating'!$A$2:$M$33,8,FALSE) -> 1 | AR69: =Q69*W69/AQ69 -> 0.13515789
A70: 2021-05-11 | B70: iJO1366 | C70: Formate_RGP-Serine | D70: ECR-C1a | E70: Butanol-PW2 | F70: EX_btoh_e | G70: -10 | H70: -20 | I70: NA | J70: 3.15 | K70: -10 | L70: -3.2763636 | M70: NA | N70: 8.8509091 | O70: 0.28727273 | Q70: 0.028727273 | R70: 0.046258738 | S70: =VLOOKUP($E70,'Product Naming'!$A$1:$P$58,2,FALSE) -> Butanol-PW2 | T70: =VLOOKUP($E70,'Product Naming'!$A$1:$P$58,3,FALSE) -> Butanol (PW2) | U70: =VLOOKUP($E70,'Product Naming'!$A$1:$P$58,4,FALSE) -> E | V70: =VLOOKUP($E70,'Product Naming'!$A$1:$P$58,5,FALSE) -> C4H10O | W70: =VLOOKUP($E70,'Product Naming'!$A$1:$P$58,6,FALSE) -> 4 | X70: =VLOOKUP($E70,'Product Naming'!$A$1:$P$58,7,FALSE) -> 10 | Y70: =VLOOKUP($E70,'Product Naming'!$A$1:$P$58,8,FALSE) -> 1 | Z70: =VLOOKUP($E70,'Product Naming'!$A$1:$P$58,9,FALSE) -> 0 | AA70: =VLOOKUP($E70,'Product Naming'!$A$1:$P$58,10,FALSE) -> 0 | AB70: =VLOOKUP($E70,'Product Naming'!$A$1:$P$58,11,FALSE) -> 6 | AC70: =VLOOKUP($E70,'Product Naming'!$A$1:$P$58,12,FALSE) -> 74.1202 | AD70: =VLOOKUP($E70,'Product Naming'!$A$1:$P$58,13,FALSE) -> 117.7 | AE70: =VLOOKUP($E70,'Product Naming'!$A$1:$P$58,14,FALSE) -> Alcohol | AF70: =VLOOKUP($E70,'Product Naming'!$A$1:$P$58,15,FALSE) -> Oxaloacetate | AG70: =VLOOKUP($E70,'Product Naming'!$A$1:$P$58,16,FALSE) -> Proton symporter | AH70: =VLOOKUP($E70,'Product Naming'!$A$1:$Q$58,17,FALSE) -> btoh_c | AI70: =VLOOKUP($E70,'Product Parameters'!$A$2:$D$59,2,FALSE) -> 1 | AJ70: =VLOOKUP($E70,'Product Parameters'!$A$2:$D$59,3,FALSE) -> 0 | AK70: =VLOOKUP($E70,'Product Parameters'!$A$2:$D$59,4,FALSE) -> 0.12 | AL70: =VLOOKUP($E70,'Product Parameters'!$A$2:$E$59,5,FALSE) -> 52 | AM70: =VLOOKUP($E70,'Product Parameters'!$A$2:$F$59,6,FALSE) -> 4 | AN70: =VLOOKUP($C70,'Substrate Heating'!$A$2:$C$33,3,FALSE) -> 247.59097 | AO70: =VLOOKUP($C70,'Substrate Heating'!$A$2:$B$33,2,FALSE) -> 5.5 | AP70: =VLOOKUP($C70,'Substrate Heating'!$A$2:$M$33,13,FALSE) -> 1 | AQ70: =VLOOKUP($C70,'Substrate Heating'!$A$2:$M$33,8,FALSE) -> 1 | AR70: =Q70*W70/AQ70 -> 0.11490909
A71: 2021-05-11 | B71: iJO1366 | C71: Formate_RGP-Serine | D71: ECR-C1a | E71: 4-Hydroxystyrene | F71: EX_hxst_e | G71: -10 | H71: -20 | I71: NA | J71: 3.15 | K71: -10 | L71: -3.3134831 | M71: NA | N71: 8.5797753 | O71: 0.17752809 | Q71: 0.017752809 | R71: 0.046338713 | S71: =VLOOKUP($E71,'Product Naming'!$A$1:$P$58,2,FALSE) -> 4-Hydroxystyrene | T71: =VLOOKUP($E71,'Product Naming'!$A$1:$P$58,3,FALSE) -> 4-Hydroxystyrene | U71: =VLOOKUP($E71,'Product Naming'!$A$1:$P$58,4,FALSE) -> E | V71: =VLOOKUP($E71,'Product Naming'!$A$1:$P$58,5,FALSE) -> C8H8O | W71: =VLOOKUP($E71,'Product Naming'!$A$1:$P$58,6,FALSE) -> 8 | X71: =VLOOKUP($E71,'Product Naming'!$A$1:$P$58,7,FALSE) -> 8 | Y71: =VLOOKUP($E71,'Product Naming'!$A$1:$P$58,8,FALSE) -> 1 | Z71: =VLOOKUP($E71,'Product Naming'!$A$1:$P$58,9,FALSE) -> 0 | AA71: =VLOOKUP($E71,'Product Naming'!$A$1:$P$58,10,FALSE) -> 0 | AB71: =VLOOKUP($E71,'Product Naming'!$A$1:$P$58,11,FALSE) -> 4.75 | AC71: =VLOOKUP($E71,'Product Naming'!$A$1:$P$58,12,FALSE) -> 120.14732 | AD71: =VLOOKUP($E71,'Product Naming'!$A$1:$P$58,13,FALSE) -> 229 | AE71: =VLOOKUP($E71,'Product Naming'!$A$1:$P$58,14,FALSE) -> Aromatic + Alcohol | AF71: =VLOOKUP($E71,'Product Naming'!$A$1:$P$58,15,FALSE) -> E4P + L-glutamate | AG71: =VLOOKUP($E71,'Product Naming'!$A$1:$P$58,16,FALSE) -> Proton symporter | AH71: =VLOOKUP($E71,'Product Naming'!$A$1:$Q$58,17,FALSE) -> 4hxst_c | AI71: =VLOOKUP($E71,'Product Parameters'!$A$2:$D$59,2,FALSE) -> 1 | AJ71: =VLOOKUP($E71,'Product Parameters'!$A$2:$D$59,3,FALSE) -> 0 | AK71: =VLOOKUP($E71,'Product Parameters'!$A$2:$D$59,4,FALSE) -> 0.12 | AL71: =VLOOKUP($E71,'Product Parameters'!$A$2:$E$59,5,FALSE) -> 40.65 | AM71: =VLOOKUP($E71,'Product Parameters'!$A$2:$F$59,6,FALSE) -> 8 | AN71: =VLOOKUP($C71,'Substrate Heating'!$A$2:$C$33,3,FALSE) -> 247.59097 | AO71: =VLOOKUP($C71,'Substrate Heating'!$A$2:$B$33,2,FALSE) -> 5.5 | AP71: =VLOOKUP($C71,'Substrate Heating'!$A$2:$M$33,13,FALSE) -> 1 | AQ71: =VLOOKUP($C71,'Substrate Heating'!$A$2:$M$33,8,FALSE) -> 1 | AR71: =Q71*W71/AQ71 -> 0.14202247
A72: 2021-05-27 | B72: iHN637 | C72: FOR_1:H2_0 | D72: ECR-C1b | E72: Styrene | F72: EX_styr_e | G72: -10 | H72: 0 | I72: 0 | J72: 0.45 | K72: -10 | L72: 0 | M72: 0 | N72: 5.4115385 | O72: 0.20576923 | Q72: 0.020576923 | R72: 0.046558127 | S72: =VLOOKUP($E72,'Product Naming'!$A$1:$P$58,2,FALSE) -> Styrene | T72: =VLOOKUP($E72,'Product Naming'!$A$1:$P$58,3,FALSE) -> Styrene | U72: =VLOOKUP($E72,'Product Naming'!$A$1:$P$58,4,FALSE) -> E-S | V72: =VLOOKUP($E72,'Product Naming'!$A$1:$P$58,5,FALSE) -> C8H8 | W72: =VLOOKUP($E72,'Product Naming'!$A$1:$P$58,6,FALSE) -> 8 | X72: =VLOOKUP($E72,'Product Naming'!$A$1:$P$58,7,FALSE) -> 8 | Y72: =VLOOKUP($E72,'Product Naming'!$A$1:$P$58,8,FALSE) -> 0 | Z72: =VLOOKUP($E72,'Product Naming'!$A$1:$P$58,9,FALSE) -> 0 | AA72: =VLOOKUP($E72,'Product Naming'!$A$1:$P$58,10,FALSE) -> 0 | AB72: =VLOOKUP($E72,'Product Naming'!$A$1:$P$58,11,FALSE) -> 5 | AC72: =VLOOKUP($E72,'Product Naming'!$A$1:$P$58,12,FALSE) -> 104.14832 | AD72: =VLOOKUP($E72,'Product Naming'!$A$1:$P$58,13,FALSE) -> 145 | AE72: =VLOOKUP($E72,'Product Naming'!$A$1:$P$58,14,FALSE) -> Cycloalkane | AF72: =VLOOKUP($E72,'Product Naming'!$A$1:$P$58,15,FALSE) -> E4P | AG72: =VLOOKUP($E72,'Product Naming'!$A$1:$P$58,16,FALSE) -> Proton symporter | AH72: =VLOOKUP($E72,'Product Naming'!$A$1:$Q$58,17,FALSE) -> styr_c | AI72: =VLOOKUP($E72,'Product Parameters'!$A$2:$D$59,2,FALSE) -> 1 | AJ72: =VLOOKUP($E72,'Product Parameters'!$A$2:$D$59,3,FALSE) -> 0 | AK72: =VLOOKUP($E72,'Product Parameters'!$A$2:$D$59,4,FALSE) -> 0.12 | AL72: =VLOOKUP($E72,'Product Parameters'!$A$2:$E$59,5,FALSE) -> 43.9 | AM72: =VLOOKUP($E72,'Product Parameters'!$A$2:$F$59,6,FALSE) -> 8 | AN72: =VLOOKUP($C72,'Substrate Heating'!$A$2:$C$33,3,FALSE) -> 247.59097 | AO72: =VLOOKUP($C72,'Substrate Heating'!$A$2:$B$33,2,FALSE) -> 5.5 | AP72: =VLOOKUP($C72,'Substrate Heating'!$A$2:$M$33,13,FALSE) -> 1 | AQ72: =VLOOKUP($C72,'Substrate Heating'!$A$2:$M$33,8,FALSE) -> 1 | AR72: =Q72*W72/AQ72 -> 0.16461538
A73: 2021-05-11 | B73: iJO1366 | C73: Formate_RGP-Serine | D73: ECR-C1a | E73: Phenol | F73: EX_phenol_e | G73: -10 | H73: -20 | I73: NA | J73: 3.15 | K73: -10 | L73: -3.3971014 | M73: NA | N73: 8.626087 | O73: 0.22898551 | Q73: 0.022898551 | R73: 0.046817441 | S73: =VLOOKUP($E73,'Product Naming'!$A$1:$P$58,2,FALSE) -> Phenol | T73: =VLOOKUP($E73,'Product Naming'!$A$1:$P$58,3,FALSE) -> Phenol | U73: =VLOOKUP($E73,'Product Naming'!$A$1:$P$58,4,FALSE) -> E-S | V73: =VLOOKUP($E73,'Product Naming'!$A$1:$P$58,5,FALSE) -> C6H6O | W73: =VLOOKUP($E73,'Product Naming'!$A$1:$P$58,6,FALSE) -> 6 | X73: =VLOOKUP($E73,'Product Naming'!$A$1:$P$58,7,FALSE) -> 6 | Y73: =VLOOKUP($E73,'Product Naming'!$A$1:$P$58,8,FALSE) -> 1 | Z73: =VLOOKUP($E73,'Product Naming'!$A$1:$P$58,9,FALSE) -> 0 | AA73: =VLOOKUP($E73,'Product Naming'!$A$1:$P$58,10,FALSE) -> 0 | AB73: =VLOOKUP($E73,'Product Naming'!$A$1:$P$58,11,FALSE) -> 4.6666667 | AC73: =VLOOKUP($E73,'Product Naming'!$A$1:$P$58,12,FALSE) -> 94.11024 | AD73: =VLOOKUP($E73,'Product Naming'!$A$1:$P$58,13,FALSE) -> 181.7 | AE73: =VLOOKUP($E73,'Product Naming'!$A$1:$P$58,14,FALSE) -> Aromatic + Alcohol | AF73: =VLOOKUP($E73,'Product Naming'!$A$1:$P$58,15,FALSE) -> E4P + L-glutamate | AG73: =VLOOKUP($E73,'Product Naming'!$A$1:$P$58,16,FALSE) -> Proton symporter | AH73: =VLOOKUP($E73,'Product Naming'!$A$1:$Q$58,17,FALSE) -> phenol_c | AI73: =VLOOKUP($E73,'Product Parameters'!$A$2:$D$59,2,FALSE) -> 1 | AJ73: =VLOOKUP($E73,'Product Parameters'!$A$2:$D$59,3,FALSE) -> 0 | AK73: =VLOOKUP($E73,'Product Parameters'!$A$2:$D$59,4,FALSE) -> 0.12 | AL73: =VLOOKUP($E73,'Product Parameters'!$A$2:$E$59,5,FALSE) -> 58.8 | AM73: =VLOOKUP($E73,'Product Parameters'!$A$2:$F$59,6,FALSE) -> 6 | AN73: =VLOOKUP($C73,'Substrate Heating'!$A$2:$C$33,3,FALSE) -> 247.59097 | AO73: =VLOOKUP($C73,'Substrate Heating'!$A$2:$B$33,2,FALSE) -> 5.5 | AP73: =VLOOKUP($C73,'Substrate Heating'!$A$2:$M$33,13,FALSE) -> 1 | AQ73: =VLOOKUP($C73,'Substrate Heating'!$A$2:$M$33,8,FALSE) -> 1 | AR73: =Q73*W73/AQ73 -> 0.1373913
A74: 2023-11-29 | B74: iHN637 | C74: Methanol_MethylTransferase_1 | D74: ECR-C1a | E74: Phenol | F74: EX_phenol_e | G74: -10 | H74: 0 | I74: 0 | J74: 0.45 | K74: -10 | L74: 0 | M74: 0.64313725 | N74: 0 | O74: 0.16078431372549318 | Q74: 0.016078431 | R74: 0.047417063 | S74: =VLOOKUP($E74,'Product Naming'!$A$1:$P$58,2,FALSE) -> Phenol | T74: =VLOOKUP($E74,'Product Naming'!$A$1:$P$58,3,FALSE) -> Phenol | U74: =VLOOKUP($E74,'Product Naming'!$A$1:$P$58,4,FALSE) -> E-S | V74: =VLOOKUP($E74,'Product Naming'!$A$1:$P$58,5,FALSE) -> C6H6O | W74: =VLOOKUP($E74,'Product Naming'!$A$1:$P$58,6,FALSE) -> 6 | X74: =VLOOKUP($E74,'Product Naming'!$A$1:$P$58,7,FALSE) -> 6 | Y74: =VLOOKUP($E74,'Product Naming'!$A$1:$P$58,8,FALSE) -> 1 | Z74: =VLOOKUP($E74,'Product Naming'!$A$1:$P$58,9,FALSE) -> 0 | AA74: =VLOOKUP($E74,'Product Naming'!$A$1:$P$58,10,FALSE) -> 0 | AB74: =VLOOKUP($E74,'Product Naming'!$A$1:$P$58,11,FALSE) -> 4.6666667 | AC74: =VLOOKUP($E74,'Product Naming'!$A$1:$P$58,12,FALSE) -> 94.11024 | AD74: =VLOOKUP($E74,'Product Naming'!$A$1:$P$58,13,FALSE) -> 181.7 | AE74: =VLOOKUP($E74,'Product Naming'!$A$1:$P$58,14,FALSE) -> Aromatic + Alcohol | AF74: =VLOOKUP($E74,'Product Naming'!$A$1:$P$58,15,FALSE) -> E4P + L-glutamate | AG74: =VLOOKUP($E74,'Product Naming'!$A$1:$P$58,16,FALSE) -> Proton symporter | AH74: =VLOOKUP($E74,'Product Naming'!$A$1:$Q$58,17,FALSE) -> phenol_c | AI74: =VLOOKUP($E74,'Product Parameters'!$A$2:$D$59,2,FALSE) -> 1 | AJ74: =VLOOKUP($E74,'Product Parameters'!$A$2:$D$59,3,FALSE) -> 0 | AK74: =VLOOKUP($E74,'Product Parameters'!$A$2:$D$59,4,FALSE) -> 0.12 | AL74: =VLOOKUP($E74,'Product Parameters'!$A$2:$E$59,5,FALSE) -> 58.8 | AM74: =VLOOKUP($E74,'Product Parameters'!$A$2:$F$59,6,FALSE) -> 6 | AN74: =VLOOKUP($C74,'Substrate Heating'!$A$2:$C$33,3,FALSE) -> 638.57833 | AO74: =VLOOKUP($C74,'Substrate Heating'!$A$2:$B$33,2,FALSE) -> 19.93 | AP74: =VLOOKUP($C74,'Substrate Heating'!$A$2:$M$33,13,FALSE) -> 6 | AQ74: =VLOOKUP($C74,'Substrate Heating'!$A$2:$M$33,8,FALSE) -> 1 | AR74: =Q74*W74/AQ74 -> 0.096470588
A75: 2021-05-11 | B75: iJO1366 | C75: Formate_Formolase | D75: ECR-C1a | E75: Butane | F75: EX_butane_e | G75: -10 | H75: -20 | I75: NA | J75: 3.15 | K75: -10 | L75: -2.5352 | M75: NA | N75: 8.4832 | O75: 0.3792 | Q75: 0.03792 | R75: 0.047881274 | S75: =VLOOKUP($E75,'Product Naming'!$A$1:$P$58,2,FALSE) -> Butane | T75: =VLOOKUP($E75,'Product Naming'!$A$1:$P$58,3,FALSE) -> Butane | U75: =VLOOKUP($E75,'Product Naming'!$A$1:$P$58,4,FALSE) -> E | V75: =VLOOKUP($E75,'Product Naming'!$A$1:$P$58,5,FALSE) -> C4H10 | W75: =VLOOKUP($E75,'Product Naming'!$A$1:$P$58,6,FALSE) -> 4 | X75: =VLOOKUP($E75,'Product Naming'!$A$1:$P$58,7,FALSE) -> 10 | Y75: =VLOOKUP($E75,'Product Naming'!$A$1:$P$58,8,FALSE) -> 0 | Z75: =VLOOKUP($E75,'Product Naming'!$A$1:$P$58,9,FALSE) -> 0 | AA75: =VLOOKUP($E75,'Product Naming'!$A$1:$P$58,10,FALSE) -> 0 | AB75: =VLOOKUP($E75,'Product Naming'!$A$1:$P$58,11,FALSE) -> 6.5 | AC75: =VLOOKUP($E75,'Product Naming'!$A$1:$P$58,12,FALSE) -> 58.1212 | AD75: =VLOOKUP($E75,'Product Naming'!$A$1:$P$58,13,FALSE) -> -1 | AE75: =VLOOKUP($E75,'Product Naming'!$A$1:$P$58,14,FALSE) -> Hydrocarbon (alkane) | AF75: =VLOOKUP($E75,'Product Naming'!$A$1:$P$58,15,FALSE) -> Acetyl-CoA + Succinyl-CoA | AG75: =VLOOKUP($E75,'Product Naming'!$A$1:$P$58,16,FALSE) -> Diffusion | AH75: =VLOOKUP($E75,'Product Naming'!$A$1:$Q$58,17,FALSE) -> butn_c | AI75: =VLOOKUP($E75,'Product Parameters'!$A$2:$D$59,2,FALSE) -> 0 | AJ75: =VLOOKUP($E75,'Product Parameters'!$A$2:$D$59,3,FALSE) -> 1 | AK75: =VLOOKUP($E75,'Product Parameters'!$A$2:$D$59,4,FALSE) -> 0.12 | AL75: =VLOOKUP($E75,'Product Parameters'!$A$2:$E$59,5,FALSE) -> 0 | AM75: =VLOOKUP($E75,'Product Parameters'!$A$2:$F$59,6,FALSE) -> 4 | AN75: =VLOOKUP($C75,'Substrate Heating'!$A$2:$C$33,3,FALSE) -> 247.59097 | AO75: =VLOOKUP($C75,'Substrate Heating'!$A$2:$B$33,2,FALSE) -> 5.5 | AP75: =VLOOKUP($C75,'Substrate Heating'!$A$2:$M$33,13,FALSE) -> 1 | AQ75: =VLOOKUP($C75,'Substrate Heating'!$A$2:$M$33,8,FALSE) -> 1 | AR75: =Q75*W75/AQ75 -> 0.15168
A76: 2021-05-11 | B76: iJO1366 | C76: Formate_RGP-Serine | D76: ECR-C1a | E76: 1-Propanol-PW2 | F76: EX_ppoh_e | G76: -10 | H76: -20 | I76: NA | J76: 3.15 | K76: -10 | L76: -3.3465116 | M76: NA | N76: 8.8976744 | O76: 0.36744186 | Q76: 0.036744186 | R76: 0.047971273 | S76: =VLOOKUP($E76,'Product Naming'!$A$1:$P$58,2,FALSE) -> 1-propanol-PW2 | T76: =VLOOKUP($E76,'Product Naming'!$A$1:$P$58,3,FALSE) -> 1-Propanol (PW2) | U76: =VLOOKUP($E76,'Product Naming'!$A$1:$P$58,4,FALSE) -> E-S | V76: =VLOOKUP($E76,'Product Naming'!$A$1:$P$58,5,FALSE) -> C3H8O | W76: =VLOOKUP($E76,'Product Naming'!$A$1:$P$58,6,FALSE) -> 3 | X76: =VLOOKUP($E76,'Product Naming'!$A$1:$P$58,7,FALSE) -> 8 | Y76: =VLOOKUP($E76,'Product Naming'!$A$1:$P$58,8,FALSE) -> 1 | Z76: =VLOOKUP($E76,'Product Naming'!$A$1:$P$58,9,FALSE) -> 0 | AA76: =VLOOKUP($E76,'Product Naming'!$A$1:$P$58,10,FALSE) -> 0 | AB76: =VLOOKUP($E76,'Product Naming'!$A$1:$P$58,11,FALSE) -> 6 | AC76: =VLOOKUP($E76,'Product Naming'!$A$1:$P$58,12,FALSE) -> 60.09382 | AD76: =VLOOKUP($E76,'Product Naming'!$A$1:$P$58,13,FALSE) -> 97 | AE76: =VLOOKUP($E76,'Product Naming'!$A$1:$P$58,14,FALSE) -> Alcohol | AF76: =VLOOKUP($E76,'Product Naming'!$A$1:$P$58,15,FALSE) -> Oxaloacetate | AG76: =VLOOKUP($E76,'Product Naming'!$A$1:$P$58,16,FALSE) -> Proton symporter | AH76: =VLOOKUP($E76,'Product Naming'!$A$1:$Q$58,17,FALSE) -> ppoh_c | AI76: =VLOOKUP($E76,'Product Parameters'!$A$2:$D$59,2,FALSE) -> 1 | AJ76: =VLOOKUP($E76,'Product Parameters'!$A$2:$D$59,3,FALSE) -> 0 | AK76: =VLOOKUP($E76,'Product Parameters'!$A$2:$D$59,4,FALSE) -> 0.12 | AL76: =VLOOKUP($E76,'Product Parameters'!$A$2:$E$59,5,FALSE) -> 47 | AM76: =VLOOKUP($E76,'Product Parameters'!$A$2:$F$59,6,FALSE) -> 3 | AN76: =VLOOKUP($C76,'Substrate Heating'!$A$2:$C$33,3,FALSE) -> 247.59097 | AO76: =VLOOKUP($C76,'Substrate Heating'!$A$2:$B$33,2,FALSE) -> 5.5 | AP76: =VLOOKUP($C76,'Substrate Heating'!$A$2:$M$33,13,FALSE) -> 1 | AQ76: =VLOOKUP($C76,'Substrate Heating'!$A$2:$M$33,8,FALSE) -> 1 | AR76: =Q76*W76/AQ76 -> 0.11023256
A77: 2021-05-11 | B77: iJO1366 | C77: Formate_RGP-Serine | D77: ECR-C1a | E77: Pentanol-PW1 | F77: EX_pentoh_e | G77: -10 | H77: -20 | I77: NA | J77: 3.15 | K77: -10 | L77: -3.1190476 | M77: NA | N77: 8.7460317 | O77: 0.25079365 | Q77: 0.025079365 | R77: 0.048026927 | S77: =VLOOKUP($E77,'Product Naming'!$A$1:$P$58,2,FALSE) -> Pentanol-PW1 | T77: =VLOOKUP($E77,'Product Naming'!$A$1:$P$58,3,FALSE) -> Pentanol (PW1) | U77: =VLOOKUP($E77,'Product Naming'!$A$1:$P$58,4,FALSE) -> E | V77: =VLOOKUP($E77,'Product Naming'!$A$1:$P$58,5,FALSE) -> C5H12O | W77: =VLOOKUP($E77,'Product Naming'!$A$1:$P$58,6,FALSE) -> 5 | X77: =VLOOKUP($E77,'Product Naming'!$A$1:$P$58,7,FALSE) -> 12 | Y77: =VLOOKUP($E77,'Product Naming'!$A$1:$P$58,8,FALSE) -> 1 | Z77: =VLOOKUP($E77,'Product Naming'!$A$1:$P$58,9,FALSE) -> 0 | AA77: =VLOOKUP($E77,'Product Naming'!$A$1:$P$58,10,FALSE) -> 0 | AB77: =VLOOKUP($E77,'Product Naming'!$A$1:$P$58,11,FALSE) -> 6 | AC77: =VLOOKUP($E77,'Product Naming'!$A$1:$P$58,12,FALSE) -> 88.14658 | AD77: =VLOOKUP($E77,'Product Naming'!$A$1:$P$58,13,FALSE) -> 138 | AE77: =VLOOKUP($E77,'Product Naming'!$A$1:$P$58,14,FALSE) -> Alcohol | AF77: =VLOOKUP($E77,'Product Naming'!$A$1:$P$58,15,FALSE) -> Acetyl-CoA + Succinyl-CoA | AG77: =VLOOKUP($E77,'Product Naming'!$A$1:$P$58,16,FALSE) -> Proton symporter | AH77: =VLOOKUP($E77,'Product Naming'!$A$1:$Q$58,17,FALSE) -> pentoh_c | AI77: =VLOOKUP($E77,'Product Parameters'!$A$2:$D$59,2,FALSE) -> 1 | AJ77: =VLOOKUP($E77,'Product Parameters'!$A$2:$D$59,3,FALSE) -> 0 | AK77: =VLOOKUP($E77,'Product Parameters'!$A$2:$D$59,4,FALSE) -> 0.12 | AL77: =VLOOKUP($E77,'Product Parameters'!$A$2:$E$59,5,FALSE) -> 57 | AM77: =VLOOKUP($E77,'Product Parameters'!$A$2:$F$59,6,FALSE) -> 5 | AN77: =VLOOKUP($C77,'Substrate Heating'!$A$2:$C$33,3,FALSE) -> 247.59097 | AO77: =VLOOKUP($C77,'Substrate Heating'!$A$2:$B$33,2,FALSE) -> 5.5 | AP77: =VLOOKUP($C77,'Substrate Heating'!$A$2:$M$33,13,FALSE) -> 1 | AQ77: =VLOOKUP($C77,'Substrate Heating'!$A$2:$M$33,8,FALSE) -> 1 | AR77: =Q77*W77/AQ77 -> 0.12539683
A78: 2021-05-27 | B78: iHN637 | C78: FOR_1:H2_0 | D78: ECR-C1b | E78: Benzoate-PW2 | F78: EX_bz_e | G78: -10 | H78: 0 | I78: 0 | J78: 0.45 | K78: -10 | L78: 0 | M78: 0 | N78: 5.0926407 | O78: 0.18528139 | Q78: 0.018528139 | R78: 0.048750842 | S78: =VLOOKUP($E78,'Product Naming'!$A$1:$P$58,2,FALSE) -> Benzoate-PW2 | T78: =VLOOKUP($E78,'Product Naming'!$A$1:$P$58,3,FALSE) -> Benzoate (PW2) | U78: =VLOOKUP($E78,'Product Naming'!$A$1:$P$58,4,FALSE) -> A | V78: =VLOOKUP($E78,'Product Naming'!$A$1:$P$58,5,FALSE) -> C7H5O2 | W78: =VLOOKUP($E78,'Product Naming'!$A$1:$P$58,6,FALSE) -> 7 | X78: =VLOOKUP($E78,'Product Naming'!$A$1:$P$58,7,FALSE) -> 5 | Y78: =VLOOKUP($E78,'Product Naming'!$A$1:$P$58,8,FALSE) -> 2 | Z78: =VLOOKUP($E78,'Product Naming'!$A$1:$P$58,9,FALSE) -> 0 | AA78: =VLOOKUP($E78,'Product Naming'!$A$1:$P$58,10,FALSE) -> -1 | AB78: =VLOOKUP($E78,'Product Naming'!$A$1:$P$58,11,FALSE) -> 4.1428571 | AC78: =VLOOKUP($E78,'Product Naming'!$A$1:$P$58,12,FALSE) -> 121.1121 | AD78: =VLOOKUP($E78,'Product Naming'!$A$1:$P$58,13,FALSE) -> 249.2 | AE78: =VLOOKUP($E78,'Product Naming'!$A$1:$P$58,14,FALSE) -> Aromatic + Carboxylate | AF78: =VLOOKUP($E78,'Product Naming'!$A$1:$P$58,15,FALSE) -> E4P + aKG | AG78: =VLOOKUP($E78,'Product Naming'!$A$1:$P$58,16,FALSE) -> Proton symporter | AH78: =VLOOKUP($E78,'Product Naming'!$A$1:$Q$58,17,FALSE) -> bz_c | AI78: =VLOOKUP($E78,'Product Parameters'!$A$2:$D$59,2,FALSE) -> 1 | AJ78: =VLOOKUP($E78,'Product Parameters'!$A$2:$D$59,3,FALSE) -> 0 | AK78: =VLOOKUP($E78,'Product Parameters'!$A$2:$D$59,4,FALSE) -> 0.12 | AL78: =VLOOKUP($E78,'Product Parameters'!$A$2:$E$59,5,FALSE) -> 40.65 | AM78: =VLOOKUP($E78,'Product Parameters'!$A$2:$F$59,6,FALSE) -> 7 | AN78: =VLOOKUP($C78,'Substrate Heating'!$A$2:$C$33,3,FALSE) -> 247.59097 | AO78: =VLOOKUP($C78,'Substrate Heating'!$A$2:$B$33,2,FALSE) -> 5.5 | AP78: =VLOOKUP($C78,'Substrate Heating'!$A$2:$M$33,13,FALSE) -> 1 | AQ78: =VLOOKUP($C78,'Substrate Heating'!$A$2:$M$33,8,FALSE) -> 1 | AR78: =Q78*W78/AQ78 -> 0.12969697
A79: 2021-05-11 | B79: iJO1366 | C79: Formate_Formolase | D79: ECR-C1a | E79: Propane-PW1 | F79: EX_propane_e | G79: -10 | H79: -20 | I79: NA | J79: 3.15 | K79: -10 | L79: -2.3956044 | M79: NA | N79: 8.4373626 | O79: 0.52087912 | Q79: 0.052087912 | R79: 0.049898481 | S79: =VLOOKUP($E79,'Product Naming'!$A$1:$P$58,2,FALSE) -> Propane-PW1 | T79: =VLOOKUP($E79,'Product Naming'!$A$1:$P$58,3,FALSE) -> Propane (PW1) | U79: =VLOOKUP($E79,'Product Naming'!$A$1:$P$58,4,FALSE) -> E | V79: =VLOOKUP($E79,'Product Naming'!$A$1:$P$58,5,FALSE) -> C3H8 | W79: =VLOOKUP($E79,'Product Naming'!$A$1:$P$58,6,FALSE) -> 3 | X79: =VLOOKUP($E79,'Product Naming'!$A$1:$P$58,7,FALSE) -> 8 | Y79: =VLOOKUP($E79,'Product Naming'!$A$1:$P$58,8,FALSE) -> 0 | Z79: =VLOOKUP($E79,'Product Naming'!$A$1:$P$58,9,FALSE) -> 0 | AA79: =VLOOKUP($E79,'Product Naming'!$A$1:$P$58,10,FALSE) -> 0 | AB79: =VLOOKUP($E79,'Product Naming'!$A$1:$P$58,11,FALSE) -> 6.6666667 | AC79: =VLOOKUP($E79,'Product Naming'!$A$1:$P$58,12,FALSE) -> 44.09482 | AD79: =VLOOKUP($E79,'Product Naming'!$A$1:$P$58,13,FALSE) -> -42 | AE79: =VLOOKUP($E79,'Product Naming'!$A$1:$P$58,14,FALSE) -> Hydrocarbon | AF79: =VLOOKUP($E79,'Product Naming'!$A$1:$P$58,15,FALSE) -> Acetyl-CoA | AG79: =VLOOKUP($E79,'Product Naming'!$A$1:$P$58,16,FALSE) -> Diffusion | AH79: =VLOOKUP($E79,'Product Naming'!$A$1:$Q$58,17,FALSE) -> prop_c | AI79: =VLOOKUP($E79,'Product Parameters'!$A$2:$D$59,2,FALSE) -> 0 | AJ79: =VLOOKUP($E79,'Product Parameters'!$A$2:$D$59,3,FALSE) -> 1 | AK79: =VLOOKUP($E79,'Product Parameters'!$A$2:$D$59,4,FALSE) -> 0.12 | AL79: =VLOOKUP($E79,'Product Parameters'!$A$2:$E$59,5,FALSE) -> 0 | AM79: =VLOOKUP($E79,'Product Parameters'!$A$2:$F$59,6,FALSE) -> 3 | AN79: =VLOOKUP($C79,'Substrate Heating'!$A$2:$C$33,3,FALSE) -> 247.59097 | AO79: =VLOOKUP($C79,'Substrate Heating'!$A$2:$B$33,2,FALSE) -> 5.5 | AP79: =VLOOKUP($C79,'Substrate Heating'!$A$2:$M$33,13,FALSE) -> 1 | AQ79: =VLOOKUP($C79,'Substrate Heating'!$A$2:$M$33,8,FALSE) -> 1 | AR79: =Q79*W79/AQ79 -> 0.15626374
A80: 2021-05-11 | B80: iJO1366 | C80: Formate_Formolase | D80: ECR-C1a | E80: BetaCarotene | F80: EX_caro_e | G80: -10 | H80: -20 | I80: NA | J80: 3.15 | K80: -10 | L80: -2.63 | M80: NA | N80: 8.2444444 | O80: 0.043888889 | Q80: 0.0043888889 | R80: 0.051189882 | S80: =VLOOKUP($E80,'Product Naming'!$A$1:$P$58,2,FALSE) -> BetaCarotene | T80: =VLOOKUP($E80,'Product Naming'!$A$1:$P$58,3,FALSE) -> Beta carotene | U80: =VLOOKUP($E80,'Product Naming'!$A$1:$P$58,4,FALSE) -> A | V80: =VLOOKUP($E80,'Product Naming'!$A$1:$P$58,5,FALSE) -> C40H56 | W80: =VLOOKUP($E80,'Product Naming'!$A$1:$P$58,6,FALSE) -> 40 | X80: =VLOOKUP($E80,'Product Naming'!$A$1:$P$58,7,FALSE) -> 56 | Y80: =VLOOKUP($E80,'Product Naming'!$A$1:$P$58,8,FALSE) -> 0 | Z80: =VLOOKUP($E80,'Product Naming'!$A$1:$P$58,9,FALSE) -> 0 | AA80: =VLOOKUP($E80,'Product Naming'!$A$1:$P$58,10,FALSE) -> 0 | AB80: =VLOOKUP($E80,'Product Naming'!$A$1:$P$58,11,FALSE) -> 5.4 | AC80: =VLOOKUP($E80,'Product Naming'!$A$1:$P$58,12,FALSE) -> 536.86704 | AD80: =VLOOKUP($E80,'Product Naming'!$A$1:$P$58,13,FALSE) -> 633 | AE80: =VLOOKUP($E80,'Product Naming'!$A$1:$P$58,14,FALSE) -> Hydrocarbon | AF80: =VLOOKUP($E80,'Product Naming'!$A$1:$P$58,15,FALSE) -> Acetyl-CoA | AG80: =VLOOKUP($E80,'Product Naming'!$A$1:$P$58,16,FALSE) -> ABC Transporter | AH80: =VLOOKUP($E80,'Product Naming'!$A$1:$Q$58,17,FALSE) -> caro_c | AI80: =VLOOKUP($E80,'Product Parameters'!$A$2:$D$59,2,FALSE) -> 1 | AJ80: =VLOOKUP($E80,'Product Parameters'!$A$2:$D$59,3,FALSE) -> 0 | AK80: =VLOOKUP($E80,'Product Parameters'!$A$2:$D$59,4,FALSE) -> 0.12 | AL80: =VLOOKUP($E80,'Product Parameters'!$A$2:$E$59,5,FALSE) -> 40.65 | AM80: =VLOOKUP($E80,'Product Parameters'!$A$2:$F$59,6,FALSE) -> 40 | AN80: =VLOOKUP($C80,'Substrate Heating'!$A$2:$C$33,3,FALSE) -> 247.59097 | AO80: =VLOOKUP($C80,'Substrate Heating'!$A$2:$B$33,2,FALSE) -> 5.5 | AP80: =VLOOKUP($C80,'Substrate Heating'!$A$2:$M$33,13,FALSE) -> 1 | AQ80: =VLOOKUP($C80,'Substrate Heating'!$A$2:$M$33,8,FALSE) -> 1 | AR80: =Q80*W80/AQ80 -> 0.17555556
A81: 2021-05-25 | B81: iJO1366 | C81: Formate_Formolase | D81: ECR-C1a | E81: Hexane | F81: EX_hexane_e | G81: -10 | H81: -20 | I81: NA | J81: 3.15 | K81: -10 | L81: -2.3971098 | M81: NA | N81: 8.3560694 | O81: 0.27398844 | Q81: 0.027398844 | R81: 0.051294534 | S81: =VLOOKUP($E81,'Product Naming'!$A$1:$P$58,2,FALSE) -> Hexane | T81: =VLOOKUP($E81,'Product Naming'!$A$1:$P$58,3,FALSE) -> Hexane | U81: =VLOOKUP($E81,'Product Naming'!$A$1:$P$58,4,FALSE) -> E | V81: =VLOOKUP($E81,'Product Naming'!$A$1:$P$58,5,FALSE) -> C6H14 | W81: =VLOOKUP($E81,'Product Naming'!$A$1:$P$58,6,FALSE) -> 6 | X81: =VLOOKUP($E81,'Product Naming'!$A$1:$P$58,7,FALSE) -> 14 | Y81: =VLOOKUP($E81,'Product Naming'!$A$1:$P$58,8,FALSE) -> 0 | Z81: =VLOOKUP($E81,'Product Naming'!$A$1:$P$58,9,FALSE) -> 0 | AA81: =VLOOKUP($E81,'Product Naming'!$A$1:$P$58,10,FALSE) -> 0 | AB81: =VLOOKUP($E81,'Product Naming'!$A$1:$P$58,11,FALSE) -> 6.3333333 | AC81: =VLOOKUP($E81,'Product Naming'!$A$1:$P$58,12,FALSE) -> 86.17396 | AD81: =VLOOKUP($E81,'Product Naming'!$A$1:$P$58,13,FALSE) -> 69 | AE81: =VLOOKUP($E81,'Product Naming'!$A$1:$P$58,14,FALSE) -> Hydrocarbon (alkane) | AF81: =VLOOKUP($E81,'Product Naming'!$A$1:$P$58,15,FALSE) -> Acetyl-CoA + Succinyl-CoA | AG81: =VLOOKUP($E81,'Product Naming'!$A$1:$P$58,16,FALSE) -> Proton symporter | AH81: =VLOOKUP($E81,'Product Naming'!$A$1:$Q$58,17,FALSE) -> hex_c | AI81: =VLOOKUP($E81,'Product Parameters'!$A$2:$D$59,2,FALSE) -> 1 | AJ81: =VLOOKUP($E81,'Product Parameters'!$A$2:$D$59,3,FALSE) -> 0 | AK81: =VLOOKUP($E81,'Product Parameters'!$A$2:$D$59,4,FALSE) -> 0.12 | AL81: =VLOOKUP($E81,'Product Parameters'!$A$2:$E$59,5,FALSE) -> 31 | AM81: =VLOOKUP($E81,'Product Parameters'!$A$2:$F$59,6,FALSE) -> 6 | AN81: =VLOOKUP($C81,'Substrate Heating'!$A$2:$C$33,3,FALSE) -> 247.59097 | AO81: =VLOOKUP($C81,'Substrate Heating'!$A$2:$B$33,2,FALSE) -> 5.5 | AP81: =VLOOKUP($C81,'Substrate Heating'!$A$2:$M$33,13,FALSE) -> 1 | AQ81: =VLOOKUP($C81,'Substrate Heating'!$A$2:$M$33,8,FALSE) -> 1 | AR81: =Q81*W81/AQ81 -> 0.16439306
A82: 2021-05-11 | B82: iJO1366 | C82: Formate_Formolase | D82: ECR-C1a | E82: Pentane | F82: EX_pentane_e | G82: -10 | H82: -20 | I82: NA | J82: 3.15 | K82: -10 | L82: -2.3666667 | M82: NA | N82: 8.3541667 | O82: 0.32916667 | Q82: 0.032916667 | R82: 0.051594145 | S82: =VLOOKUP($E82,'Product Naming'!$A$1:$P$58,2,FALSE) -> Pentane | T82: =VLOOKUP($E82,'Product Naming'!$A$1:$P$58,3,FALSE) -> Pentane | U82: =VLOOKUP($E82,'Product Naming'!$A$1:$P$58,4,FALSE) -> E | V82: =VLOOKUP($E82,'Product Naming'!$A$1:$P$58,5,FALSE) -> C5H12 | W82: =VLOOKUP($E82,'Product Naming'!$A$1:$P$58,6,FALSE) -> 5 | X82: =VLOOKUP($E82,'Product Naming'!$A$1:$P$58,7,FALSE) -> 12 | Y82: =VLOOKUP($E82,'Product Naming'!$A$1:$P$58,8,FALSE) -> 0 | Z82: =VLOOKUP($E82,'Product Naming'!$A$1:$P$58,9,FALSE) -> 0 | AA82: =VLOOKUP($E82,'Product Naming'!$A$1:$P$58,10,FALSE) -> 0 | AB82: =VLOOKUP($E82,'Product Naming'!$A$1:$P$58,11,FALSE) -> 6.4 | AC82: =VLOOKUP($E82,'Product Naming'!$A$1:$P$58,12,FALSE) -> 72.14758 | AD82: =VLOOKUP($E82,'Product Naming'!$A$1:$P$58,13,FALSE) -> 36.1 | AE82: =VLOOKUP($E82,'Product Naming'!$A$1:$P$58,14,FALSE) -> Hydrocarbon (alkane) | AF82: =VLOOKUP($E82,'Product Naming'!$A$1:$P$58,15,FALSE) -> Acetyl-CoA | AG82: =VLOOKUP($E82,'Product Naming'!$A$1:$P$58,16,FALSE) -> Diffusion | AH82: =VLOOKUP($E82,'Product Naming'!$A$1:$Q$58,17,FALSE) -> pent_c | AI82: =VLOOKUP($E82,'Product Parameters'!$A$2:$D$59,2,FALSE) -> 0 | AJ82: =VLOOKUP($E82,'Product Parameters'!$A$2:$D$59,3,FALSE) -> 1 | AK82: =VLOOKUP($E82,'Product Parameters'!$A$2:$D$59,4,FALSE) -> 0.12 | AL82: =VLOOKUP($E82,'Product Parameters'!$A$2:$E$59,5,FALSE) -> 26.5 | AM82: =VLOOKUP($E82,'Product Parameters'!$A$2:$F$59,6,FALSE) -> 5 | AN82: =VLOOKUP($C82,'Substrate Heating'!$A$2:$C$33,3,FALSE) -> 247.59097 | AO82: =VLOOKUP($C82,'Substrate Heating'!$A$2:$B$33,2,FALSE) -> 5.5 | AP82: =VLOOKUP($C82,'Substrate Heating'!$A$2:$M$33,13,FALSE) -> 1 | AQ82: =VLOOKUP($C82,'Substrate Heating'!$A$2:$M$33,8,FALSE) -> 1 | AR82: =Q82*W82/AQ82 -> 0.16458333
A83: 2023-11-29 | B83: iHN637 | C83: Methanol_MethylTransferase_1 | D83: ECR-C1a | E83: Benzoate-PW1 | F83: EX_bz_e | G83: -10 | H83: 0 | I83: 0 | J83: 0.45 | K83: -10 | L83: 0 | M83: 0.8200000000000109 | N83: 0 | O83: 0.13666666666666671 | Q83: 0.013666667 | R83: 0.051926584 | S83: =VLOOKUP($E83,'Product Naming'!$A$1:$P$58,2,FALSE) -> Benzoate-PW1 | T83: =VLOOKUP($E83,'Product Naming'!$A$1:$P$58,3,FALSE) -> Benzoate (PW1) | U83: =VLOOKUP($E83,'Product Naming'!$A$1:$P$58,4,FALSE) -> A | V83: =VLOOKUP($E83,'Product Naming'!$A$1:$P$58,5,FALSE) -> C7H5O2 | W83: =VLOOKUP($E83,'Product Naming'!$A$1:$P$58,6,FALSE) -> 7 | X83: =VLOOKUP($E83,'Product Naming'!$A$1:$P$58,7,FALSE) -> 5 | Y83: =VLOOKUP($E83,'Product Naming'!$A$1:$P$58,8,FALSE) -> 2 | Z83: =VLOOKUP($E83,'Product Naming'!$A$1:$P$58,9,FALSE) -> 0 | AA83: =VLOOKUP($E83,'Product Naming'!$A$1:$P$58,10,FALSE) -> -1 | AB83: =VLOOKUP($E83,'Product Naming'!$A$1:$P$58,11,FALSE) -> 4.1428571 | AC83: =VLOOKUP($E83,'Product Naming'!$A$1:$P$58,12,FALSE) -> 121.1121 | AD83: =VLOOKUP($E83,'Product Naming'!$A$1:$P$58,13,FALSE) -> 249.2 | AE83: =VLOOKUP($E83,'Product Naming'!$A$1:$P$58,14,FALSE) -> Aromatic + Carboxylate | AF83: =VLOOKUP($E83,'Product Naming'!$A$1:$P$58,15,FALSE) -> E4P + aKG | AG83: =VLOOKUP($E83,'Product Naming'!$A$1:$P$58,16,FALSE) -> Proton symporter | AH83: =VLOOKUP($E83,'Product Naming'!$A$1:$Q$58,17,FALSE) -> bz_c | AI83: =VLOOKUP($E83,'Product Parameters'!$A$2:$D$59,2,FALSE) -> 1 | AJ83: =VLOOKUP($E83,'Product Parameters'!$A$2:$D$59,3,FALSE) -> 0 | AK83: =VLOOKUP($E83,'Product Parameters'!$A$2:$D$59,4,FALSE) -> 0.12 | AL83: =VLOOKUP($E83,'Product Parameters'!$A$2:$E$59,5,FALSE) -> 40.65 | AM83: =VLOOKUP($E83,'Product Parameters'!$A$2:$F$59,6,FALSE) -> 7 | AN83: =VLOOKUP($C83,'Substrate Heating'!$A$2:$C$33,3,FALSE) -> 638.57833 | AO83: =VLOOKUP($C83,'Substrate Heating'!$A$2:$B$33,2,FALSE) -> 19.93 | AP83: =VLOOKUP($C83,'Substrate Heating'!$A$2:$M$33,13,FALSE) -> 6 | AQ83: =VLOOKUP($C83,'Substrate Heating'!$A$2:$M$33,8,FALSE) -> 1 | AR83: =Q83*W83/AQ83 -> 0.095666667
A84: 2021-05-25 | B84: iJO1366 | C84: Formate_Formolase | D84: ECR-C1a | E84: Octane | F84: EX_octane_e | G84: -10 | H84: -20 | I84: NA | J84: 3.15 | K84: -10 | L84: -2.3783186 | M84: NA | N84: 8.3221239 | O84: 0.20973451 | Q84: 0.020973451 | R84: 0.052047564 | S84: =VLOOKUP($E84,'Product Naming'!$A$1:$P$58,2,FALSE) -> Octane | T84: =VLOOKUP($E84,'Product Naming'!$A$1:$P$58,3,FALSE) -> Octane | U84: =VLOOKUP($E84,'Product Naming'!$A$1:$P$58,4,FALSE) -> E | V84: =VLOOKUP($E84,'Product Naming'!$A$1:$P$58,5,FALSE) -> C8H18 | W84: =VLOOKUP($E84,'Product Naming'!$A$1:$P$58,6,FALSE) -> 8 | X84: =VLOOKUP($E84,'Product Naming'!$A$1:$P$58,7,FALSE) -> 18 | Y84: =VLOOKUP($E84,'Product Naming'!$A$1:$P$58,8,FALSE) -> 0 | Z84: =VLOOKUP($E84,'Product Naming'!$A$1:$P$58,9,FALSE) -> 0 | AA84: =VLOOKUP($E84,'Product Naming'!$A$1:$P$58,10,FALSE) -> 0 | AB84: =VLOOKUP($E84,'Product Naming'!$A$1:$P$58,11,FALSE) -> 6.25 | AC84: =VLOOKUP($E84,'Product Naming'!$A$1:$P$58,12,FALSE) -> 114.22672 | AD84: =VLOOKUP($E84,'Product Naming'!$A$1:$P$58,13,FALSE) -> 126 | AE84: =VLOOKUP($E84,'Product Naming'!$A$1:$P$58,14,FALSE) -> Hydrocarbon (alkane) | AF84: =VLOOKUP($E84,'Product Naming'!$A$1:$P$58,15,FALSE) -> Acetyl-CoA + Succinyl-CoA | AG84: =VLOOKUP($E84,'Product Naming'!$A$1:$P$58,16,FALSE) -> Proton symporter | AH84: =VLOOKUP($E84,'Product Naming'!$A$1:$Q$58,17,FALSE) -> octn_c | AI84: =VLOOKUP($E84,'Product Parameters'!$A$2:$D$59,2,FALSE) -> 1 | AJ84: =VLOOKUP($E84,'Product Parameters'!$A$2:$D$59,3,FALSE) -> 0 | AK84: =VLOOKUP($E84,'Product Parameters'!$A$2:$D$59,4,FALSE) -> 0.12 | AL84: =VLOOKUP($E84,'Product Parameters'!$A$2:$E$59,5,FALSE) -> 41 | AM84: =VLOOKUP($E84,'Product Parameters'!$A$2:$F$59,6,FALSE) -> 8 | AN84: =VLOOKUP($C84,'Substrate Heating'!$A$2:$C$33,3,FALSE) -> 247.59097 | AO84: =VLOOKUP($C84,'Substrate Heating'!$A$2:$B$33,2,FALSE) -> 5.5 | AP84: =VLOOKUP($C84,'Substrate Heating'!$A$2:$M$33,13,FALSE) -> 1 | AQ84: =VLOOKUP($C84,'Substrate Heating'!$A$2:$M$33,8,FALSE) -> 1 | AR84: =Q84*W84/AQ84 -> 0.16778761
A85: 2021-05-27 | B85: iHN637 | C85: FOR_1:H2_0 | D85: ECR-C1b | E85: Benzoate-PW1 | F85: EX_bz_e | G85: -10 | H85: 0 | I85: 0 | J85: 0.45 | K85: -10 | L85: 0 | M85: 0 | N85: 5.0995349 | O85: 0.19906977 | Q85: 0.019906977 | R85: 0.052378812 | S85: =VLOOKUP($E85,'Product Naming'!$A$1:$P$58,2,FALSE) -> Benzoate-PW1 | T85: =VLOOKUP($E85,'Product Naming'!$A$1:$P$58,3,FALSE) -> Benzoate (PW1) | U85: =VLOOKUP($E85,'Product Naming'!$A$1:$P$58,4,FALSE) -> A | V85: =VLOOKUP($E85,'Product Naming'!$A$1:$P$58,5,FALSE) -> C7H5O2 | W85: =VLOOKUP($E85,'Product Naming'!$A$1:$P$58,6,FALSE) -> 7 | X85: =VLOOKUP($E85,'Product Naming'!$A$1:$P$58,7,FALSE) -> 5 | Y85: =VLOOKUP($E85,'Product Naming'!$A$1:$P$58,8,FALSE) -> 2 | Z85: =VLOOKUP($E85,'Product Naming'!$A$1:$P$58,9,FALSE) -> 0 | AA85: =VLOOKUP($E85,'Product Naming'!$A$1:$P$58,10,FALSE) -> -1 | AB85: =VLOOKUP($E85,'Product Naming'!$A$1:$P$58,11,FALSE) -> 4.1428571 | AC85: =VLOOKUP($E85,'Product Naming'!$A$1:$P$58,12,FALSE) -> 121.1121 | AD85: =VLOOKUP($E85,'Product Naming'!$A$1:$P$58,13,FALSE) -> 249.2 | AE85: =VLOOKUP($E85,'Product Naming'!$A$1:$P$58,14,FALSE) -> Aromatic + Carboxylate | AF85: =VLOOKUP($E85,'Product Naming'!$A$1:$P$58,15,FALSE) -> E4P + aKG | AG85: =VLOOKUP($E85,'Product Naming'!$A$1:$P$58,16,FALSE) -> Proton symporter | AH85: =VLOOKUP($E85,'Product Naming'!$A$1:$Q$58,17,FALSE) -> bz_c | AI85: =VLOOKUP($E85,'Product Parameters'!$A$2:$D$59,2,FALSE) -> 1 | AJ85: =VLOOKUP($E85,'Product Parameters'!$A$2:$D$59,3,FALSE) -> 0 | AK85: =VLOOKUP($E85,'Product Parameters'!$A$2:$D$59,4,FALSE) -> 0.12 | AL85: =VLOOKUP($E85,'Product Parameters'!$A$2:$E$59,5,FALSE) -> 40.65 | AM85: =VLOOKUP($E85,'Product Parameters'!$A$2:$F$59,6,FALSE) -> 7 | AN85: =VLOOKUP($C85,'Substrate Heating'!$A$2:$C$33,3,FALSE) -> 247.59097 | AO85: =VLOOKUP($C85,'Substrate Heating'!$A$2:$B$33,2,FALSE) -> 5.5 | AP85: =VLOOKUP($C85,'Substrate Heating'!$A$2:$M$33,13,FALSE) -> 1 | AQ85: =VLOOKUP($C85,'Substrate Heating'!$A$2:$M$33,8,FALSE) -> 1 | AR85: =Q85*W85/AQ85 -> 0.13934884
A86: 2021-05-25 | B86: iJO1366 | C86: Formate_Formolase | D86: ECR-C1a | E86: Heptane | F86: EX_heptane_e | G86: -10 | H86: -20 | I86: NA | J86: 3.15 | K86: -10 | L86: -2.3397959 | M86: NA | N86: 8.3071429 | O86: 0.24183673 | Q86: 0.024183673 | R86: 0.052644653 | S86: =VLOOKUP($E86,'Product Naming'!$A$1:$P$58,2,FALSE) -> Heptane | T86: =VLOOKUP($E86,'Product Naming'!$A$1:$P$58,3,FALSE) -> Heptane | U86: =VLOOKUP($E86,'Product Naming'!$A$1:$P$58,4,FALSE) -> E | V86: =VLOOKUP($E86,'Product Naming'!$A$1:$P$58,5,FALSE) -> C7H16 | W86: =VLOOKUP($E86,'Product Naming'!$A$1:$P$58,6,FALSE) -> 7 | X86: =VLOOKUP($E86,'Product Naming'!$A$1:$P$58,7,FALSE) -> 16 | Y86: =VLOOKUP($E86,'Product Naming'!$A$1:$P$58,8,FALSE) -> 0 | Z86: =VLOOKUP($E86,'Product Naming'!$A$1:$P$58,9,FALSE) -> 0 | AA86: =VLOOKUP($E86,'Product Naming'!$A$1:$P$58,10,FALSE) -> 0 | AB86: =VLOOKUP($E86,'Product Naming'!$A$1:$P$58,11,FALSE) -> 6.2857143 | AC86: =VLOOKUP($E86,'Product Naming'!$A$1:$P$58,12,FALSE) -> 100.20034 | AD86: =VLOOKUP($E86,'Product Naming'!$A$1:$P$58,13,FALSE) -> 98 | AE86: =VLOOKUP($E86,'Product Naming'!$A$1:$P$58,14,FALSE) -> Hydrocarbon (alkane) | AF86: =VLOOKUP($E86,'Product Naming'!$A$1:$P$58,15,FALSE) -> Acetyl-CoA | AG86: =VLOOKUP($E86,'Product Naming'!$A$1:$P$58,16,FALSE) -> Proton symporter | AH86: =VLOOKUP($E86,'Product Naming'!$A$1:$Q$58,17,FALSE) -> hept_c | AI86: =VLOOKUP($E86,'Product Parameters'!$A$2:$D$59,2,FALSE) -> 1 | AJ86: =VLOOKUP($E86,'Product Parameters'!$A$2:$D$59,3,FALSE) -> 0 | AK86: =VLOOKUP($E86,'Product Parameters'!$A$2:$D$59,4,FALSE) -> 0.12 | AL86: =VLOOKUP($E86,'Product Parameters'!$A$2:$E$59,5,FALSE) -> 36 | AM86: =VLOOKUP($E86,'Product Parameters'!$A$2:$F$59,6,FALSE) -> 7 | AN86: =VLOOKUP($C86,'Substrate Heating'!$A$2:$C$33,3,FALSE) -> 247.59097 | AO86: =VLOOKUP($C86,'Substrate Heating'!$A$2:$B$33,2,FALSE) -> 5.5 | AP86: =VLOOKUP($C86,'Substrate Heating'!$A$2:$M$33,13,FALSE) -> 1 | AQ86: =VLOOKUP($C86,'Substrate Heating'!$A$2:$M$33,8,FALSE) -> 1 | AR86: =Q86*W86/AQ86 -> 0.16928571
A87: 2021-05-27 | B87: iHN637 | C87: FOR_1:H2_0 | D87: ECR-C1b | E87: 4-Hydroxystyrene | F87: EX_hxst_e | G87: -10 | H87: 0 | I87: 0 | J87: 0.45 | K87: -10 | L87: 0 | M87: 0 | N87: 5.3042654 | O87: 0.2028436 | Q87: 0.02028436 | R87: 0.052946615 | S87: =VLOOKUP($E87,'Product Naming'!$A$1:$P$58,2,FALSE) -> 4-Hydroxystyrene | T87: =VLOOKUP($E87,'Product Naming'!$A$1:$P$58,3,FALSE) -> 4-Hydroxystyrene | U87: =VLOOKUP($E87,'Product Naming'!$A$1:$P$58,4,FALSE) -> E | V87: =VLOOKUP($E87,'Product Naming'!$A$1:$P$58,5,FALSE) -> C8H8O | W87: =VLOOKUP($E87,'Product Naming'!$A$1:$P$58,6,FALSE) -> 8 | X87: =VLOOKUP($E87,'Product Naming'!$A$1:$P$58,7,FALSE) -> 8 | Y87: =VLOOKUP($E87,'Product Naming'!$A$1:$P$58,8,FALSE) -> 1 | Z87: =VLOOKUP($E87,'Product Naming'!$A$1:$P$58,9,FALSE) -> 0 | AA87: =VLOOKUP($E87,'Product Naming'!$A$1:$P$58,10,FALSE) -> 0 | AB87: =VLOOKUP($E87,'Product Naming'!$A$1:$P$58,11,FALSE) -> 4.75 | AC87: =VLOOKUP($E87,'Product Naming'!$A$1:$P$58,12,FALSE) -> 120.14732 | AD87: =VLOOKUP($E87,'Product Naming'!$A$1:$P$58,13,FALSE) -> 229 | AE87: =VLOOKUP($E87,'Product Naming'!$A$1:$P$58,14,FALSE) -> Aromatic + Alcohol | AF87: =VLOOKUP($E87,'Product Naming'!$A$1:$P$58,15,FALSE) -> E4P + L-glutamate | AG87: =VLOOKUP($E87,'Product Naming'!$A$1:$P$58,16,FALSE) -> Proton symporter | AH87: =VLOOKUP($E87,'Product Naming'!$A$1:$Q$58,17,FALSE) -> 4hxst_c | AI87: =VLOOKUP($E87,'Product Parameters'!$A$2:$D$59,2,FALSE) -> 1 | AJ87: =VLOOKUP($E87,'Product Parameters'!$A$2:$D$59,3,FALSE) -> 0 | AK87: =VLOOKUP($E87,'Product Parameters'!$A$2:$D$59,4,FALSE) -> 0.12 | AL87: =VLOOKUP($E87,'Product Parameters'!$A$2:$E$59,5,FALSE) -> 40.65 | AM87: =VLOOKUP($E87,'Product Parameters'!$A$2:$F$59,6,FALSE) -> 8 | AN87: =VLOOKUP($C87,'Substrate Heating'!$A$2:$C$33,3,FALSE) -> 247.59097 | AO87: =VLOOKUP($C87,'Substrate Heating'!$A$2:$B$33,2,FALSE) -> 5.5 | AP87: =VLOOKUP($C87,'Substrate Heating'!$A$2:$M$33,13,FALSE) -> 1 | AQ87: =VLOOKUP($C87,'Substrate Heating'!$A$2:$M$33,8,FALSE) -> 1 | AR87: =Q87*W87/AQ87 -> 0.16227488
A88: 2021-05-25 | B88: iJO1366 | C88: Formate_Formolase | D88: ECR-C1a | E88: Nonane | F88: EX_nonane_e | G88: -10 | H88: -20 | I88: NA | J88: 3.15 | K88: -10 | L88: -2.3349398 | M88: NA | N88: 8.286747 | O88: 0.19036145 | Q88: 0.019036145 | R88: 0.053040751 | S88: =VLOOKUP($E88,'Product Naming'!$A$1:$P$58,2,FALSE) -> Nonane | T88: =VLOOKUP($E88,'Product Naming'!$A$1:$P$58,3,FALSE) -> Nonane | U88: =VLOOKUP($E88,'Product Naming'!$A$1:$P$58,4,FALSE) -> E | V88: =VLOOKUP($E88,'Product Naming'!$A$1:$P$58,5,FALSE) -> C9H20 | W88: =VLOOKUP($E88,'Product Naming'!$A$1:$P$58,6,FALSE) -> 9 | X88: =VLOOKUP($E88,'Product Naming'!$A$1:$P$58,7,FALSE) -> 20 | Y88: =VLOOKUP($E88,'Product Naming'!$A$1:$P$58,8,FALSE) -> 0 | Z88: =VLOOKUP($E88,'Product Naming'!$A$1:$P$58,9,FALSE) -> 0 | AA88: =VLOOKUP($E88,'Product Naming'!$A$1:$P$58,10,FALSE) -> 0 | AB88: =VLOOKUP($E88,'Product Naming'!$A$1:$P$58,11,FALSE) -> 6.2222222 | AC88: =VLOOKUP($E88,'Product Naming'!$A$1:$P$58,12,FALSE) -> 128.2531 | AD88: =VLOOKUP($E88,'Product Naming'!$A$1:$P$58,13,FALSE) -> 151 | AE88: =VLOOKUP($E88,'Product Naming'!$A$1:$P$58,14,FALSE) -> Hydrocarbon (alkane) | AF88: =VLOOKUP($E88,'Product Naming'!$A$1:$P$58,15,FALSE) -> Acetyl-CoA | AG88: =VLOOKUP($E88,'Product Naming'!$A$1:$P$58,16,FALSE) -> Proton symporter | AH88: =VLOOKUP($E88,'Product Naming'!$A$1:$Q$58,17,FALSE) -> nonan_c | AI88: =VLOOKUP($E88,'Product Parameters'!$A$2:$D$59,2,FALSE) -> 1 | AJ88: =VLOOKUP($E88,'Product Parameters'!$A$2:$D$59,3,FALSE) -> 0 | AK88: =VLOOKUP($E88,'Product Parameters'!$A$2:$D$59,4,FALSE) -> 0.12 | AL88: =VLOOKUP($E88,'Product Parameters'!$A$2:$E$59,5,FALSE) -> 46.5 | AM88: =VLOOKUP($E88,'Product Parameters'!$A$2:$F$59,6,FALSE) -> 9 | AN88: =VLOOKUP($C88,'Substrate Heating'!$A$2:$C$33,3,FALSE) -> 247.59097 | AO88: =VLOOKUP($C88,'Substrate Heating'!$A$2:$B$33,2,FALSE) -> 5.5 | AP88: =VLOOKUP($C88,'Substrate Heating'!$A$2:$M$33,13,FALSE) -> 1 | AQ88: =VLOOKUP($C88,'Substrate Heating'!$A$2:$M$33,8,FALSE) -> 1 | AR88: =Q88*W88/AQ88 -> 0.1713253
A89: 2021-05-11 | B89: iJO1366 | C89: Formate_RGP-Serine | D89: ECR-C1a | E89: Butanol-PW1 | F89: EX_btoh_e | G89: -10 | H89: -20 | I89: NA | J89: 3.15 | K89: -10 | L89: -3.0111888 | M89: NA | N89: 8.6741259 | O89: 0.33146853 | Q89: 0.033146853 | R89: 0.053375467 | S89: =VLOOKUP($E89,'Product Naming'!$A$1:$P$58,2,FALSE) -> Butanol-PW1 | T89: =VLOOKUP($E89,'Product Naming'!$A$1:$P$58,3,FALSE) -> Butanol (PW1) | U89: =VLOOKUP($E89,'Product Naming'!$A$1:$P$58,4,FALSE) -> E | V89: =VLOOKUP($E89,'Product Naming'!$A$1:$P$58,5,FALSE) -> C4H10O | W89: =VLOOKUP($E89,'Product Naming'!$A$1:$P$58,6,FALSE) -> 4 | X89: =VLOOKUP($E89,'Product Naming'!$A$1:$P$58,7,FALSE) -> 10 | Y89: =VLOOKUP($E89,'Product Naming'!$A$1:$P$58,8,FALSE) -> 1 | Z89: =VLOOKUP($E89,'Product Naming'!$A$1:$P$58,9,FALSE) -> 0 | AA89: =VLOOKUP($E89,'Product Naming'!$A$1:$P$58,10,FALSE) -> 0 | AB89: =VLOOKUP($E89,'Product Naming'!$A$1:$P$58,11,FALSE) -> 6 | AC89: =VLOOKUP($E89,'Product Naming'!$A$1:$P$58,12,FALSE) -> 74.1202 | AD89: =VLOOKUP($E89,'Product Naming'!$A$1:$P$58,13,FALSE) -> 117.7 | AE89: =VLOOKUP($E89,'Product Naming'!$A$1:$P$58,14,FALSE) -> Alcohol | AF89: =VLOOKUP($E89,'Product Naming'!$A$1:$P$58,15,FALSE) -> Acetyl-CoA | AG89: =VLOOKUP($E89,'Product Naming'!$A$1:$P$58,16,FALSE) -> Proton symporter | AH89: =VLOOKUP($E89,'Product Naming'!$A$1:$Q$58,17,FALSE) -> btoh_c | AI89: =VLOOKUP($E89,'Product Parameters'!$A$2:$D$59,2,FALSE) -> 1 | AJ89: =VLOOKUP($E89,'Product Parameters'!$A$2:$D$59,3,FALSE) -> 0 | AK89: =VLOOKUP($E89,'Product Parameters'!$A$2:$D$59,4,FALSE) -> 0.12 | AL89: =VLOOKUP($E89,'Product Parameters'!$A$2:$E$59,5,FALSE) -> 52 | AM89: =VLOOKUP($E89,'Product Parameters'!$A$2:$F$59,6,FALSE) -> 4 | AN89: =VLOOKUP($C89,'Substrate Heating'!$A$2:$C$33,3,FALSE) -> 247.59097 | AO89: =VLOOKUP($C89,'Substrate Heating'!$A$2:$B$33,2,FALSE) -> 5.5 | AP89: =VLOOKUP($C89,'Substrate Heating'!$A$2:$M$33,13,FALSE) -> 1 | AQ89: =VLOOKUP($C89,'Substrate Heating'!$A$2:$M$33,8,FALSE) -> 1 | AR89: =Q89*W89/AQ89 -> 0.13258741
A90: 2021-05-11 | B90: iJO1366 | C90: Formate_Formolase | D90: ECR-C1a | E90: Isoprene | F90: EX_iprene_e | G90: -10 | H90: -20 | I90: NA | J90: 3.15 | K90: -10 | L90: -2.4671756 | M90: NA | N90: 8.1908397 | O90: 0.36183206 | Q90: 0.036183206 | R90: 0.05354518 | S90: =VLOOKUP($E90,'Product Naming'!$A$1:$P$58,2,FALSE) -> Isoprene | T90: =VLOOKUP($E90,'Product Naming'!$A$1:$P$58,3,FALSE) -> Isoprene | U90: =VLOOKUP($E90,'Product Naming'!$A$1:$P$58,4,FALSE) -> E | V90: =VLOOKUP($E90,'Product Naming'!$A$1:$P$58,5,FALSE) -> C5H8 | W90: =VLOOKUP($E90,'Product Naming'!$A$1:$P$58,6,FALSE) -> 5 | X90: =VLOOKUP($E90,'Product Naming'!$A$1:$P$58,7,FALSE) -> 8 | Y90: =VLOOKUP($E90,'Product Naming'!$A$1:$P$58,8,FALSE) -> 0 | Z90: =VLOOKUP($E90,'Product Naming'!$A$1:$P$58,9,FALSE) -> 0 | AA90: =VLOOKUP($E90,'Product Naming'!$A$1:$P$58,10,FALSE) -> 0 | AB90: =VLOOKUP($E90,'Product Naming'!$A$1:$P$58,11,FALSE) -> 5.6 | AC90: =VLOOKUP($E90,'Product Naming'!$A$1:$P$58,12,FALSE) -> 68.11622 | AD90: =VLOOKUP($E90,'Product Naming'!$A$1:$P$58,13,FALSE) -> 34.07 | AE90: =VLOOKUP($E90,'Product Naming'!$A$1:$P$58,14,FALSE) -> Hydrocarbon | AF90: =VLOOKUP($E90,'Product Naming'!$A$1:$P$58,15,FALSE) -> Acetyl-CoA | AG90: =VLOOKUP($E90,'Product Naming'!$A$1:$P$58,16,FALSE) -> Diffusion | AH90: =VLOOKUP($E90,'Product Naming'!$A$1:$Q$58,17,FALSE) -> iprene_c | AI90: =VLOOKUP($E90,'Product Parameters'!$A$2:$D$59,2,FALSE) -> 0 | AJ90: =VLOOKUP($E90,'Product Parameters'!$A$2:$D$59,3,FALSE) -> 1 | AK90: =VLOOKUP($E90,'Product Parameters'!$A$2:$D$59,4,FALSE) -> 0.12 | AL90: =VLOOKUP($E90,'Product Parameters'!$A$2:$E$59,5,FALSE) -> 26.4 | AM90: =VLOOKUP($E90,'Product Parameters'!$A$2:$F$59,6,FALSE) -> 5 | AN90: =VLOOKUP($C90,'Substrate Heating'!$A$2:$C$33,3,FALSE) -> 247.59097 | AO90: =VLOOKUP($C90,'Substrate Heating'!$A$2:$B$33,2,FALSE) -> 5.5 | AP90: =VLOOKUP($C90,'Substrate Heating'!$A$2:$M$33,13,FALSE) -> 1 | AQ90: =VLOOKUP($C90,'Substrate Heating'!$A$2:$M$33,8,FALSE) -> 1 | AR90: =Q90*W90/AQ90 -> 0.18091603
A91: 2021-05-11 | B91: iJO1366 | C91: Formate_Formolase | D91: ECR-C1a | E91: Farnesene | F91: EX_frene_e | G91: -10 | H91: -20 | I91: NA | J91: 3.15 | K91: -10 | L91: -2.4607143 | M91: NA | N91: 8.1862245 | O91: 0.12091837 | Q91: 0.012091837 | R91: 0.053681775 | S91: =VLOOKUP($E91,'Product Naming'!$A$1:$P$58,2,FALSE) -> Farnesene | T91: =VLOOKUP($E91,'Product Naming'!$A$1:$P$58,3,FALSE) -> Farnesene | U91: =VLOOKUP($E91,'Product Naming'!$A$1:$P$58,4,FALSE) -> A | V91: =VLOOKUP($E91,'Product Naming'!$A$1:$P$58,5,FALSE) -> C15H24 | W91: =VLOOKUP($E91,'Product Naming'!$A$1:$P$58,6,FALSE) -> 15 | X91: =VLOOKUP($E91,'Product Naming'!$A$1:$P$58,7,FALSE) -> 24 | Y91: =VLOOKUP($E91,'Product Naming'!$A$1:$P$58,8,FALSE) -> 0 | Z91: =VLOOKUP($E91,'Product Naming'!$A$1:$P$58,9,FALSE) -> 0 | AA91: =VLOOKUP($E91,'Product Naming'!$A$1:$P$58,10,FALSE) -> 0 | AB91: =VLOOKUP($E91,'Product Naming'!$A$1:$P$58,11,FALSE) -> 5.6 | AC91: =VLOOKUP($E91,'Product Naming'!$A$1:$P$58,12,FALSE) -> 204.34866 | AD91: =VLOOKUP($E91,'Product Naming'!$A$1:$P$58,13,FALSE) -> 260 (A)/272 (B) | AE91: =VLOOKUP($E91,'Product Naming'!$A$1:$P$58,14,FALSE) -> Hydrocarbon | AF91: =VLOOKUP($E91,'Product Naming'!$A$1:$P$58,15,FALSE) -> Acetyl-CoA | AG91: =VLOOKUP($E91,'Product Naming'!$A$1:$P$58,16,FALSE) -> Proton symporter | AH91: =VLOOKUP($E91,'Product Naming'!$A$1:$Q$58,17,FALSE) -> frene_c | AI91: =VLOOKUP($E91,'Product Parameters'!$A$2:$D$59,2,FALSE) -> 1 | AJ91: =VLOOKUP($E91,'Product Parameters'!$A$2:$D$59,3,FALSE) -> 0 | AK91: =VLOOKUP($E91,'Product Parameters'!$A$2:$D$59,4,FALSE) -> 0.12 | AL91: =VLOOKUP($E91,'Product Parameters'!$A$2:$E$59,5,FALSE) -> 0 | AM91: =VLOOKUP($E91,'Product Parameters'!$A$2:$F$59,6,FALSE) -> 15 | AN91: =VLOOKUP($C91,'Substrate Heating'!$A$2:$C$33,3,FALSE) -> 247.59097 | AO91: =VLOOKUP($C91,'Substrate Heating'!$A$2:$B$33,2,FALSE) -> 5.5 | AP91: =VLOOKUP($C91,'Substrate Heating'!$A$2:$M$33,13,FALSE) -> 1 | AQ91: =VLOOKUP($C91,'Substrate Heating'!$A$2:$M$33,8,FALSE) -> 1 | AR91: =Q91*W91/AQ91 -> 0.18137755
A92: 2021-05-17 | B92: iJO1366 | C92: Formate_Formolase | D92: ECR-C1a | E92: Limonene | F92: EX_limnen_e | G92: -10 | H92: -20 | I92: NA | J92: 3.15 | K92: -10 | L92: -2.4574713 | M92: NA | N92: 8.183908 | O92: 0.1816092 | Q92: 0.01816092 | R92: 0.053750334 | S92: =VLOOKUP($E92,'Product Naming'!$A$1:$P$58,2,FALSE) -> Limonene | T92: =VLOOKUP($E92,'Product Naming'!$A$1:$P$58,3,FALSE) -> Limonene | U92: =VLOOKUP($E92,'Product Naming'!$A$1:$P$58,4,FALSE) -> E | V92: =VLOOKUP($E92,'Product Naming'!$A$1:$P$58,5,FALSE) -> C10H16 | W92: =VLOOKUP($E92,'Product Naming'!$A$1:$P$58,6,FALSE) -> 10 | X92: =VLOOKUP($E92,'Product Naming'!$A$1:$P$58,7,FALSE) -> 16 | Y92: =VLOOKUP($E92,'Product Naming'!$A$1:$P$58,8,FALSE) -> 0 | Z92: =VLOOKUP($E92,'Product Naming'!$A$1:$P$58,9,FALSE) -> 0 | AA92: =VLOOKUP($E92,'Product Naming'!$A$1:$P$58,10,FALSE) -> 0 | AB92: =VLOOKUP($E92,'Product Naming'!$A$1:$P$58,11,FALSE) -> 5.6 | AC92: =VLOOKUP($E92,'Product Naming'!$A$1:$P$58,12,FALSE) -> 136.23244 | AD92: =VLOOKUP($E92,'Product Naming'!$A$1:$P$58,13,FALSE) -> 176 | AE92: =VLOOKUP($E92,'Product Naming'!$A$1:$P$58,14,FALSE) -> Isoprenoid; Aromatic (Cycloalkane) | AF92: =VLOOKUP($E92,'Product Naming'!$A$1:$P$58,15,FALSE) -> Acetyl-CoA | AG92: =VLOOKUP($E92,'Product Naming'!$A$1:$P$58,16,FALSE) -> Proton symporter | AH92: =VLOOKUP($E92,'Product Naming'!$A$1:$Q$58,17,FALSE) -> limnen_c | AI92: =VLOOKUP($E92,'Product Parameters'!$A$2:$D$59,2,FALSE) -> 1 | AJ92: =VLOOKUP($E92,'Product Parameters'!$A$2:$D$59,3,FALSE) -> 0 | AK92: =VLOOKUP($E92,'Product Parameters'!$A$2:$D$59,4,FALSE) -> 0.12 | AL92: =VLOOKUP($E92,'Product Parameters'!$A$2:$E$59,5,FALSE) -> 49.5 | AM92: =VLOOKUP($E92,'Product Parameters'!$A$2:$F$59,6,FALSE) -> 10 | AN92: =VLOOKUP($C92,'Substrate Heating'!$A$2:$C$33,3,FALSE) -> 247.59097 | AO92: =VLOOKUP($C92,'Substrate Heating'!$A$2:$B$33,2,FALSE) -> 5.5 | AP92: =VLOOKUP($C92,'Substrate Heating'!$A$2:$M$33,13,FALSE) -> 1 | AQ92: =VLOOKUP($C92,'Substrate Heating'!$A$2:$M$33,8,FALSE) -> 1 | AR92: =Q92*W92/AQ92 -> 0.1816092
A93: 2021-05-11 | B93: iJO1366 | C93: Formate_SerineCycle | D93: ECR-C1a | E93: Itaconate | F93: EX_itacon_e | G93: -10 | H93: -20 | I93: NA | J93: 3.15 | K93: -10 | L93: -4.1293878 | M93: NA | N93: 9.0326531 | O93: 0.19346939 | Q93: 0.019346939 | R93: 0.053834327 | S93: =VLOOKUP($E93,'Product Naming'!$A$1:$P$58,2,FALSE) -> Itaconate | T93: =VLOOKUP($E93,'Product Naming'!$A$1:$P$58,3,FALSE) -> Itaconate | U93: =VLOOKUP($E93,'Product Naming'!$A$1:$P$58,4,FALSE) -> E | V93: =VLOOKUP($E93,'Product Naming'!$A$1:$P$58,5,FALSE) -> C5H4O4 | W93: =VLOOKUP($E93,'Product Naming'!$A$1:$P$58,6,FALSE) -> 5 | X93: =VLOOKUP($E93,'Product Naming'!$A$1:$P$58,7,FALSE) -> 4 | Y93: =VLOOKUP($E93,'Product Naming'!$A$1:$P$58,8,FALSE) -> 4 | Z93: =VLOOKUP($E93,'Product Naming'!$A$1:$P$58,9,FALSE) -> 0 | AA93: =VLOOKUP($E93,'Product Naming'!$A$1:$P$58,10,FALSE) -> -2 | AB93: =VLOOKUP($E93,'Product Naming'!$A$1:$P$58,11,FALSE) -> 3.2 | AC93: =VLOOKUP($E93,'Product Naming'!$A$1:$P$58,12,FALSE) -> 128.08086 | AD93: =VLOOKUP($E93,'Product Naming'!$A$1:$P$58,13,FALSE) -> 381 | AE93: =VLOOKUP($E93,'Product Naming'!$A$1:$P$58,14,FALSE) -> Dicarboxylate | AF93: =VLOOKUP($E93,'Product Naming'!$A$1:$P$58,15,FALSE) -> Acetyl-CoA + Oxaloacetate | AG93: =VLOOKUP($E93,'Product Naming'!$A$1:$P$58,16,FALSE) -> Proton symporter | AH93: =VLOOKUP($E93,'Product Naming'!$A$1:$Q$58,17,FALSE) -> itacon_c | AI93: =VLOOKUP($E93,'Product Parameters'!$A$2:$D$59,2,FALSE) -> 1 | AJ93: =VLOOKUP($E93,'Product Parameters'!$A$2:$D$59,3,FALSE) -> 0 | AK93: =VLOOKUP($E93,'Product Parameters'!$A$2:$D$59,4,FALSE) -> 0.12 | AL93: =VLOOKUP($E93,'Product Parameters'!$A$2:$E$59,5,FALSE) -> 40.65 | AM93: =VLOOKUP($E93,'Product Parameters'!$A$2:$F$59,6,FALSE) -> 5 | AN93: =VLOOKUP($C93,'Substrate Heating'!$A$2:$C$33,3,FALSE) -> 247.59097 | AO93: =VLOOKUP($C93,'Substrate Heating'!$A$2:$B$33,2,FALSE) -> 5.5 | AP93: =VLOOKUP($C93,'Substrate Heating'!$A$2:$M$33,13,FALSE) -> 1 | AQ93: =VLOOKUP($C93,'Substrate Heating'!$A$2:$M$33,8,FALSE) -> 1 | AR93: =Q93*W93/AQ93 -> 0.096734694
A94: 2021-05-11 | B94: iJO1366 | C94: Formate_Formolase | D94: ECR-C1a | E94: Styrene | F94: EX_styr_e | G94: -10 | H94: -20 | I94: NA | J94: 3.15 | K94: -10 | L94: -2.5939086 | M94: NA | N94: 8.0751269 | O94: 0.24060914 | Q94: 0.024060914 | R94: 0.054441137 | S94: =VLOOKUP($E94,'Product Naming'!$A$1:$P$58,2,FALSE) -> Styrene | T94: =VLOOKUP($E94,'Product Naming'!$A$1:$P$58,3,FALSE) -> Styrene | U94: =VLOOKUP($E94,'Product Naming'!$A$1:$P$58,4,FALSE) -> E-S | V94: =VLOOKUP($E94,'Product Naming'!$A$1:$P$58,5,FALSE) -> C8H8 | W94: =VLOOKUP($E94,'Product Naming'!$A$1:$P$58,6,FALSE) -> 8 | X94: =VLOOKUP($E94,'Product Naming'!$A$1:$P$58,7,FALSE) -> 8 | Y94: =VLOOKUP($E94,'Product Naming'!$A$1:$P$58,8,FALSE) -> 0 | Z94: =VLOOKUP($E94,'Product Naming'!$A$1:$P$58,9,FALSE) -> 0 | AA94: =VLOOKUP($E94,'Product Naming'!$A$1:$P$58,10,FALSE) -> 0 | AB94: =VLOOKUP($E94,'Product Naming'!$A$1:$P$58,11,FALSE) -> 5 | AC94: =VLOOKUP($E94,'Product Naming'!$A$1:$P$58,12,FALSE) -> 104.14832 | AD94: =VLOOKUP($E94,'Product Naming'!$A$1:$P$58,13,FALSE) -> 145 | AE94: =VLOOKUP($E94,'Product Naming'!$A$1:$P$58,14,FALSE) -> Cycloalkane | AF94: =VLOOKUP($E94,'Product Naming'!$A$1:$P$58,15,FALSE) -> E4P | AG94: =VLOOKUP($E94,'Product Naming'!$A$1:$P$58,16,FALSE) -> Proton symporter | AH94: =VLOOKUP($E94,'Product Naming'!$A$1:$Q$58,17,FALSE) -> styr_c | AI94: =VLOOKUP($E94,'Product Parameters'!$A$2:$D$59,2,FALSE) -> 1 | AJ94: =VLOOKUP($E94,'Product Parameters'!$A$2:$D$59,3,FALSE) -> 0 | AK94: =VLOOKUP($E94,'Product Parameters'!$A$2:$D$59,4,FALSE) -> 0.12 | AL94: =VLOOKUP($E94,'Product Parameters'!$A$2:$E$59,5,FALSE) -> 43.9 | AM94: =VLOOKUP($E94,'Product Parameters'!$A$2:$F$59,6,FALSE) -> 8 | AN94: =VLOOKUP($C94,'Substrate Heating'!$A$2:$C$33,3,FALSE) -> 247.59097 | AO94: =VLOOKUP($C94,'Substrate Heating'!$A$2:$B$33,2,FALSE) -> 5.5 | AP94: =VLOOKUP($C94,'Substrate Heating'!$A$2:$M$33,13,FALSE) -> 1 | AQ94: =VLOOKUP($C94,'Substrate Heating'!$A$2:$M$33,8,FALSE) -> 1 | AR94: =Q94*W94/AQ94 -> 0.19248731
A95: 2021-05-11 | B95: iJO1366 | C95: Formate_SerineCycle | D95: ECR-C1a | E95: 2-Pyrone-4-6-Dicarboxylate | F95: EX_2p46dc_e | G95: -10 | H95: -20 | I95: NA | J95: 3.15 | K95: -10 | L95: -4.3090379 | M95: NA | N95: 9.0326531 | O95: 0.13819242 | Q95: 0.013819242 | R95: 0.054666364 | S95: =VLOOKUP($E95,'Product Naming'!$A$1:$P$58,2,FALSE) -> 2-Pyrone-4-6-Dicarboxylate | T95: =VLOOKUP($E95,'Product Naming'!$A$1:$P$58,3,FALSE) -> 2-Pyrone 4,6-dicarboxylate | U95: =VLOOKUP($E95,'Product Naming'!$A$1:$P$58,4,FALSE) -> A | V95: =VLOOKUP($E95,'Product Naming'!$A$1:$P$58,5,FALSE) -> C7H2O6 | W95: =VLOOKUP($E95,'Product Naming'!$A$1:$P$58,6,FALSE) -> 7 | X95: =VLOOKUP($E95,'Product Naming'!$A$1:$P$58,7,FALSE) -> 2 | Y95: =VLOOKUP($E95,'Product Naming'!$A$1:$P$58,8,FALSE) -> 6 | Z95: =VLOOKUP($E95,'Product Naming'!$A$1:$P$58,9,FALSE) -> 0 | AA95: =VLOOKUP($E95,'Product Naming'!$A$1:$P$58,10,FALSE) -> -2 | AB95: =VLOOKUP($E95,'Product Naming'!$A$1:$P$58,11,FALSE) -> 2.5714286 | AC95: =VLOOKUP($E95,'Product Naming'!$A$1:$P$58,12,FALSE) -> 182.08458 | AD95: =VLOOKUP($E95,'Product Naming'!$A$1:$P$58,13,FALSE) -> 355.5 | AE95: =VLOOKUP($E95,'Product Naming'!$A$1:$P$58,14,FALSE) -> Dicarboxylate | AF95: =VLOOKUP($E95,'Product Naming'!$A$1:$P$58,15,FALSE) -> Glyceraldehyde 3-P | AG95: =VLOOKUP($E95,'Product Naming'!$A$1:$P$58,16,FALSE) -> Proton symporter | AH95: =VLOOKUP($E95,'Product Naming'!$A$1:$Q$58,17,FALSE) -> 2p46dc_c | AI95: =VLOOKUP($E95,'Product Parameters'!$A$2:$D$59,2,FALSE) -> 1 | AJ95: =VLOOKUP($E95,'Product Parameters'!$A$2:$D$59,3,FALSE) -> 0 | AK95: =VLOOKUP($E95,'Product Parameters'!$A$2:$D$59,4,FALSE) -> 0.12 | AL95: =VLOOKUP($E95,'Product Parameters'!$A$2:$E$59,5,FALSE) -> 0 | AM95: =VLOOKUP($E95,'Product Parameters'!$A$2:$F$59,6,FALSE) -> 7 | AN95: =VLOOKUP($C95,'Substrate Heating'!$A$2:$C$33,3,FALSE) -> 247.59097 | AO95: =VLOOKUP($C95,'Substrate Heating'!$A$2:$B$33,2,FALSE) -> 5.5 | AP95: =VLOOKUP($C95,'Substrate Heating'!$A$2:$M$33,13,FALSE) -> 1 | AQ95: =VLOOKUP($C95,'Substrate Heating'!$A$2:$M$33,8,FALSE) -> 1 | AR95: =Q95*W95/AQ95 -> 0.096734694
A96: 2021-05-11 | B96: iJO1366 | C96: Formate_RGP-Serine | D96: ECR-C1a | E96: Benzoate-PW1 | F96: EX_bz_e | G96: -10 | H96: -20 | I96: NA | J96: 3.15 | K96: -10 | L96: -3.4129464 | M96: NA | N96: 8.51875 | O96: 0.21160714 | Q96: 0.021160714 | R96: 0.055677619 | S96: =VLOOKUP($E96,'Product Naming'!$A$1:$P$58,2,FALSE) -> Benzoate-PW1 | T96: =VLOOKUP($E96,'Product Naming'!$A$1:$P$58,3,FALSE) -> Benzoate (PW1) | U96: =VLOOKUP($E96,'Product Naming'!$A$1:$P$58,4,FALSE) -> A | V96: =VLOOKUP($E96,'Product Naming'!$A$1:$P$58,5,FALSE) -> C7H5O2 | W96: =VLOOKUP($E96,'Product Naming'!$A$1:$P$58,6,FALSE) -> 7 | X96: =VLOOKUP($E96,'Product Naming'!$A$1:$P$58,7,FALSE) -> 5 | Y96: =VLOOKUP($E96,'Product Naming'!$A$1:$P$58,8,FALSE) -> 2 | Z96: =VLOOKUP($E96,'Product Naming'!$A$1:$P$58,9,FALSE) -> 0 | AA96: =VLOOKUP($E96,'Product Naming'!$A$1:$P$58,10,FALSE) -> -1 | AB96: =VLOOKUP($E96,'Product Naming'!$A$1:$P$58,11,FALSE) -> 4.1428571 | AC96: =VLOOKUP($E96,'Product Naming'!$A$1:$P$58,12,FALSE) -> 121.1121 | AD96: =VLOOKUP($E96,'Product Naming'!$A$1:$P$58,13,FALSE) -> 249.2 | AE96: =VLOOKUP($E96,'Product Naming'!$A$1:$P$58,14,FALSE) -> Aromatic + Carboxylate | AF96: =VLOOKUP($E96,'Product Naming'!$A$1:$P$58,15,FALSE) -> E4P + aKG | AG96: =VLOOKUP($E96,'Product Naming'!$A$1:$P$58,16,FALSE) -> Proton symporter | AH96: =VLOOKUP($E96,'Product Naming'!$A$1:$Q$58,17,FALSE) -> bz_c | AI96: =VLOOKUP($E96,'Product Parameters'!$A$2:$D$59,2,FALSE) -> 1 | AJ96: =VLOOKUP($E96,'Product Parameters'!$A$2:$D$59,3,FALSE) -> 0 | AK96: =VLOOKUP($E96,'Product Parameters'!$A$2:$D$59,4,FALSE) -> 0.12 | AL96: =VLOOKUP($E96,'Product Parameters'!$A$2:$E$59,5,FALSE) -> 40.65 | AM96: =VLOOKUP($E96,'Product Parameters'!$A$2:$F$59,6,FALSE) -> 7 | AN96: =VLOOKUP($C96,'Substrate Heating'!$A$2:$C$33,3,FALSE) -> 247.59097 | AO96: =VLOOKUP($C96,'Substrate Heating'!$A$2:$B$33,2,FALSE) -> 5.5 | AP96: =VLOOKUP($C96,'Substrate Heating'!$A$2:$M$33,13,FALSE) -> 1 | AQ96: =VLOOKUP($C96,'Substrate Heating'!$A$2:$M$33,8,FALSE) -> 1 | AR96: =Q96*W96/AQ96 -> 0.148125
A97: 2021-05-11 | B97: iJO1366 | C97: Formate_RGP-Serine | D97: ECR-C1a | E97: Benzoate-PW2 | F97: EX_bz_e | G97: -10 | H97: -20 | I97: NA | J97: 3.15 | K97: -10 | L97: -3.4129464 | M97: NA | N97: 8.51875 | O97: 0.21160714 | Q97: 0.021160714 | R97: 0.055677619 | S97: =VLOOKUP($E97,'Product Naming'!$A$1:$P$58,2,FALSE) -> Benzoate-PW2 | T97: =VLOOKUP($E97,'Product Naming'!$A$1:$P$58,3,FALSE) -> Benzoate (PW2) | U97: =VLOOKUP($E97,'Product Naming'!$A$1:$P$58,4,FALSE) -> A | V97: =VLOOKUP($E97,'Product Naming'!$A$1:$P$58,5,FALSE) -> C7H5O2 | W97: =VLOOKUP($E97,'Product Naming'!$A$1:$P$58,6,FALSE) -> 7 | X97: =VLOOKUP($E97,'Product Naming'!$A$1:$P$58,7,FALSE) -> 5 | Y97: =VLOOKUP($E97,'Product Naming'!$A$1:$P$58,8,FALSE) -> 2 | Z97: =VLOOKUP($E97,'Product Naming'!$A$1:$P$58,9,FALSE) -> 0 | AA97: =VLOOKUP($E97,'Product Naming'!$A$1:$P$58,10,FALSE) -> -1 | AB97: =VLOOKUP($E97,'Product Naming'!$A$1:$P$58,11,FALSE) -> 4.1428571 | AC97: =VLOOKUP($E97,'Product Naming'!$A$1:$P$58,12,FALSE) -> 121.1121 | AD97: =VLOOKUP($E97,'Product Naming'!$A$1:$P$58,13,FALSE) -> 249.2 | AE97: =VLOOKUP($E97,'Product Naming'!$A$1:$P$58,14,FALSE) -> Aromatic + Carboxylate | AF97: =VLOOKUP($E97,'Product Naming'!$A$1:$P$58,15,FALSE) -> E4P + aKG | AG97: =VLOOKUP($E97,'Product Naming'!$A$1:$P$58,16,FALSE) -> Proton symporter | AH97: =VLOOKUP($E97,'Product Naming'!$A$1:$Q$58,17,FALSE) -> bz_c | AI97: =VLOOKUP($E97,'Product Parameters'!$A$2:$D$59,2,FALSE) -> 1 | AJ97: =VLOOKUP($E97,'Product Parameters'!$A$2:$D$59,3,FALSE) -> 0 | AK97: =VLOOKUP($E97,'Product Parameters'!$A$2:$D$59,4,FALSE) -> 0.12 | AL97: =VLOOKUP($E97,'Product Parameters'!$A$2:$E$59,5,FALSE) -> 40.65 | AM97: =VLOOKUP($E97,'Product Parameters'!$A$2:$F$59,6,FALSE) -> 7 | AN97: =VLOOKUP($C97,'Substrate Heating'!$A$2:$C$33,3,FALSE) -> 247.59097 | AO97: =VLOOKUP($C97,'Substrate Heating'!$A$2:$B$33,2,FALSE) -> 5.5 | AP97: =VLOOKUP($C97,'Substrate Heating'!$A$2:$M$33,13,FALSE) -> 1 | AQ97: =VLOOKUP($C97,'Substrate Heating'!$A$2:$M$33,8,FALSE) -> 1 | AR97: =Q97*W97/AQ97 -> 0.148125
A98: 2023-12-14 | B98: iHN637 | C98: CO_2:H2_2 | D98: ECR-C1b | E98: Phenol | F98: EX_phenol_e | G98: -10 | H98: 0 | I98: -20 | J98: 0.45 | K98: -9.7221053 | L98: 0 | M98: -20 | N98: -9.7221053 | O98: 0.27789474 | Q98: 0.028583803 | R98: 0.055859264 | S98: =VLOOKUP($E98,'Product Naming'!$A$1:$P$58,2,FALSE) -> Phenol | T98: =VLOOKUP($E98,'Product Naming'!$A$1:$P$58,3,FALSE) -> Phenol | U98: =VLOOKUP($E98,'Product Naming'!$A$1:$P$58,4,FALSE) -> E-S | V98: =VLOOKUP($E98,'Product Naming'!$A$1:$P$58,5,FALSE) -> C6H6O | W98: =VLOOKUP($E98,'Product Naming'!$A$1:$P$58,6,FALSE) -> 6 | X98: =VLOOKUP($E98,'Product Naming'!$A$1:$P$58,7,FALSE) -> 6 | Y98: =VLOOKUP($E98,'Product Naming'!$A$1:$P$58,8,FALSE) -> 1 | Z98: =VLOOKUP($E98,'Product Naming'!$A$1:$P$58,9,FALSE) -> 0 | AA98: =VLOOKUP($E98,'Product Naming'!$A$1:$P$58,10,FALSE) -> 0 | AB98: =VLOOKUP($E98,'Product Naming'!$A$1:$P$58,11,FALSE) -> 4.6666667 | AC98: =VLOOKUP($E98,'Product Naming'!$A$1:$P$58,12,FALSE) -> 94.11024 | AD98: =VLOOKUP($E98,'Product Naming'!$A$1:$P$58,13,FALSE) -> 181.7 | AE98: =VLOOKUP($E98,'Product Naming'!$A$1:$P$58,14,FALSE) -> Aromatic + Alcohol | AF98: =VLOOKUP($E98,'Product Naming'!$A$1:$P$58,15,FALSE) -> E4P + L-glutamate | AG98: =VLOOKUP($E98,'Product Naming'!$A$1:$P$58,16,FALSE) -> Proton symporter | AH98: =VLOOKUP($E98,'Product Naming'!$A$1:$Q$58,17,FALSE) -> phenol_c | AI98: =VLOOKUP($E98,'Product Parameters'!$A$2:$D$59,2,FALSE) -> 1 | AJ98: =VLOOKUP($E98,'Product Parameters'!$A$2:$D$59,3,FALSE) -> 0 | AK98: =VLOOKUP($E98,'Product Parameters'!$A$2:$D$59,4,FALSE) -> 0.12 | AL98: =VLOOKUP($E98,'Product Parameters'!$A$2:$E$59,5,FALSE) -> 58.8 | AM98: =VLOOKUP($E98,'Product Parameters'!$A$2:$F$59,6,FALSE) -> 6 | AN98: =VLOOKUP($C98,'Substrate Heating'!$A$2:$C$33,3,FALSE) -> 120.9 | AO98: =VLOOKUP($C98,'Substrate Heating'!$A$2:$B$33,2,FALSE) -> 5.2537373 | AP98: =VLOOKUP($C98,'Substrate Heating'!$A$2:$M$33,13,FALSE) -> 0 | AQ98: =VLOOKUP($C98,'Substrate Heating'!$A$2:$M$33,8,FALSE) -> 0.33333333 | AR98: =Q98*W98/AQ98 -> 0.51450845
A99: 2023-12-14 | B99: iHN637 | C99: CO_2:H2_2 | D99: ECR-C1b | E99: Styrene | F99: EX_styr_e | G99: -10 | H99: 0 | I99: -20 | J99: 0.45 | K99: -9.4923077 | L99: 0 | M99: -20 | N99: -9.4923077 | O99: 0.25384615 | Q99: 0.026742301 | R99: 0.057714492 | S99: =VLOOKUP($E99,'Product Naming'!$A$1:$P$58,2,FALSE) -> Styrene | T99: =VLOOKUP($E99,'Product Naming'!$A$1:$P$58,3,FALSE) -> Styrene | U99: =VLOOKUP($E99,'Product Naming'!$A$1:$P$58,4,FALSE) -> E-S | V99: =VLOOKUP($E99,'Product Naming'!$A$1:$P$58,5,FALSE) -> C8H8 | W99: =VLOOKUP($E99,'Product Naming'!$A$1:$P$58,6,FALSE) -> 8 | X99: =VLOOKUP($E99,'Product Naming'!$A$1:$P$58,7,FALSE) -> 8 | Y99: =VLOOKUP($E99,'Product Naming'!$A$1:$P$58,8,FALSE) -> 0 | Z99: =VLOOKUP($E99,'Product Naming'!$A$1:$P$58,9,FALSE) -> 0 | AA99: =VLOOKUP($E99,'Product Naming'!$A$1:$P$58,10,FALSE) -> 0 | AB99: =VLOOKUP($E99,'Product Naming'!$A$1:$P$58,11,FALSE) -> 5 | AC99: =VLOOKUP($E99,'Product Naming'!$A$1:$P$58,12,FALSE) -> 104.14832 | AD99: =VLOOKUP($E99,'Product Naming'!$A$1:$P$58,13,FALSE) -> 145 | AE99: =VLOOKUP($E99,'Product Naming'!$A$1:$P$58,14,FALSE) -> Cycloalkane | AF99: =VLOOKUP($E99,'Product Naming'!$A$1:$P$58,15,FALSE) -> E4P | AG99: =VLOOKUP($E99,'Product Naming'!$A$1:$P$58,16,FALSE) -> Proton symporter | AH99: =VLOOKUP($E99,'Product Naming'!$A$1:$Q$58,17,FALSE) -> styr_c | AI99: =VLOOKUP($E99,'Product Parameters'!$A$2:$D$59,2,FALSE) -> 1 | AJ99: =VLOOKUP($E99,'Product Parameters'!$A$2:$D$59,3,FALSE) -> 0 | AK99: =VLOOKUP($E99,'Product Parameters'!$A$2:$D$59,4,FALSE) -> 0.12 | AL99: =VLOOKUP($E99,'Product Parameters'!$A$2:$E$59,5,FALSE) -> 43.9 | AM99: =VLOOKUP($E99,'Product Parameters'!$A$2:$F$59,6,FALSE) -> 8 | AN99: =VLOOKUP($C99,'Substrate Heating'!$A$2:$C$33,3,FALSE) -> 120.9 | AO99: =VLOOKUP($C99,'Substrate Heating'!$A$2:$B$33,2,FALSE) -> 5.2537373 | AP99: =VLOOKUP($C99,'Substrate Heating'!$A$2:$M$33,13,FALSE) -> 0 | AQ99: =VLOOKUP($C99,'Substrate Heating'!$A$2:$M$33,8,FALSE) -> 0.33333333 | AR99: =Q99*W99/AQ99 -> 0.64181524
A100: 2021-05-11 | B100: iJO1366 | C100: Formate_RGP-Serine | D100: ECR-C1a | E100: 1-Propanol-PW1 | F100: EX_ppoh_e | G100: -10 | H100: -20 | I100: NA | J100: 3.15 | K100: -10 | L100: -3.0065421 | M100: NA | N100: 8.671028 | O100: 0.44299065 | Q100: 0.044299065 | R100: 0.057834525 | S100: =VLOOKUP($E100,'Product Naming'!$A$1:$P$58,2,FALSE) -> 1-propanol-PW1 | T100: =VLOOKUP($E100,'Product Naming'!$A$1:$P$58,3,FALSE) -> 1-Propanol (PW1) | U100: =VLOOKUP($E100,'Product Naming'!$A$1:$P$58,4,FALSE) -> E-S | V100: =VLOOKUP($E100,'Product Naming'!$A$1:$P$58,5,FALSE) -> C3H8O | W100: =VLOOKUP($E100,'Product Naming'!$A$1:$P$58,6,FALSE) -> 3 | X100: =VLOOKUP($E100,'Product Naming'!$A$1:$P$58,7,FALSE) -> 8 | Y100: =VLOOKUP($E100,'Product Naming'!$A$1:$P$58,8,FALSE) -> 1 | Z100: =VLOOKUP($E100,'Product Naming'!$A$1:$P$58,9,FALSE) -> 0 | AA100: =VLOOKUP($E100,'Product Naming'!$A$1:$P$58,10,FALSE) -> 0 | AB100: =VLOOKUP($E100,'Product Naming'!$A$1:$P$58,11,FALSE) -> 6 | AC100: =VLOOKUP($E100,'Product Naming'!$A$1:$P$58,12,FALSE) -> 60.09382 | AD100: =VLOOKUP($E100,'Product Naming'!$A$1:$P$58,13,FALSE) -> 97 | AE100: =VLOOKUP($E100,'Product Naming'!$A$1:$P$58,14,FALSE) -> Alcohol | AF100: =VLOOKUP($E100,'Product Naming'!$A$1:$P$58,15,FALSE) -> Glyceraldehyde 3-P (-->DHAP) | AG100: =VLOOKUP($E100,'Product Naming'!$A$1:$P$58,16,FALSE) -> Proton symporter | AH100: =VLOOKUP($E100,'Product Naming'!$A$1:$Q$58,17,FALSE) -> ppoh_c | AI100: =VLOOKUP($E100,'Product Parameters'!$A$2:$D$59,2,FALSE) -> 1 | AJ100: =VLOOKUP($E100,'Product Parameters'!$A$2:$D$59,3,FALSE) -> 0 | AK100: =VLOOKUP($E100,'Product Parameters'!$A$2:$D$59,4,FALSE) -> 0.12 | AL100: =VLOOKUP($E100,'Product Parameters'!$A$2:$E$59,5,FALSE) -> 47 | AM100: =VLOOKUP($E100,'Product Parameters'!$A$2:$F$59,6,FALSE) -> 3 | AN100: =VLOOKUP($C100,'Substrate Heating'!$A$2:$C$33,3,FALSE) -> 247.59097 | AO100: =VLOOKUP($C100,'Substrate Heating'!$A$2:$B$33,2,FALSE) -> 5.5 | AP100: =VLOOKUP($C100,'Substrate Heating'!$A$2:$M$33,13,FALSE) -> 1 | AQ100: =VLOOKUP($C100,'Substrate Heating'!$A$2:$M$33,8,FALSE) -> 1 | AR100: =Q100*W100/AQ100 -> 0.1328972
A101: 2023-12-14 | B101: iHN637 | C101: CO_2:H2_2 | D101: ECR-C1b | E101: Benzoate-PW2 | F101: EX_bz_e | G101: -10 | H101: 0 | I101: -20 | J101: 0.45 | K101: -9.8857143 | L101: 0 | M101: -20 | N101: -9.8857143 | O101: 0.22857143 | Q101: 0.023121387 | R101: 0.05823166 | S101: =VLOOKUP($E101,'Product Naming'!$A$1:$P$58,2,FALSE) -> Benzoate-PW2 | T101: =VLOOKUP($E101,'Product Naming'!$A$1:$P$58,3,FALSE) -> Benzoate (PW2) | U101: =VLOOKUP($E101,'Product Naming'!$A$1:$P$58,4,FALSE) -> A | V101: =VLOOKUP($E101,'Product Naming'!$A$1:$P$58,5,FALSE) -> C7H5O2 | W101: =VLOOKUP($E101,'Product Naming'!$A$1:$P$58,6,FALSE) -> 7 | X101: =VLOOKUP($E101,'Product Naming'!$A$1:$P$58,7,FALSE) -> 5 | Y101: =VLOOKUP($E101,'Product Naming'!$A$1:$P$58,8,FALSE) -> 2 | Z101: =VLOOKUP($E101,'Product Naming'!$A$1:$P$58,9,FALSE) -> 0 | AA101: =VLOOKUP($E101,'Product Naming'!$A$1:$P$58,10,FALSE) -> -1 | AB101: =VLOOKUP($E101,'Product Naming'!$A$1:$P$58,11,FALSE) -> 4.1428571 | AC101: =VLOOKUP($E101,'Product Naming'!$A$1:$P$58,12,FALSE) -> 121.1121 | AD101: =VLOOKUP($E101,'Product Naming'!$A$1:$P$58,13,FALSE) -> 249.2 | AE101: =VLOOKUP($E101,'Product Naming'!$A$1:$P$58,14,FALSE) -> Aromatic + Carboxylate | AF101: =VLOOKUP($E101,'Product Naming'!$A$1:$P$58,15,FALSE) -> E4P + aKG | AG101: =VLOOKUP($E101,'Product Naming'!$A$1:$P$58,16,FALSE) -> Proton symporter | AH101: =VLOOKUP($E101,'Product Naming'!$A$1:$Q$58,17,FALSE) -> bz_c | AI101: =VLOOKUP($E101,'Product Parameters'!$A$2:$D$59,2,FALSE) -> 1 | AJ101: =VLOOKUP($E101,'Product Parameters'!$A$2:$D$59,3,FALSE) -> 0 | AK101: =VLOOKUP($E101,'Product Parameters'!$A$2:$D$59,4,FALSE) -> 0.12 | AL101: =VLOOKUP($E101,'Product Parameters'!$A$2:$E$59,5,FALSE) -> 40.65 | AM101: =VLOOKUP($E101,'Product Parameters'!$A$2:$F$59,6,FALSE) -> 7 | AN101: =VLOOKUP($C101,'Substrate Heating'!$A$2:$C$33,3,FALSE) -> 120.9 | AO101: =VLOOKUP($C101,'Substrate Heating'!$A$2:$B$33,2,FALSE) -> 5.2537373 | AP101: =VLOOKUP($C101,'Substrate Heating'!$A$2:$M$33,13,FALSE) -> 0 | AQ101: =VLOOKUP($C101,'Substrate Heating'!$A$2:$M$33,8,FALSE) -> 0.33333333 | AR101: =Q101*W101/AQ101 -> 0.48554913
A102: 2021-05-11 | B102: iJO1366 | C102: Formate_RGP-Serine | D102: ECR-C1a | E102: Isopropanol | F102: EX_2ppoh_e | G102: -10 | H102: -20 | I102: NA | J102: 3.15 | K102: -10 | L102: -2.9685714 | M102: NA | N102: 8.6457143 | O102: 0.45142857 | Q102: 0.045142857 | R102: 0.058936135 | S102: =VLOOKUP($E102,'Product Naming'!$A$1:$P$58,2,FALSE) -> Isopropanol | T102: =VLOOKUP($E102,'Product Naming'!$A$1:$P$58,3,FALSE) -> Isopropanol | U102: =VLOOKUP($E102,'Product Naming'!$A$1:$P$58,4,FALSE) -> A | V102: =VLOOKUP($E102,'Product Naming'!$A$1:$P$58,5,FALSE) -> C3H8O | W102: =VLOOKUP($E102,'Product Naming'!$A$1:$P$58,6,FALSE) -> 3 | X102: =VLOOKUP($E102,'Product Naming'!$A$1:$P$58,7,FALSE) -> 8 | Y102: =VLOOKUP($E102,'Product Naming'!$A$1:$P$58,8,FALSE) -> 1 | Z102: =VLOOKUP($E102,'Product Naming'!$A$1:$P$58,9,FALSE) -> 0 | AA102: =VLOOKUP($E102,'Product Naming'!$A$1:$P$58,10,FALSE) -> 0 | AB102: =VLOOKUP($E102,'Product Naming'!$A$1:$P$58,11,FALSE) -> 6 | AC102: =VLOOKUP($E102,'Product Naming'!$A$1:$P$58,12,FALSE) -> 60.09382 | AD102: =VLOOKUP($E102,'Product Naming'!$A$1:$P$58,13,FALSE) -> 82.5 | AE102: =VLOOKUP($E102,'Product Naming'!$A$1:$P$58,14,FALSE) -> Alcohol | AF102: =VLOOKUP($E102,'Product Naming'!$A$1:$P$58,15,FALSE) -> Acetyl-CoA | AG102: =VLOOKUP($E102,'Product Naming'!$A$1:$P$58,16,FALSE) -> Proton symporter | AH102: =VLOOKUP($E102,'Product Naming'!$A$1:$Q$58,17,FALSE) -> 2ppoh_c | AI102: =VLOOKUP($E102,'Product Parameters'!$A$2:$D$59,2,FALSE) -> 1 | AJ102: =VLOOKUP($E102,'Product Parameters'!$A$2:$D$59,3,FALSE) -> 0 | AK102: =VLOOKUP($E102,'Product Parameters'!$A$2:$D$59,4,FALSE) -> 0.12 | AL102: =VLOOKUP($E102,'Product Parameters'!$A$2:$E$59,5,FALSE) -> 45 | AM102: =VLOOKUP($E102,'Product Parameters'!$A$2:$F$59,6,FALSE) -> 3 | AN102: =VLOOKUP($C102,'Substrate Heating'!$A$2:$C$33,3,FALSE) -> 247.59097 | AO102: =VLOOKUP($C102,'Substrate Heating'!$A$2:$B$33,2,FALSE) -> 5.5 | AP102: =VLOOKUP($C102,'Substrate Heating'!$A$2:$M$33,13,FALSE) -> 1 | AQ102: =VLOOKUP($C102,'Substrate Heating'!$A$2:$M$33,8,FALSE) -> 1 | AR102: =Q102*W102/AQ102 -> 0.13542857
A103: 2021-05-11 | B103: iJO1366 | C103: Formate_Formolase | D103: ECR-C1a | E103: BenzylAlcohol | F103: EX_bzalc_e | G103: -10 | H103: -20 | I103: NA | J103: 3.15 | K103: -10 | L103: -2.8569149 | M103: NA | N103: 8.2351064 | O103: 0.25212766 | Q103: 0.025212766 | R103: 0.059231957 | S103: =VLOOKUP($E103,'Product Naming'!$A$1:$P$58,2,FALSE) -> Benzyl alcohol | T103: =VLOOKUP($E103,'Product Naming'!$A$1:$P$58,3,FALSE) -> Benzyl alcohol | U103: =VLOOKUP($E103,'Product Naming'!$A$1:$P$58,4,FALSE) -> E | V103: =VLOOKUP($E103,'Product Naming'!$A$1:$P$58,5,FALSE) -> C7H8O | W103: =VLOOKUP($E103,'Product Naming'!$A$1:$P$58,6,FALSE) -> 7 | X103: =VLOOKUP($E103,'Product Naming'!$A$1:$P$58,7,FALSE) -> 8 | Y103: =VLOOKUP($E103,'Product Naming'!$A$1:$P$58,8,FALSE) -> 1 | Z103: =VLOOKUP($E103,'Product Naming'!$A$1:$P$58,9,FALSE) -> 0 | AA103: =VLOOKUP($E103,'Product Naming'!$A$1:$P$58,10,FALSE) -> 0 | AB103: =VLOOKUP($E103,'Product Naming'!$A$1:$P$58,11,FALSE) -> 4.8571429 | AC103: =VLOOKUP($E103,'Product Naming'!$A$1:$P$58,12,FALSE) -> 108.13662 | AD103: =VLOOKUP($E103,'Product Naming'!$A$1:$P$58,13,FALSE) -> 205 | AE103: =VLOOKUP($E103,'Product Naming'!$A$1:$P$58,14,FALSE) -> Aromatic + Alcohol | AF103: =VLOOKUP($E103,'Product Naming'!$A$1:$P$58,15,FALSE) -> E4P | AG103: =VLOOKUP($E103,'Product Naming'!$A$1:$P$58,16,FALSE) -> Proton symporter | AH103: =VLOOKUP($E103,'Product Naming'!$A$1:$Q$58,17,FALSE) -> bzalc_c | AI103: =VLOOKUP($E103,'Product Parameters'!$A$2:$D$59,2,FALSE) -> 1 | AJ103: =VLOOKUP($E103,'Product Parameters'!$A$2:$D$59,3,FALSE) -> 0 | AK103: =VLOOKUP($E103,'Product Parameters'!$A$2:$D$59,4,FALSE) -> 0.12 | AL103: =VLOOKUP($E103,'Product Parameters'!$A$2:$E$59,5,FALSE) -> 63 | AM103: =VLOOKUP($E103,'Product Parameters'!$A$2:$F$59,6,FALSE) -> 7 | AN103: =VLOOKUP($C103,'Substrate Heating'!$A$2:$C$33,3,FALSE) -> 247.59097 | AO103: =VLOOKUP($C103,'Substrate Heating'!$A$2:$B$33,2,FALSE) -> 5.5 | AP103: =VLOOKUP($C103,'Substrate Heating'!$A$2:$M$33,13,FALSE) -> 1 | AQ103: =VLOOKUP($C103,'Substrate Heating'!$A$2:$M$33,8,FALSE) -> 1 | AR103: =Q103*W103/AQ103 -> 0.17648936
A104: 2021-05-27 | B104: iHN637 | C104: FOR_1:H2_0.5 | D104: ECR-C1b | E104: Phenol | F104: EX_phenol_e | G104: -10 | H104: 0 | I104: -5 | J104: 0.45 | K104: -10 | L104: 0 | M104: -5 | N104: 2.8042105 | O104: 0.30421053 | Q104: 0.030421053 | R104: 0.060862179 | S104: =VLOOKUP($E104,'Product Naming'!$A$1:$P$58,2,FALSE) -> Phenol | T104: =VLOOKUP($E104,'Product Naming'!$A$1:$P$58,3,FALSE) -> Phenol | U104: =VLOOKUP($E104,'Product Naming'!$A$1:$P$58,4,FALSE) -> E-S | V104: =VLOOKUP($E104,'Product Naming'!$A$1:$P$58,5,FALSE) -> C6H6O | W104: =VLOOKUP($E104,'Product Naming'!$A$1:$P$58,6,FALSE) -> 6 | X104: =VLOOKUP($E104,'Product Naming'!$A$1:$P$58,7,FALSE) -> 6 | Y104: =VLOOKUP($E104,'Product Naming'!$A$1:$P$58,8,FALSE) -> 1 | Z104: =VLOOKUP($E104,'Product Naming'!$A$1:$P$58,9,FALSE) -> 0 | AA104: =VLOOKUP($E104,'Product Naming'!$A$1:$P$58,10,FALSE) -> 0 | AB104: =VLOOKUP($E104,'Product Naming'!$A$1:$P$58,11,FALSE) -> 4.6666667 | AC104: =VLOOKUP($E104,'Product Naming'!$A$1:$P$58,12,FALSE) -> 94.11024 | AD104: =VLOOKUP($E104,'Product Naming'!$A$1:$P$58,13,FALSE) -> 181.7 | AE104: =VLOOKUP($E104,'Product Naming'!$A$1:$P$58,14,FALSE) -> Aromatic + Alcohol | AF104: =VLOOKUP($E104,'Product Naming'!$A$1:$P$58,15,FALSE) -> E4P + L-glutamate | AG104: =VLOOKUP($E104,'Product Naming'!$A$1:$P$58,16,FALSE) -> Proton symporter | AH104: =VLOOKUP($E104,'Product Naming'!$A$1:$Q$58,17,FALSE) -> phenol_c | AI104: =VLOOKUP($E104,'Product Parameters'!$A$2:$D$59,2,FALSE) -> 1 | AJ104: =VLOOKUP($E104,'Product Parameters'!$A$2:$D$59,3,FALSE) -> 0 | AK104: =VLOOKUP($E104,'Product Parameters'!$A$2:$D$59,4,FALSE) -> 0.12 | AL104: =VLOOKUP($E104,'Product Parameters'!$A$2:$E$59,5,FALSE) -> 58.8 | AM104: =VLOOKUP($E104,'Product Parameters'!$A$2:$F$59,6,FALSE) -> 6 | AN104: =VLOOKUP($C104,'Substrate Heating'!$A$2:$C$33,3,FALSE) -> 249.93333 | AO104: =VLOOKUP($C104,'Substrate Heating'!$A$2:$B$33,2,FALSE) -> 8.1456828 | AP104: =VLOOKUP($C104,'Substrate Heating'!$A$2:$M$33,13,FALSE) -> 0.66666667 | AQ104: =VLOOKUP($C104,'Substrate Heating'!$A$2:$M$33,8,FALSE) -> 0.66666667 | AR104: =Q104*W104/AQ104 -> 0.27378947
A105: 2021-05-11 | B105: iJO1366 | C105: Formate_RGP-Serine | D105: ECR-C1a | E105: Isobutanol | F105: EX_ibutoh_e | G105: -10 | H105: -20 | I105: NA | J105: 3.15 | K105: -10 | L105: -3.0386207 | M105: NA | N105: 8.6924138 | O105: 0.32689655 | Q105: 0.032689655 | R105: 0.061169105 | S105: =VLOOKUP($E105,'Product Naming'!$A$1:$P$58,2,FALSE) -> Isobutanol | T105: =VLOOKUP($E105,'Product Naming'!$A$1:$P$58,3,FALSE) -> Isobutanol | U105: =VLOOKUP($E105,'Product Naming'!$A$1:$P$58,4,FALSE) -> E | V105: =VLOOKUP($E105,'Product Naming'!$A$1:$P$58,5,FALSE) -> C5H10O | W105: =VLOOKUP($E105,'Product Naming'!$A$1:$P$58,6,FALSE) -> 5 | X105: =VLOOKUP($E105,'Product Naming'!$A$1:$P$58,7,FALSE) -> 10 | Y105: =VLOOKUP($E105,'Product Naming'!$A$1:$P$58,8,FALSE) -> 1 | Z105: =VLOOKUP($E105,'Product Naming'!$A$1:$P$58,9,FALSE) -> 0 | AA105: =VLOOKUP($E105,'Product Naming'!$A$1:$P$58,10,FALSE) -> 0 | AB105: =VLOOKUP($E105,'Product Naming'!$A$1:$P$58,11,FALSE) -> 5.6 | AC105: =VLOOKUP($E105,'Product Naming'!$A$1:$P$58,12,FALSE) -> 86.1309 | AD105: =VLOOKUP($E105,'Product Naming'!$A$1:$P$58,13,FALSE) -> 108 | AE105: =VLOOKUP($E105,'Product Naming'!$A$1:$P$58,14,FALSE) -> Alcohol | AF105: =VLOOKUP($E105,'Product Naming'!$A$1:$P$58,15,FALSE) -> Pyruvate | AG105: =VLOOKUP($E105,'Product Naming'!$A$1:$P$58,16,FALSE) -> Proton symporter | AH105: =VLOOKUP($E105,'Product Naming'!$A$1:$Q$58,17,FALSE) -> ibutoh_c | AI105: =VLOOKUP($E105,'Product Parameters'!$A$2:$D$59,2,FALSE) -> 1 | AJ105: =VLOOKUP($E105,'Product Parameters'!$A$2:$D$59,3,FALSE) -> 0 | AK105: =VLOOKUP($E105,'Product Parameters'!$A$2:$D$59,4,FALSE) -> 0.12 | AL105: =VLOOKUP($E105,'Product Parameters'!$A$2:$E$59,5,FALSE) -> 51 | AM105: =VLOOKUP($E105,'Product Parameters'!$A$2:$F$59,6,FALSE) -> 5 | AN105: =VLOOKUP($C105,'Substrate Heating'!$A$2:$C$33,3,FALSE) -> 247.59097 | AO105: =VLOOKUP($C105,'Substrate Heating'!$A$2:$B$33,2,FALSE) -> 5.5 | AP105: =VLOOKUP($C105,'Substrate Heating'!$A$2:$M$33,13,FALSE) -> 1 | AQ105: =VLOOKUP($C105,'Substrate Heating'!$A$2:$M$33,8,FALSE) -> 1 | AR105: =Q105*W105/AQ105 -> 0.16344828
A106: 2021-05-17 | B106: iJO1366 | C106: Formate_SerineCycle | D106: ECR-C1a | E106: Glutamate_L | F106: EX_glu__L_e | G106: -10 | H106: -20 | I106: NA | J106: 3.15 | K106: -10 | L106: -4.1293878 | M106: NA | N106: 9.0326531 | O106: 0.19346939 | Q106: 0.019346939 | R106: 0.061415998 | S106: =VLOOKUP($E106,'Product Naming'!$A$1:$P$58,2,FALSE) -> Glutamate_L | T106: =VLOOKUP($E106,'Product Naming'!$A$1:$P$58,3,FALSE) -> L-Glutamate | U106: =VLOOKUP($E106,'Product Naming'!$A$1:$P$58,4,FALSE) -> iJO1366 | V106: =VLOOKUP($E106,'Product Naming'!$A$1:$P$58,5,FALSE) -> C5H8NO4 | W106: =VLOOKUP($E106,'Product Naming'!$A$1:$P$58,6,FALSE) -> 5 | X106: =VLOOKUP($E106,'Product Naming'!$A$1:$P$58,7,FALSE) -> 8 | Y106: =VLOOKUP($E106,'Product Naming'!$A$1:$P$58,8,FALSE) -> 4 | Z106: =VLOOKUP($E106,'Product Naming'!$A$1:$P$58,9,FALSE) -> 1 | AA106: =VLOOKUP($E106,'Product Naming'!$A$1:$P$58,10,FALSE) -> -1 | AB106: =VLOOKUP($E106,'Product Naming'!$A$1:$P$58,11,FALSE) -> 3.4 | AC106: =VLOOKUP($E106,'Product Naming'!$A$1:$P$58,12,FALSE) -> 146.11892 | AD106: =VLOOKUP($E106,'Product Naming'!$A$1:$P$58,13,FALSE) -> 333.8 | AE106: =VLOOKUP($E106,'Product Naming'!$A$1:$P$58,14,FALSE) -> Amino acid | AF106: =VLOOKUP($E106,'Product Naming'!$A$1:$P$58,15,FALSE) -> aKG | AG106: =VLOOKUP($E106,'Product Naming'!$A$1:$P$58,16,FALSE) -> Proton symporter | AH106: =VLOOKUP($E106,'Product Naming'!$A$1:$Q$58,17,FALSE) -> glu__L_c | AI106: =VLOOKUP($E106,'Product Parameters'!$A$2:$D$59,2,FALSE) -> 1 | AJ106: =VLOOKUP($E106,'Product Parameters'!$A$2:$D$59,3,FALSE) -> 0 | AK106: =VLOOKUP($E106,'Product Parameters'!$A$2:$D$59,4,FALSE) -> 0.12 | AL106: =VLOOKUP($E106,'Product Parameters'!$A$2:$E$59,5,FALSE) -> 40.65 | AM106: =VLOOKUP($E106,'Product Parameters'!$A$2:$F$59,6,FALSE) -> 5 | AN106: =VLOOKUP($C106,'Substrate Heating'!$A$2:$C$33,3,FALSE) -> 247.59097 | AO106: =VLOOKUP($C106,'Substrate Heating'!$A$2:$B$33,2,FALSE) -> 5.5 | AP106: =VLOOKUP($C106,'Substrate Heating'!$A$2:$M$33,13,FALSE) -> 1 | AQ106: =VLOOKUP($C106,'Substrate Heating'!$A$2:$M$33,8,FALSE) -> 1 | AR106: =Q106*W106/AQ106 -> 0.096734694
A107: 2021-05-27 | B107: iHN637 | C107: FOR_1:H2_0.5 | D107: ECR-C1b | E107: Styrene | F107: EX_styr_e | G107: -10 | H107: 0 | I107: -5 | J107: 0.45 | K107: -10 | L107: 0 | M107: -5 | N107: 3.0557692 | O107: 0.27788462 | Q107: 0.027788462 | R107: 0.061525217 | S107: =VLOOKUP($E107,'Product Naming'!$A$1:$P$58,2,FALSE) -> Styrene | T107: =VLOOKUP($E107,'Product Naming'!$A$1:$P$58,3,FALSE) -> Styrene | U107: =VLOOKUP($E107,'Product Naming'!$A$1:$P$58,4,FALSE) -> E-S | V107: =VLOOKUP($E107,'Product Naming'!$A$1:$P$58,5,FALSE) -> C8H8 | W107: =VLOOKUP($E107,'Product Naming'!$A$1:$P$58,6,FALSE) -> 8 | X107: =VLOOKUP($E107,'Product Naming'!$A$1:$P$58,7,FALSE) -> 8 | Y107: =VLOOKUP($E107,'Product Naming'!$A$1:$P$58,8,FALSE) -> 0 | Z107: =VLOOKUP($E107,'Product Naming'!$A$1:$P$58,9,FALSE) -> 0 | AA107: =VLOOKUP($E107,'Product Naming'!$A$1:$P$58,10,FALSE) -> 0 | AB107: =VLOOKUP($E107,'Product Naming'!$A$1:$P$58,11,FALSE) -> 5 | AC107: =VLOOKUP($E107,'Product Naming'!$A$1:$P$58,12,FALSE) -> 104.14832 | AD107: =VLOOKUP($E107,'Product Naming'!$A$1:$P$58,13,FALSE) -> 145 | AE107: =VLOOKUP($E107,'Product Naming'!$A$1:$P$58,14,FALSE) -> Cycloalkane | AF107: =VLOOKUP($E107,'Product Naming'!$A$1:$P$58,15,FALSE) -> E4P | AG107: =VLOOKUP($E107,'Product Naming'!$A$1:$P$58,16,FALSE) -> Proton symporter | AH107: =VLOOKUP($E107,'Product Naming'!$A$1:$Q$58,17,FALSE) -> styr_c | AI107: =VLOOKUP($E107,'Product Parameters'!$A$2:$D$59,2,FALSE) -> 1 | AJ107: =VLOOKUP($E107,'Product Parameters'!$A$2:$D$59,3,FALSE) -> 0 | AK107: =VLOOKUP($E107,'Product Parameters'!$A$2:$D$59,4,FALSE) -> 0.12 | AL107: =VLOOKUP($E107,'Product Parameters'!$A$2:$E$59,5,FALSE) -> 43.9 | AM107: =VLOOKUP($E107,'Product Parameters'!$A$2:$F$59,6,FALSE) -> 8 | AN107: =VLOOKUP($C107,'Substrate Heating'!$A$2:$C$33,3,FALSE) -> 249.93333 | AO107: =VLOOKUP($C107,'Substrate Heating'!$A$2:$B$33,2,FALSE) -> 8.1456828 | AP107: =VLOOKUP($C107,'Substrate Heating'!$A$2:$M$33,13,FALSE) -> 0.66666667 | AQ107: =VLOOKUP($C107,'Substrate Heating'!$A$2:$M$33,8,FALSE) -> 0.66666667 | AR107: =Q107*W107/AQ107 -> 0.33346154
A108: 2021-05-11 | B108: iJO1366 | C108: Formate_Formolase | D108: ECR-C1a | E108: 3-Methyl-1-Pentanol | F108: EX_3mptoh_e | G108: -10 | H108: -20 | I108: NA | J108: 3.15 | K108: -10 | L108: -2.495499 | M108: NA | N108: 8.3303327 | O108: 0.27827789 | Q108: 0.027827789 | R108: 0.061769981 | S108: =VLOOKUP($E108,'Product Naming'!$A$1:$P$58,2,FALSE) -> 3-Methyl-1-Pentanol | T108: =VLOOKUP($E108,'Product Naming'!$A$1:$P$58,3,FALSE) -> 3-Methyl-1-pentanol | U108: =VLOOKUP($E108,'Product Naming'!$A$1:$P$58,4,FALSE) -> A | V108: =VLOOKUP($E108,'Product Naming'!$A$1:$P$58,5,FALSE) -> C6H14O | W108: =VLOOKUP($E108,'Product Naming'!$A$1:$P$58,6,FALSE) -> 6 | X108: =VLOOKUP($E108,'Product Naming'!$A$1:$P$58,7,FALSE) -> 14 | Y108: =VLOOKUP($E108,'Product Naming'!$A$1:$P$58,8,FALSE) -> 1 | Z108: =VLOOKUP($E108,'Product Naming'!$A$1:$P$58,9,FALSE) -> 0 | AA108: =VLOOKUP($E108,'Product Naming'!$A$1:$P$58,10,FALSE) -> 0 | AB108: =VLOOKUP($E108,'Product Naming'!$A$1:$P$58,11,FALSE) -> 6 | AC108: =VLOOKUP($E108,'Product Naming'!$A$1:$P$58,12,FALSE) -> 102.17296 | AD108: =VLOOKUP($E108,'Product Naming'!$A$1:$P$58,13,FALSE) -> 153 | AE108: =VLOOKUP($E108,'Product Naming'!$A$1:$P$58,14,FALSE) -> Alcohol | AF108: =VLOOKUP($E108,'Product Naming'!$A$1:$P$58,15,FALSE) -> Oxaloacetate | AG108: =VLOOKUP($E108,'Product Naming'!$A$1:$P$58,16,FALSE) -> Proton symporter | AH108: =VLOOKUP($E108,'Product Naming'!$A$1:$Q$58,17,FALSE) -> 3mptoh_c | AI108: =VLOOKUP($E108,'Product Parameters'!$A$2:$D$59,2,FALSE) -> 1 | AJ108: =VLOOKUP($E108,'Product Parameters'!$A$2:$D$59,3,FALSE) -> 0 | AK108: =VLOOKUP($E108,'Product Parameters'!$A$2:$D$59,4,FALSE) -> 0.12 | AL108: =VLOOKUP($E108,'Product Parameters'!$A$2:$E$59,5,FALSE) -> 61.7 | AM108: =VLOOKUP($E108,'Product Parameters'!$A$2:$F$59,6,FALSE) -> 6 | AN108: =VLOOKUP($C108,'Substrate Heating'!$A$2:$C$33,3,FALSE) -> 247.59097 | AO108: =VLOOKUP($C108,'Substrate Heating'!$A$2:$B$33,2,FALSE) -> 5.5 | AP108: =VLOOKUP($C108,'Substrate Heating'!$A$2:$M$33,13,FALSE) -> 1 | AQ108: =VLOOKUP($C108,'Substrate Heating'!$A$2:$M$33,8,FALSE) -> 1 | AR108: =Q108*W108/AQ108 -> 0.16696673
A109: 2023-12-14 | B109: iHN637 | C109: CO_2:H2_2 | D109: ECR-C1b | E109: Benzoate-PW1 | F109: EX_bz_e | G109: -10 | H109: 0 | I109: -20 | J109: 0.45 | K109: -9.8772093 | L109: 0 | M109: -20 | N109: -9.8772093 | O109: 0.2455814 | Q109: 0.024863439 | R109: 0.06261448 | S109: =VLOOKUP($E109,'Product Naming'!$A$1:$P$58,2,FALSE) -> Benzoate-PW1 | T109: =VLOOKUP($E109,'Product Naming'!$A$1:$P$58,3,FALSE) -> Benzoate (PW1) | U109: =VLOOKUP($E109,'Product Naming'!$A$1:$P$58,4,FALSE) -> A | V109: =VLOOKUP($E109,'Product Naming'!$A$1:$P$58,5,FALSE) -> C7H5O2 | W109: =VLOOKUP($E109,'Product Naming'!$A$1:$P$58,6,FALSE) -> 7 | X109: =VLOOKUP($E109,'Product Naming'!$A$1:$P$58,7,FALSE) -> 5 | Y109: =VLOOKUP($E109,'Product Naming'!$A$1:$P$58,8,FALSE) -> 2 | Z109: =VLOOKUP($E109,'Product Naming'!$A$1:$P$58,9,FALSE) -> 0 | AA109: =VLOOKUP($E109,'Product Naming'!$A$1:$P$58,10,FALSE) -> -1 | AB109: =VLOOKUP($E109,'Product Naming'!$A$1:$P$58,11,FALSE) -> 4.1428571 | AC109: =VLOOKUP($E109,'Product Naming'!$A$1:$P$58,12,FALSE) -> 121.1121 | AD109: =VLOOKUP($E109,'Product Naming'!$A$1:$P$58,13,FALSE) -> 249.2 | AE109: =VLOOKUP($E109,'Product Naming'!$A$1:$P$58,14,FALSE) -> Aromatic + Carboxylate | AF109: =VLOOKUP($E109,'Product Naming'!$A$1:$P$58,15,FALSE) -> E4P + aKG | AG109: =VLOOKUP($E109,'Product Naming'!$A$1:$P$58,16,FALSE) -> Proton symporter | AH109: =VLOOKUP($E109,'Product Naming'!$A$1:$Q$58,17,FALSE) -> bz_c | AI109: =VLOOKUP($E109,'Product Parameters'!$A$2:$D$59,2,FALSE) -> 1 | AJ109: =VLOOKUP($E109,'Product Parameters'!$A$2:$D$59,3,FALSE) -> 0 | AK109: =VLOOKUP($E109,'Product Parameters'!$A$2:$D$59,4,FALSE) -> 0.12 | AL109: =VLOOKUP($E109,'Product Parameters'!$A$2:$E$59,5,FALSE) -> 40.65 | AM109: =VLOOKUP($E109,'Product Parameters'!$A$2:$F$59,6,FALSE) -> 7 | AN109: =VLOOKUP($C109,'Substrate Heating'!$A$2:$C$33,3,FALSE) -> 120.9 | AO109: =VLOOKUP($C109,'Substrate Heating'!$A$2:$B$33,2,FALSE) -> 5.2537373 | AP109: =VLOOKUP($C109,'Substrate Heating'!$A$2:$M$33,13,FALSE) -> 0 | AQ109: =VLOOKUP($C109,'Substrate Heating'!$A$2:$M$33,8,FALSE) -> 0.33333333 | AR109: =Q109*W109/AQ109 -> 0.52213223
A110: 2021-05-11 | B110: iJO1366 | C110: Formate_RGP-Serine | D110: ECR-C1a | E110: CoumaricAcid | F110: EX_T4hcinnm_e | G110: -10 | H110: -20 | I110: NA | J110: 3.15 | K110: -10 | L110: -3.3197761 | M110: NA | N110: 8.408209 | O110: 0.17686567 | Q110: 0.017686567 | R110: 0.062688601 | S110: =VLOOKUP($E110,'Product Naming'!$A$1:$P$58,2,FALSE) -> Coumaric acid | T110: =VLOOKUP($E110,'Product Naming'!$A$1:$P$58,3,FALSE) -> Coumaric acid | U110: =VLOOKUP($E110,'Product Naming'!$A$1:$P$58,4,FALSE) -> E | V110: =VLOOKUP($E110,'Product Naming'!$A$1:$P$58,5,FALSE) -> C9H7O3 | W110: =VLOOKUP($E110,'Product Naming'!$A$1:$P$58,6,FALSE) -> 9 | X110: =VLOOKUP($E110,'Product Naming'!$A$1:$P$58,7,FALSE) -> 7 | Y110: =VLOOKUP($E110,'Product Naming'!$A$1:$P$58,8,FALSE) -> 3 | Z110: =VLOOKUP($E110,'Product Naming'!$A$1:$P$58,9,FALSE) -> 0 | AA110: =VLOOKUP($E110,'Product Naming'!$A$1:$P$58,10,FALSE) -> -1 | AB110: =VLOOKUP($E110,'Product Naming'!$A$1:$P$58,11,FALSE) -> 4.1111111 | AC110: =VLOOKUP($E110,'Product Naming'!$A$1:$P$58,12,FALSE) -> 163.14818 | AD110: =VLOOKUP($E110,'Product Naming'!$A$1:$P$58,13,FALSE) -> 346 | AE110: =VLOOKUP($E110,'Product Naming'!$A$1:$P$58,14,FALSE) -> Aromatic + Alcohol + Carboxylate | AF110: =VLOOKUP($E110,'Product Naming'!$A$1:$P$58,15,FALSE) -> E4P + L-glutamate | AG110: =VLOOKUP($E110,'Product Naming'!$A$1:$P$58,16,FALSE) -> Proton symporter | AH110: =VLOOKUP($E110,'Product Naming'!$A$1:$Q$58,17,FALSE) -> T4hcinnm_c | AI110: =VLOOKUP($E110,'Product Parameters'!$A$2:$D$59,2,FALSE) -> 1 | AJ110: =VLOOKUP($E110,'Product Parameters'!$A$2:$D$59,3,FALSE) -> 0 | AK110: =VLOOKUP($E110,'Product Parameters'!$A$2:$D$59,4,FALSE) -> 0.12 | AL110: =VLOOKUP($E110,'Product Parameters'!$A$2:$E$59,5,FALSE) -> 40.65 | AM110: =VLOOKUP($E110,'Product Parameters'!$A$2:$F$59,6,FALSE) -> 9 | AN110: =VLOOKUP($C110,'Substrate Heating'!$A$2:$C$33,3,FALSE) -> 247.59097 | AO110: =VLOOKUP($C110,'Substrate Heating'!$A$2:$B$33,2,FALSE) -> 5.5 | AP110: =VLOOKUP($C110,'Substrate Heating'!$A$2:$M$33,13,FALSE) -> 1 | AQ110: =VLOOKUP($C110,'Substrate Heating'!$A$2:$M$33,8,FALSE) -> 1 | AR110: =Q110*W110/AQ110 -> 0.1591791
A111: 2021-05-11 | B111: iJO1366 | C111: Formate_RGP-Serine | D111: ECR-C1a | E111: 5-Aminopentanoate | F111: EX_5aptn_e | G111: -10 | H111: -20 | I111: NA | J111: 3.15 | K111: -10 | L111: -3.51875 | M111: NA | N111: 8.765625 | O111: 0.246875 | Q111: 0.0246875 | R111: 0.062829209 | S111: =VLOOKUP($E111,'Product Naming'!$A$1:$P$58,2,FALSE) -> 5-Aminopentanoate | T111: =VLOOKUP($E111,'Product Naming'!$A$1:$P$58,3,FALSE) -> 5-Aminopentanoate | U111: =VLOOKUP($E111,'Product Naming'!$A$1:$P$58,4,FALSE) -> A | V111: =VLOOKUP($E111,'Product Naming'!$A$1:$P$58,5,FALSE) -> C5H11NO2 | W111: =VLOOKUP($E111,'Product Naming'!$A$1:$P$58,6,FALSE) -> 5 | X111: =VLOOKUP($E111,'Product Naming'!$A$1:$P$58,7,FALSE) -> 11 | Y111: =VLOOKUP($E111,'Product Naming'!$A$1:$P$58,8,FALSE) -> 2 | Z111: =VLOOKUP($E111,'Product Naming'!$A$1:$P$58,9,FALSE) -> 1 | AA111: =VLOOKUP($E111,'Product Naming'!$A$1:$P$58,10,FALSE) -> 0 | AB111: =VLOOKUP($E111,'Product Naming'!$A$1:$P$58,11,FALSE) -> 4.8 | AC111: =VLOOKUP($E111,'Product Naming'!$A$1:$P$58,12,FALSE) -> 117.14444 | AD111: =VLOOKUP($E111,'Product Naming'!$A$1:$P$58,13,FALSE) -> 247.5 | AE111: =VLOOKUP($E111,'Product Naming'!$A$1:$P$58,14,FALSE) -> D-Amino Acid | AF111: =VLOOKUP($E111,'Product Naming'!$A$1:$P$58,15,FALSE) -> Oxaloacetate | AG111: =VLOOKUP($E111,'Product Naming'!$A$1:$P$58,16,FALSE) -> Proton symporter | AH111: =VLOOKUP($E111,'Product Naming'!$A$1:$Q$58,17,FALSE) -> 5aptn_c | AI111: =VLOOKUP($E111,'Product Parameters'!$A$2:$D$59,2,FALSE) -> 1 | AJ111: =VLOOKUP($E111,'Product Parameters'!$A$2:$D$59,3,FALSE) -> 0 | AK111: =VLOOKUP($E111,'Product Parameters'!$A$2:$D$59,4,FALSE) -> 0.12 | AL111: =VLOOKUP($E111,'Product Parameters'!$A$2:$E$59,5,FALSE) -> 40.65 | AM111: =VLOOKUP($E111,'Product Parameters'!$A$2:$F$59,6,FALSE) -> 5 | AN111: =VLOOKUP($C111,'Substrate Heating'!$A$2:$C$33,3,FALSE) -> 247.59097 | AO111: =VLOOKUP($C111,'Substrate Heating'!$A$2:$B$33,2,FALSE) -> 5.5 | AP111: =VLOOKUP($C111,'Substrate Heating'!$A$2:$M$33,13,FALSE) -> 1 | AQ111: =VLOOKUP($C111,'Substrate Heating'!$A$2:$M$33,8,FALSE) -> 1 | AR111: =Q111*W111/AQ111 -> 0.1234375
A112: 2021-05-11 | B112: iJO1366 | C112: Formate_Formolase | D112: ECR-C1a | E112: 2-Methyl-1-Butanol | F112: EX_2mbtoh_e | G112: -10 | H112: -20 | I112: NA | J112: 3.15 | K112: -10 | L112: -2.53125 | M112: NA | N112: 8.3541667 | O112: 0.32916667 | Q112: 0.032916667 | R112: 0.063035342 | S112: =VLOOKUP($E112,'Product Naming'!$A$1:$P$58,2,FALSE) -> 2-Methyl-1-Butanol | T112: =VLOOKUP($E112,'Product Naming'!$A$1:$P$58,3,FALSE) -> 2-Methyl-1-butanol | U112: =VLOOKUP($E112,'Product Naming'!$A$1:$P$58,4,FALSE) -> A | V112: =VLOOKUP($E112,'Product Naming'!$A$1:$P$58,5,FALSE) -> C5H12O | W112: =VLOOKUP($E112,'Product Naming'!$A$1:$P$58,6,FALSE) -> 5 | X112: =VLOOKUP($E112,'Product Naming'!$A$1:$P$58,7,FALSE) -> 12 | Y112: =VLOOKUP($E112,'Product Naming'!$A$1:$P$58,8,FALSE) -> 1 | Z112: =VLOOKUP($E112,'Product Naming'!$A$1:$P$58,9,FALSE) -> 0 | AA112: =VLOOKUP($E112,'Product Naming'!$A$1:$P$58,10,FALSE) -> 0 | AB112: =VLOOKUP($E112,'Product Naming'!$A$1:$P$58,11,FALSE) -> 6 | AC112: =VLOOKUP($E112,'Product Naming'!$A$1:$P$58,12,FALSE) -> 88.14658 | AD112: =VLOOKUP($E112,'Product Naming'!$A$1:$P$58,13,FALSE) -> 129 | AE112: =VLOOKUP($E112,'Product Naming'!$A$1:$P$58,14,FALSE) -> Alcohol | AF112: =VLOOKUP($E112,'Product Naming'!$A$1:$P$58,15,FALSE) -> PEP | AG112: =VLOOKUP($E112,'Product Naming'!$A$1:$P$58,16,FALSE) -> Proton symporter | AH112: =VLOOKUP($E112,'Product Naming'!$A$1:$Q$58,17,FALSE) -> 2mbtoh_c | AI112: =VLOOKUP($E112,'Product Parameters'!$A$2:$D$59,2,FALSE) -> 1 | AJ112: =VLOOKUP($E112,'Product Parameters'!$A$2:$D$59,3,FALSE) -> 0 | AK112: =VLOOKUP($E112,'Product Parameters'!$A$2:$D$59,4,FALSE) -> 0.12 | AL112: =VLOOKUP($E112,'Product Parameters'!$A$2:$E$59,5,FALSE) -> 54.6 | AM112: =VLOOKUP($E112,'Product Parameters'!$A$2:$F$59,6,FALSE) -> 5 | AN112: =VLOOKUP($C112,'Substrate Heating'!$A$2:$C$33,3,FALSE) -> 247.59097 | AO112: =VLOOKUP($C112,'Substrate Heating'!$A$2:$B$33,2,FALSE) -> 5.5 | AP112: =VLOOKUP($C112,'Substrate Heating'!$A$2:$M$33,13,FALSE) -> 1 | AQ112: =VLOOKUP($C112,'Substrate Heating'!$A$2:$M$33,8,FALSE) -> 1 | AR112: =Q112*W112/AQ112 -> 0.16458333
A113: 2021-05-11 | B113: iJO1366 | C113: Formate_RGP-Serine | D113: ECR-C1a | E113: Catechol | F113: EX_catechol_e | G113: -10 | H113: -20 | I113: NA | J113: 3.15 | K113: -10 | L113: -3.2787709 | M113: NA | N113: 8.4111732 | O113: 0.26480447 | Q113: 0.026480447 | R113: 0.063344932 | S113: =VLOOKUP($E113,'Product Naming'!$A$1:$P$58,2,FALSE) -> Catechol | T113: =VLOOKUP($E113,'Product Naming'!$A$1:$P$58,3,FALSE) -> Catechol | U113: =VLOOKUP($E113,'Product Naming'!$A$1:$P$58,4,FALSE) -> E | V113: =VLOOKUP($E113,'Product Naming'!$A$1:$P$58,5,FALSE) -> C6H6O2 | W113: =VLOOKUP($E113,'Product Naming'!$A$1:$P$58,6,FALSE) -> 6 | X113: =VLOOKUP($E113,'Product Naming'!$A$1:$P$58,7,FALSE) -> 6 | Y113: =VLOOKUP($E113,'Product Naming'!$A$1:$P$58,8,FALSE) -> 2 | Z113: =VLOOKUP($E113,'Product Naming'!$A$1:$P$58,9,FALSE) -> 0 | AA113: =VLOOKUP($E113,'Product Naming'!$A$1:$P$58,10,FALSE) -> 0 | AB113: =VLOOKUP($E113,'Product Naming'!$A$1:$P$58,11,FALSE) -> 4.3333333 | AC113: =VLOOKUP($E113,'Product Naming'!$A$1:$P$58,12,FALSE) -> 110.10924 | AD113: =VLOOKUP($E113,'Product Naming'!$A$1:$P$58,13,FALSE) -> 245 | AE113: =VLOOKUP($E113,'Product Naming'!$A$1:$P$58,14,FALSE) -> Aromatic + Diol | AF113: =VLOOKUP($E113,'Product Naming'!$A$1:$P$58,15,FALSE) -> Glyceraldehyde 3-P | AG113: =VLOOKUP($E113,'Product Naming'!$A$1:$P$58,16,FALSE) -> Proton symporter | AH113: =VLOOKUP($E113,'Product Naming'!$A$1:$Q$58,17,FALSE) -> catechol_c | AI113: =VLOOKUP($E113,'Product Parameters'!$A$2:$D$59,2,FALSE) -> 1 | AJ113: =VLOOKUP($E113,'Product Parameters'!$A$2:$D$59,3,FALSE) -> 0 | AK113: =VLOOKUP($E113,'Product Parameters'!$A$2:$D$59,4,FALSE) -> 0.12 | AL113: =VLOOKUP($E113,'Product Parameters'!$A$2:$E$59,5,FALSE) -> 40.65 | AM113: =VLOOKUP($E113,'Product Parameters'!$A$2:$F$59,6,FALSE) -> 6 | AN113: =VLOOKUP($C113,'Substrate Heating'!$A$2:$C$33,3,FALSE) -> 247.59097 | AO113: =VLOOKUP($C113,'Substrate Heating'!$A$2:$B$33,2,FALSE) -> 5.5 | AP113: =VLOOKUP($C113,'Substrate Heating'!$A$2:$M$33,13,FALSE) -> 1 | AQ113: =VLOOKUP($C113,'Substrate Heating'!$A$2:$M$33,8,FALSE) -> 1 | AR113: =Q113*W113/AQ113 -> 0.15888268
A114: 2021-05-11 | B114: iJO1366 | C114: Formate_Formolase | D114: ECR-C1a | E114: Pentanol-PW2 | F114: EX_pentoh_e | G114: -10 | H114: -20 | I114: NA | J114: 3.15 | K114: -10 | L114: -2.513986 | M114: NA | N114: 8.3426573 | O114: 0.33146853 | Q114: 0.033146853 | R114: 0.063476149 | S114: =VLOOKUP($E114,'Product Naming'!$A$1:$P$58,2,FALSE) -> Pentanol-PW2 | T114: =VLOOKUP($E114,'Product Naming'!$A$1:$P$58,3,FALSE) -> Pentanol (PW2) | U114: =VLOOKUP($E114,'Product Naming'!$A$1:$P$58,4,FALSE) -> E | V114: =VLOOKUP($E114,'Product Naming'!$A$1:$P$58,5,FALSE) -> C5H12O | W114: =VLOOKUP($E114,'Product Naming'!$A$1:$P$58,6,FALSE) -> 5 | X114: =VLOOKUP($E114,'Product Naming'!$A$1:$P$58,7,FALSE) -> 12 | Y114: =VLOOKUP($E114,'Product Naming'!$A$1:$P$58,8,FALSE) -> 1 | Z114: =VLOOKUP($E114,'Product Naming'!$A$1:$P$58,9,FALSE) -> 0 | AA114: =VLOOKUP($E114,'Product Naming'!$A$1:$P$58,10,FALSE) -> 0 | AB114: =VLOOKUP($E114,'Product Naming'!$A$1:$P$58,11,FALSE) -> 6 | AC114: =VLOOKUP($E114,'Product Naming'!$A$1:$P$58,12,FALSE) -> 88.14658 | AD114: =VLOOKUP($E114,'Product Naming'!$A$1:$P$58,13,FALSE) -> 138 | AE114: =VLOOKUP($E114,'Product Naming'!$A$1:$P$58,14,FALSE) -> Alcohol | AF114: =VLOOKUP($E114,'Product Naming'!$A$1:$P$58,15,FALSE) -> Oxaloacetate | AG114: =VLOOKUP($E114,'Product Naming'!$A$1:$P$58,16,FALSE) -> Proton symporter | AH114: =VLOOKUP($E114,'Product Naming'!$A$1:$Q$58,17,FALSE) -> pentoh_c | AI114: =VLOOKUP($E114,'Product Parameters'!$A$2:$D$59,2,FALSE) -> 1 | AJ114: =VLOOKUP($E114,'Product Parameters'!$A$2:$D$59,3,FALSE) -> 0 | AK114: =VLOOKUP($E114,'Product Parameters'!$A$2:$D$59,4,FALSE) -> 0.12 | AL114: =VLOOKUP($E114,'Product Parameters'!$A$2:$E$59,5,FALSE) -> 57 | AM114: =VLOOKUP($E114,'Product Parameters'!$A$2:$F$59,6,FALSE) -> 5 | AN114: =VLOOKUP($C114,'Substrate Heating'!$A$2:$C$33,3,FALSE) -> 247.59097 | AO114: =VLOOKUP($C114,'Substrate Heating'!$A$2:$B$33,2,FALSE) -> 5.5 | AP114: =VLOOKUP($C114,'Substrate Heating'!$A$2:$M$33,13,FALSE) -> 1 | AQ114: =VLOOKUP($C114,'Substrate Heating'!$A$2:$M$33,8,FALSE) -> 1 | AR114: =Q114*W114/AQ114 -> 0.16573427
A115: 2021-05-27 | B115: iHN637 | C115: FOR_1:H2_0.5 | D115: ECR-C1b | E115: Benzoate-PW2 | F115: EX_bz_e | G115: -10 | H115: 0 | I115: -5 | J115: 0.45 | K115: -10 | L115: 0 | M115: -5 | N115: 2.6251082 | O115: 0.25021645 | Q115: 0.025021645 | R115: 0.064422826 | S115: =VLOOKUP($E115,'Product Naming'!$A$1:$P$58,2,FALSE) -> Benzoate-PW2 | T115: =VLOOKUP($E115,'Product Naming'!$A$1:$P$58,3,FALSE) -> Benzoate (PW2) | U115: =VLOOKUP($E115,'Product Naming'!$A$1:$P$58,4,FALSE) -> A | V115: =VLOOKUP($E115,'Product Naming'!$A$1:$P$58,5,FALSE) -> C7H5O2 | W115: =VLOOKUP($E115,'Product Naming'!$A$1:$P$58,6,FALSE) -> 7 | X115: =VLOOKUP($E115,'Product Naming'!$A$1:$P$58,7,FALSE) -> 5 | Y115: =VLOOKUP($E115,'Product Naming'!$A$1:$P$58,8,FALSE) -> 2 | Z115: =VLOOKUP($E115,'Product Naming'!$A$1:$P$58,9,FALSE) -> 0 | AA115: =VLOOKUP($E115,'Product Naming'!$A$1:$P$58,10,FALSE) -> -1 | AB115: =VLOOKUP($E115,'Product Naming'!$A$1:$P$58,11,FALSE) -> 4.1428571 | AC115: =VLOOKUP($E115,'Product Naming'!$A$1:$P$58,12,FALSE) -> 121.1121 | AD115: =VLOOKUP($E115,'Product Naming'!$A$1:$P$58,13,FALSE) -> 249.2 | AE115: =VLOOKUP($E115,'Product Naming'!$A$1:$P$58,14,FALSE) -> Aromatic + Carboxylate | AF115: =VLOOKUP($E115,'Product Naming'!$A$1:$P$58,15,FALSE) -> E4P + aKG | AG115: =VLOOKUP($E115,'Product Naming'!$A$1:$P$58,16,FALSE) -> Proton symporter | AH115: =VLOOKUP($E115,'Product Naming'!$A$1:$Q$58,17,FALSE) -> bz_c | AI115: =VLOOKUP($E115,'Product Parameters'!$A$2:$D$59,2,FALSE) -> 1 | AJ115: =VLOOKUP($E115,'Product Parameters'!$A$2:$D$59,3,FALSE) -> 0 | AK115: =VLOOKUP($E115,'Product Parameters'!$A$2:$D$59,4,FALSE) -> 0.12 | AL115: =VLOOKUP($E115,'Product Parameters'!$A$2:$E$59,5,FALSE) -> 40.65 | AM115: =VLOOKUP($E115,'Product Parameters'!$A$2:$F$59,6,FALSE) -> 7 | AN115: =VLOOKUP($C115,'Substrate Heating'!$A$2:$C$33,3,FALSE) -> 249.93333 | AO115: =VLOOKUP($C115,'Substrate Heating'!$A$2:$B$33,2,FALSE) -> 8.1456828 | AP115: =VLOOKUP($C115,'Substrate Heating'!$A$2:$M$33,13,FALSE) -> 0.66666667 | AQ115: =VLOOKUP($C115,'Substrate Heating'!$A$2:$M$33,8,FALSE) -> 0.66666667 | AR115: =Q115*W115/AQ115 -> 0.26272727
A116: 2021-05-27 | B116: iHN637 | C116: FOR_1:H2_0 | D116: ECR-C1b | E116: Isoprene | F116: EX_iprene_e | G116: -10 | H116: 0 | I116: 0 | J116: 0.45 | K116: -10 | L116: 0 | M116: 0 | N116: 5.8734694 | O116: 0.43673469 | Q116: 0.043673469 | R116: 0.064629535 | S116: =VLOOKUP($E116,'Product Naming'!$A$1:$P$58,2,FALSE) -> Isoprene | T116: =VLOOKUP($E116,'Product Naming'!$A$1:$P$58,3,FALSE) -> Isoprene | U116: =VLOOKUP($E116,'Product Naming'!$A$1:$P$58,4,FALSE) -> E | V116: =VLOOKUP($E116,'Product Naming'!$A$1:$P$58,5,FALSE) -> C5H8 | W116: =VLOOKUP($E116,'Product Naming'!$A$1:$P$58,6,FALSE) -> 5 | X116: =VLOOKUP($E116,'Product Naming'!$A$1:$P$58,7,FALSE) -> 8 | Y116: =VLOOKUP($E116,'Product Naming'!$A$1:$P$58,8,FALSE) -> 0 | Z116: =VLOOKUP($E116,'Product Naming'!$A$1:$P$58,9,FALSE) -> 0 | AA116: =VLOOKUP($E116,'Product Naming'!$A$1:$P$58,10,FALSE) -> 0 | AB116: =VLOOKUP($E116,'Product Naming'!$A$1:$P$58,11,FALSE) -> 5.6 | AC116: =VLOOKUP($E116,'Product Naming'!$A$1:$P$58,12,FALSE) -> 68.11622 | AD116: =VLOOKUP($E116,'Product Naming'!$A$1:$P$58,13,FALSE) -> 34.07 | AE116: =VLOOKUP($E116,'Product Naming'!$A$1:$P$58,14,FALSE) -> Hydrocarbon | AF116: =VLOOKUP($E116,'Product Naming'!$A$1:$P$58,15,FALSE) -> Acetyl-CoA | AG116: =VLOOKUP($E116,'Product Naming'!$A$1:$P$58,16,FALSE) -> Diffusion | AH116: =VLOOKUP($E116,'Product Naming'!$A$1:$Q$58,17,FALSE) -> iprene_c | AI116: =VLOOKUP($E116,'Product Parameters'!$A$2:$D$59,2,FALSE) -> 0 | AJ116: =VLOOKUP($E116,'Product Parameters'!$A$2:$D$59,3,FALSE) -> 1 | AK116: =VLOOKUP($E116,'Product Parameters'!$A$2:$D$59,4,FALSE) -> 0.12 | AL116: =VLOOKUP($E116,'Product Parameters'!$A$2:$E$59,5,FALSE) -> 26.4 | AM116: =VLOOKUP($E116,'Product Parameters'!$A$2:$F$59,6,FALSE) -> 5 | AN116: =VLOOKUP($C116,'Substrate Heating'!$A$2:$C$33,3,FALSE) -> 247.59097 | AO116: =VLOOKUP($C116,'Substrate Heating'!$A$2:$B$33,2,FALSE) -> 5.5 | AP116: =VLOOKUP($C116,'Substrate Heating'!$A$2:$M$33,13,FALSE) -> 1 | AQ116: =VLOOKUP($C116,'Substrate Heating'!$A$2:$M$33,8,FALSE) -> 1 | AR116: =Q116*W116/AQ116 -> 0.21836735
A117: 2023-12-14 | B117: iHN637 | C117: CO_2:H2_2 | D117: ECR-C1b | E117: 4-Hydroxystyrene | F117: EX_hxst_e | G117: -10 | H117: 0 | I117: -20 | J117: 0.45 | K117: -9.6246445 | L117: 0 | M117: -20 | N117: -9.6246445 | O117: 0.25023697 | Q117: 0.025999606 | R117: 0.06480979 | S117: =VLOOKUP($E117,'Product Naming'!$A$1:$P$58,2,FALSE) -> 4-Hydroxystyrene | T117: =VLOOKUP($E117,'Product Naming'!$A$1:$P$58,3,FALSE) -> 4-Hydroxystyrene | U117: =VLOOKUP($E117,'Product Naming'!$A$1:$P$58,4,FALSE) -> E | V117: =VLOOKUP($E117,'Product Naming'!$A$1:$P$58,5,FALSE) -> C8H8O | W117: =VLOOKUP($E117,'Product Naming'!$A$1:$P$58,6,FALSE) -> 8 | X117: =VLOOKUP($E117,'Product Naming'!$A$1:$P$58,7,FALSE) -> 8 | Y117: =VLOOKUP($E117,'Product Naming'!$A$1:$P$58,8,FALSE) -> 1 | Z117: =VLOOKUP($E117,'Product Naming'!$A$1:$P$58,9,FALSE) -> 0 | AA117: =VLOOKUP($E117,'Product Naming'!$A$1:$P$58,10,FALSE) -> 0 | AB117: =VLOOKUP($E117,'Product Naming'!$A$1:$P$58,11,FALSE) -> 4.75 | AC117: =VLOOKUP($E117,'Product Naming'!$A$1:$P$58,12,FALSE) -> 120.14732 | AD117: =VLOOKUP($E117,'Product Naming'!$A$1:$P$58,13,FALSE) -> 229 | AE117: =VLOOKUP($E117,'Product Naming'!$A$1:$P$58,14,FALSE) -> Aromatic + Alcohol | AF117: =VLOOKUP($E117,'Product Naming'!$A$1:$P$58,15,FALSE) -> E4P + L-glutamate | AG117: =VLOOKUP($E117,'Product Naming'!$A$1:$P$58,16,FALSE) -> Proton symporter | AH117: =VLOOKUP($E117,'Product Naming'!$A$1:$Q$58,17,FALSE) -> 4hxst_c | AI117: =VLOOKUP($E117,'Product Parameters'!$A$2:$D$59,2,FALSE) -> 1 | AJ117: =VLOOKUP($E117,'Product Parameters'!$A$2:$D$59,3,FALSE) -> 0 | AK117: =VLOOKUP($E117,'Product Parameters'!$A$2:$D$59,4,FALSE) -> 0.12 | AL117: =VLOOKUP($E117,'Product Parameters'!$A$2:$E$59,5,FALSE) -> 40.65 | AM117: =VLOOKUP($E117,'Product Parameters'!$A$2:$F$59,6,FALSE) -> 8 | AN117: =VLOOKUP($C117,'Substrate Heating'!$A$2:$C$33,3,FALSE) -> 120.9 | AO117: =VLOOKUP($C117,'Substrate Heating'!$A$2:$B$33,2,FALSE) -> 5.2537373 | AP117: =VLOOKUP($C117,'Substrate Heating'!$A$2:$M$33,13,FALSE) -> 0 | AQ117: =VLOOKUP($C117,'Substrate Heating'!$A$2:$M$33,8,FALSE) -> 0.33333333 | AR117: =Q117*W117/AQ117 -> 0.62399055
A118: 2021-05-11 | B118: iJO1366 | C118: Formate_Formolase | D118: ECR-C1a | E118: Butanol-PW2 | F118: EX_btoh_e | G118: -10 | H118: -20 | I118: NA | J118: 3.15 | K118: -10 | L118: -2.5692308 | M118: NA | N118: 8.3794872 | O118: 0.40512821 | Q118: 0.040512821 | R118: 0.065236682 | S118: =VLOOKUP($E118,'Product Naming'!$A$1:$P$58,2,FALSE) -> Butanol-PW2 | T118: =VLOOKUP($E118,'Product Naming'!$A$1:$P$58,3,FALSE) -> Butanol (PW2) | U118: =VLOOKUP($E118,'Product Naming'!$A$1:$P$58,4,FALSE) -> E | V118: =VLOOKUP($E118,'Product Naming'!$A$1:$P$58,5,FALSE) -> C4H10O | W118: =VLOOKUP($E118,'Product Naming'!$A$1:$P$58,6,FALSE) -> 4 | X118: =VLOOKUP($E118,'Product Naming'!$A$1:$P$58,7,FALSE) -> 10 | Y118: =VLOOKUP($E118,'Product Naming'!$A$1:$P$58,8,FALSE) -> 1 | Z118: =VLOOKUP($E118,'Product Naming'!$A$1:$P$58,9,FALSE) -> 0 | AA118: =VLOOKUP($E118,'Product Naming'!$A$1:$P$58,10,FALSE) -> 0 | AB118: =VLOOKUP($E118,'Product Naming'!$A$1:$P$58,11,FALSE) -> 6 | AC118: =VLOOKUP($E118,'Product Naming'!$A$1:$P$58,12,FALSE) -> 74.1202 | AD118: =VLOOKUP($E118,'Product Naming'!$A$1:$P$58,13,FALSE) -> 117.7 | AE118: =VLOOKUP($E118,'Product Naming'!$A$1:$P$58,14,FALSE) -> Alcohol | AF118: =VLOOKUP($E118,'Product Naming'!$A$1:$P$58,15,FALSE) -> Oxaloacetate | AG118: =VLOOKUP($E118,'Product Naming'!$A$1:$P$58,16,FALSE) -> Proton symporter | AH118: =VLOOKUP($E118,'Product Naming'!$A$1:$Q$58,17,FALSE) -> btoh_c | AI118: =VLOOKUP($E118,'Product Parameters'!$A$2:$D$59,2,FALSE) -> 1 | AJ118: =VLOOKUP($E118,'Product Parameters'!$A$2:$D$59,3,FALSE) -> 0 | AK118: =VLOOKUP($E118,'Product Parameters'!$A$2:$D$59,4,FALSE) -> 0.12 | AL118: =VLOOKUP($E118,'Product Parameters'!$A$2:$E$59,5,FALSE) -> 52 | AM118: =VLOOKUP($E118,'Product Parameters'!$A$2:$F$59,6,FALSE) -> 4 | AN118: =VLOOKUP($C118,'Substrate Heating'!$A$2:$C$33,3,FALSE) -> 247.59097 | AO118: =VLOOKUP($C118,'Substrate Heating'!$A$2:$B$33,2,FALSE) -> 5.5 | AP118: =VLOOKUP($C118,'Substrate Heating'!$A$2:$M$33,13,FALSE) -> 1 | AQ118: =VLOOKUP($C118,'Substrate Heating'!$A$2:$M$33,8,FALSE) -> 1 | AR118: =Q118*W118/AQ118 -> 0.16205128
A119: 2021-05-11 | B119: iJO1366 | C119: Formate_Formolase | D119: ECR-C1a | E119: Pentanol-PW1 | F119: EX_pentoh_e | G119: -10 | H119: -20 | I119: NA | J119: 3.15 | K119: -10 | L119: -2.442446 | M119: NA | N119: 8.294964 | O119: 0.34100719 | Q119: 0.034100719 | R119: 0.065302801 | S119: =VLOOKUP($E119,'Product Naming'!$A$1:$P$58,2,FALSE) -> Pentanol-PW1 | T119: =VLOOKUP($E119,'Product Naming'!$A$1:$P$58,3,FALSE) -> Pentanol (PW1) | U119: =VLOOKUP($E119,'Product Naming'!$A$1:$P$58,4,FALSE) -> E | V119: =VLOOKUP($E119,'Product Naming'!$A$1:$P$58,5,FALSE) -> C5H12O | W119: =VLOOKUP($E119,'Product Naming'!$A$1:$P$58,6,FALSE) -> 5 | X119: =VLOOKUP($E119,'Product Naming'!$A$1:$P$58,7,FALSE) -> 12 | Y119: =VLOOKUP($E119,'Product Naming'!$A$1:$P$58,8,FALSE) -> 1 | Z119: =VLOOKUP($E119,'Product Naming'!$A$1:$P$58,9,FALSE) -> 0 | AA119: =VLOOKUP($E119,'Product Naming'!$A$1:$P$58,10,FALSE) -> 0 | AB119: =VLOOKUP($E119,'Product Naming'!$A$1:$P$58,11,FALSE) -> 6 | AC119: =VLOOKUP($E119,'Product Naming'!$A$1:$P$58,12,FALSE) -> 88.14658 | AD119: =VLOOKUP($E119,'Product Naming'!$A$1:$P$58,13,FALSE) -> 138 | AE119: =VLOOKUP($E119,'Product Naming'!$A$1:$P$58,14,FALSE) -> Alcohol | AF119: =VLOOKUP($E119,'Product Naming'!$A$1:$P$58,15,FALSE) -> Acetyl-CoA + Succinyl-CoA | AG119: =VLOOKUP($E119,'Product Naming'!$A$1:$P$58,16,FALSE) -> Proton symporter | AH119: =VLOOKUP($E119,'Product Naming'!$A$1:$Q$58,17,FALSE) -> pentoh_c | AI119: =VLOOKUP($E119,'Product Parameters'!$A$2:$D$59,2,FALSE) -> 1 | AJ119: =VLOOKUP($E119,'Product Parameters'!$A$2:$D$59,3,FALSE) -> 0 | AK119: =VLOOKUP($E119,'Product Parameters'!$A$2:$D$59,4,FALSE) -> 0.12 | AL119: =VLOOKUP($E119,'Product Parameters'!$A$2:$E$59,5,FALSE) -> 57 | AM119: =VLOOKUP($E119,'Product Parameters'!$A$2:$F$59,6,FALSE) -> 5 | AN119: =VLOOKUP($C119,'Substrate Heating'!$A$2:$C$33,3,FALSE) -> 247.59097 | AO119: =VLOOKUP($C119,'Substrate Heating'!$A$2:$B$33,2,FALSE) -> 5.5 | AP119: =VLOOKUP($C119,'Substrate Heating'!$A$2:$M$33,13,FALSE) -> 1 | AQ119: =VLOOKUP($C119,'Substrate Heating'!$A$2:$M$33,8,FALSE) -> 1 | AR119: =Q119*W119/AQ119 -> 0.1705036
A120: 2021-05-27 | B120: iHN637 | C120: FOR_1:H2_0 | D120: ECR-C1b | E120: Farnesene | F120: EX_frene_e | G120: -10 | H120: 0 | I120: 0 | J120: 0.45 | K120: -10 | L120: 0 | M120: 0 | N120: 5.8855172 | O120: 0.14758621 | Q120: 0.014758621 | R120: 0.065520977 | S120: =VLOOKUP($E120,'Product Naming'!$A$1:$P$58,2,FALSE) -> Farnesene | T120: =VLOOKUP($E120,'Product Naming'!$A$1:$P$58,3,FALSE) -> Farnesene | U120: =VLOOKUP($E120,'Product Naming'!$A$1:$P$58,4,FALSE) -> A | V120: =VLOOKUP($E120,'Product Naming'!$A$1:$P$58,5,FALSE) -> C15H24 | W120: =VLOOKUP($E120,'Product Naming'!$A$1:$P$58,6,FALSE) -> 15 | X120: =VLOOKUP($E120,'Product Naming'!$A$1:$P$58,7,FALSE) -> 24 | Y120: =VLOOKUP($E120,'Product Naming'!$A$1:$P$58,8,FALSE) -> 0 | Z120: =VLOOKUP($E120,'Product Naming'!$A$1:$P$58,9,FALSE) -> 0 | AA120: =VLOOKUP($E120,'Product Naming'!$A$1:$P$58,10,FALSE) -> 0 | AB120: =VLOOKUP($E120,'Product Naming'!$A$1:$P$58,11,FALSE) -> 5.6 | AC120: =VLOOKUP($E120,'Product Naming'!$A$1:$P$58,12,FALSE) -> 204.34866 | AD120: =VLOOKUP($E120,'Product Naming'!$A$1:$P$58,13,FALSE) -> 260 (A)/272 (B) | AE120: =VLOOKUP($E120,'Product Naming'!$A$1:$P$58,14,FALSE) -> Hydrocarbon | AF120: =VLOOKUP($E120,'Product Naming'!$A$1:$P$58,15,FALSE) -> Acetyl-CoA | AG120: =VLOOKUP($E120,'Product Naming'!$A$1:$P$58,16,FALSE) -> Proton symporter | AH120: =VLOOKUP($E120,'Product Naming'!$A$1:$Q$58,17,FALSE) -> frene_c | AI120: =VLOOKUP($E120,'Product Parameters'!$A$2:$D$59,2,FALSE) -> 1 | AJ120: =VLOOKUP($E120,'Product Parameters'!$A$2:$D$59,3,FALSE) -> 0 | AK120: =VLOOKUP($E120,'Product Parameters'!$A$2:$D$59,4,FALSE) -> 0.12 | AL120: =VLOOKUP($E120,'Product Parameters'!$A$2:$E$59,5,FALSE) -> 0 | AM120: =VLOOKUP($E120,'Product Parameters'!$A$2:$F$59,6,FALSE) -> 15 | AN120: =VLOOKUP($C120,'Substrate Heating'!$A$2:$C$33,3,FALSE) -> 247.59097 | AO120: =VLOOKUP($C120,'Substrate Heating'!$A$2:$B$33,2,FALSE) -> 5.5 | AP120: =VLOOKUP($C120,'Substrate Heating'!$A$2:$M$33,13,FALSE) -> 1 | AQ120: =VLOOKUP($C120,'Substrate Heating'!$A$2:$M$33,8,FALSE) -> 1 | AR120: =Q120*W120/AQ120 -> 0.22137931
A121: 2021-05-11 | B121: iJO1366 | C121: Formate_RGP-Serine | D121: ECR-C1a | E121: Acetone | F121: EX_acetone_e | G121: -10 | H121: -20 | I121: NA | J121: 3.15 | K121: -10 | L121: -2.9164835 | M121: NA | N121: 8.4373626 | O121: 0.52087912 | Q121: 0.052087912 | R121: 0.065722254 | S121: =VLOOKUP($E121,'Product Naming'!$A$1:$P$58,2,FALSE) -> Acetone | T121: =VLOOKUP($E121,'Product Naming'!$A$1:$P$58,3,FALSE) -> Acetone | U121: =VLOOKUP($E121,'Product Naming'!$A$1:$P$58,4,FALSE) -> A | V121: =VLOOKUP($E121,'Product Naming'!$A$1:$P$58,5,FALSE) -> C3H6O | W121: =VLOOKUP($E121,'Product Naming'!$A$1:$P$58,6,FALSE) -> 3 | X121: =VLOOKUP($E121,'Product Naming'!$A$1:$P$58,7,FALSE) -> 6 | Y121: =VLOOKUP($E121,'Product Naming'!$A$1:$P$58,8,FALSE) -> 1 | Z121: =VLOOKUP($E121,'Product Naming'!$A$1:$P$58,9,FALSE) -> 0 | AA121: =VLOOKUP($E121,'Product Naming'!$A$1:$P$58,10,FALSE) -> 0 | AB121: =VLOOKUP($E121,'Product Naming'!$A$1:$P$58,11,FALSE) -> 5.3333333 | AC121: =VLOOKUP($E121,'Product Naming'!$A$1:$P$58,12,FALSE) -> 58.07814 | AD121: =VLOOKUP($E121,'Product Naming'!$A$1:$P$58,13,FALSE) -> 56 | AE121: =VLOOKUP($E121,'Product Naming'!$A$1:$P$58,14,FALSE) -> Ketone | AF121: =VLOOKUP($E121,'Product Naming'!$A$1:$P$58,15,FALSE) -> Acetyl-CoA | AG121: =VLOOKUP($E121,'Product Naming'!$A$1:$P$58,16,FALSE) -> Proton symporter | AH121: =VLOOKUP($E121,'Product Naming'!$A$1:$Q$58,17,FALSE) -> acetone_c | AI121: =VLOOKUP($E121,'Product Parameters'!$A$2:$D$59,2,FALSE) -> 1 | AJ121: =VLOOKUP($E121,'Product Parameters'!$A$2:$D$59,3,FALSE) -> 0 | AK121: =VLOOKUP($E121,'Product Parameters'!$A$2:$D$59,4,FALSE) -> 0.12 | AL121: =VLOOKUP($E121,'Product Parameters'!$A$2:$E$59,5,FALSE) -> 31.3 | AM121: =VLOOKUP($E121,'Product Parameters'!$A$2:$F$59,6,FALSE) -> 3 | AN121: =VLOOKUP($C121,'Substrate Heating'!$A$2:$C$33,3,FALSE) -> 247.59097 | AO121: =VLOOKUP($C121,'Substrate Heating'!$A$2:$B$33,2,FALSE) -> 5.5 | AP121: =VLOOKUP($C121,'Substrate Heating'!$A$2:$M$33,13,FALSE) -> 1 | AQ121: =VLOOKUP($C121,'Substrate Heating'!$A$2:$M$33,8,FALSE) -> 1 | AR121: =Q121*W121/AQ121 -> 0.15626374
A122: 2021-05-11 | B122: iJO1366 | C122: Formate_Formolase | D122: ECR-C1a | E122: 4-Hydroxystyrene | F122: EX_hxst_e | G122: -10 | H122: -20 | I122: NA | J122: 3.15 | K122: -10 | L122: -2.6047872 | M122: NA | N122: 7.9829787 | O122: 0.25212766 | Q122: 0.025212766 | R122: 0.065810832 | S122: =VLOOKUP($E122,'Product Naming'!$A$1:$P$58,2,FALSE) -> 4-Hydroxystyrene | T122: =VLOOKUP($E122,'Product Naming'!$A$1:$P$58,3,FALSE) -> 4-Hydroxystyrene | U122: =VLOOKUP($E122,'Product Naming'!$A$1:$P$58,4,FALSE) -> E | V122: =VLOOKUP($E122,'Product Naming'!$A$1:$P$58,5,FALSE) -> C8H8O | W122: =VLOOKUP($E122,'Product Naming'!$A$1:$P$58,6,FALSE) -> 8 | X122: =VLOOKUP($E122,'Product Naming'!$A$1:$P$58,7,FALSE) -> 8 | Y122: =VLOOKUP($E122,'Product Naming'!$A$1:$P$58,8,FALSE) -> 1 | Z122: =VLOOKUP($E122,'Product Naming'!$A$1:$P$58,9,FALSE) -> 0 | AA122: =VLOOKUP($E122,'Product Naming'!$A$1:$P$58,10,FALSE) -> 0 | AB122: =VLOOKUP($E122,'Product Naming'!$A$1:$P$58,11,FALSE) -> 4.75 | AC122: =VLOOKUP($E122,'Product Naming'!$A$1:$P$58,12,FALSE) -> 120.14732 | AD122: =VLOOKUP($E122,'Product Naming'!$A$1:$P$58,13,FALSE) -> 229 | AE122: =VLOOKUP($E122,'Product Naming'!$A$1:$P$58,14,FALSE) -> Aromatic + Alcohol | AF122: =VLOOKUP($E122,'Product Naming'!$A$1:$P$58,15,FALSE) -> E4P + L-glutamate | AG122: =VLOOKUP($E122,'Product Naming'!$A$1:$P$58,16,FALSE) -> Proton symporter | AH122: =VLOOKUP($E122,'Product Naming'!$A$1:$Q$58,17,FALSE) -> 4hxst_c | AI122: =VLOOKUP($E122,'Product Parameters'!$A$2:$D$59,2,FALSE) -> 1 | AJ122: =VLOOKUP($E122,'Product Parameters'!$A$2:$D$59,3,FALSE) -> 0 | AK122: =VLOOKUP($E122,'Product Parameters'!$A$2:$D$59,4,FALSE) -> 0.12 | AL122: =VLOOKUP($E122,'Product Parameters'!$A$2:$E$59,5,FALSE) -> 40.65 | AM122: =VLOOKUP($E122,'Product Parameters'!$A$2:$F$59,6,FALSE) -> 8 | AN122: =VLOOKUP($C122,'Substrate Heating'!$A$2:$C$33,3,FALSE) -> 247.59097 | AO122: =VLOOKUP($C122,'Substrate Heating'!$A$2:$B$33,2,FALSE) -> 5.5 | AP122: =VLOOKUP($C122,'Substrate Heating'!$A$2:$M$33,13,FALSE) -> 1 | AQ122: =VLOOKUP($C122,'Substrate Heating'!$A$2:$M$33,8,FALSE) -> 1 | AR122: =Q122*W122/AQ122 -> 0.20170213
A123: 2021-05-27 | B123: iHN637 | C123: FOR_1:H2_0 | D123: ECR-C1b | E123: Limonene | F123: EX_limnen_e | G123: -10 | H123: 0 | I123: 0 | J123: 0.45 | K123: -10 | L123: 0 | M123: 0 | N123: 5.8916667 | O123: 0.22291667 | Q123: 0.022291667 | R123: 0.065975984 | S123: =VLOOKUP($E123,'Product Naming'!$A$1:$P$58,2,FALSE) -> Limonene | T123: =VLOOKUP($E123,'Product Naming'!$A$1:$P$58,3,FALSE) -> Limonene | U123: =VLOOKUP($E123,'Product Naming'!$A$1:$P$58,4,FALSE) -> E | V123: =VLOOKUP($E123,'Product Naming'!$A$1:$P$58,5,FALSE) -> C10H16 | W123: =VLOOKUP($E123,'Product Naming'!$A$1:$P$58,6,FALSE) -> 10 | X123: =VLOOKUP($E123,'Product Naming'!$A$1:$P$58,7,FALSE) -> 16 | Y123: =VLOOKUP($E123,'Product Naming'!$A$1:$P$58,8,FALSE) -> 0 | Z123: =VLOOKUP($E123,'Product Naming'!$A$1:$P$58,9,FALSE) -> 0 | AA123: =VLOOKUP($E123,'Product Naming'!$A$1:$P$58,10,FALSE) -> 0 | AB123: =VLOOKUP($E123,'Product Naming'!$A$1:$P$58,11,FALSE) -> 5.6 | AC123: =VLOOKUP($E123,'Product Naming'!$A$1:$P$58,12,FALSE) -> 136.23244 | AD123: =VLOOKUP($E123,'Product Naming'!$A$1:$P$58,13,FALSE) -> 176 | AE123: =VLOOKUP($E123,'Product Naming'!$A$1:$P$58,14,FALSE) -> Isoprenoid; Aromatic (Cycloalkane) | AF123: =VLOOKUP($E123,'Product Naming'!$A$1:$P$58,15,FALSE) -> Acetyl-CoA | AG123: =VLOOKUP($E123,'Product Naming'!$A$1:$P$58,16,FALSE) -> Proton symporter | AH123: =VLOOKUP($E123,'Product Naming'!$A$1:$Q$58,17,FALSE) -> limnen_c | AI123: =VLOOKUP($E123,'Product Parameters'!$A$2:$D$59,2,FALSE) -> 1 | AJ123: =VLOOKUP($E123,'Product Parameters'!$A$2:$D$59,3,FALSE) -> 0 | AK123: =VLOOKUP($E123,'Product Parameters'!$A$2:$D$59,4,FALSE) -> 0.12 | AL123: =VLOOKUP($E123,'Product Parameters'!$A$2:$E$59,5,FALSE) -> 49.5 | AM123: =VLOOKUP($E123,'Product Parameters'!$A$2:$F$59,6,FALSE) -> 10 | AN123: =VLOOKUP($C123,'Substrate Heating'!$A$2:$C$33,3,FALSE) -> 247.59097 | AO123: =VLOOKUP($C123,'Substrate Heating'!$A$2:$B$33,2,FALSE) -> 5.5 | AP123: =VLOOKUP($C123,'Substrate Heating'!$A$2:$M$33,13,FALSE) -> 1 | AQ123: =VLOOKUP($C123,'Substrate Heating'!$A$2:$M$33,8,FALSE) -> 1 | AR123: =Q123*W123/AQ123 -> 0.22291667
A124: 2021-05-11 | B124: iJO1366 | C124: Formate_RGP-Serine | D124: ECR-C1a | E124: 1-4-Butanediol | F124: EX_14bdo_e | G124: -10 | H124: -20 | I124: NA | J124: 3.15 | K124: -10 | L124: -3.1244604 | M124: NA | N124: 8.6359712 | O124: 0.34100719 | Q124: 0.034100719 | R124: 0.066764203 | S124: =VLOOKUP($E124,'Product Naming'!$A$1:$P$58,2,FALSE) -> 1-4-butanediol | T124: =VLOOKUP($E124,'Product Naming'!$A$1:$P$58,3,FALSE) -> 1,4-Butanediol | U124: =VLOOKUP($E124,'Product Naming'!$A$1:$P$58,4,FALSE) -> E | V124: =VLOOKUP($E124,'Product Naming'!$A$1:$P$58,5,FALSE) -> C4H10O2 | W124: =VLOOKUP($E124,'Product Naming'!$A$1:$P$58,6,FALSE) -> 4 | X124: =VLOOKUP($E124,'Product Naming'!$A$1:$P$58,7,FALSE) -> 10 | Y124: =VLOOKUP($E124,'Product Naming'!$A$1:$P$58,8,FALSE) -> 2 | Z124: =VLOOKUP($E124,'Product Naming'!$A$1:$P$58,9,FALSE) -> 0 | AA124: =VLOOKUP($E124,'Product Naming'!$A$1:$P$58,10,FALSE) -> 0 | AB124: =VLOOKUP($E124,'Product Naming'!$A$1:$P$58,11,FALSE) -> 5.5 | AC124: =VLOOKUP($E124,'Product Naming'!$A$1:$P$58,12,FALSE) -> 90.1192 | AD124: =VLOOKUP($E124,'Product Naming'!$A$1:$P$58,13,FALSE) -> 230 | AE124: =VLOOKUP($E124,'Product Naming'!$A$1:$P$58,14,FALSE) -> Diol | AF124: =VLOOKUP($E124,'Product Naming'!$A$1:$P$58,15,FALSE) -> aKG | AG124: =VLOOKUP($E124,'Product Naming'!$A$1:$P$58,16,FALSE) -> Proton symporter | AH124: =VLOOKUP($E124,'Product Naming'!$A$1:$Q$58,17,FALSE) -> 14bdo_c | AI124: =VLOOKUP($E124,'Product Parameters'!$A$2:$D$59,2,FALSE) -> 1 | AJ124: =VLOOKUP($E124,'Product Parameters'!$A$2:$D$59,3,FALSE) -> 0 | AK124: =VLOOKUP($E124,'Product Parameters'!$A$2:$D$59,4,FALSE) -> 0.12 | AL124: =VLOOKUP($E124,'Product Parameters'!$A$2:$E$59,5,FALSE) -> 78 | AM124: =VLOOKUP($E124,'Product Parameters'!$A$2:$F$59,6,FALSE) -> 4 | AN124: =VLOOKUP($C124,'Substrate Heating'!$A$2:$C$33,3,FALSE) -> 247.59097 | AO124: =VLOOKUP($C124,'Substrate Heating'!$A$2:$B$33,2,FALSE) -> 5.5 | AP124: =VLOOKUP($C124,'Substrate Heating'!$A$2:$M$33,13,FALSE) -> 1 | AQ124: =VLOOKUP($C124,'Substrate Heating'!$A$2:$M$33,8,FALSE) -> 1 | AR124: =Q124*W124/AQ124 -> 0.13640288
A125: 2021-05-11 | B125: iJO1366 | C125: Formate_Formolase | D125: ECR-C1a | E125: Phenol | F125: EX_phenol_e | G125: -10 | H125: -20 | I125: NA | J125: 3.15 | K125: -10 | L125: -2.6958333 | M125: NA | N125: 8.025 | O125: 0.32916667 | Q125: 0.032916667 | R125: 0.067300072 | S125: =VLOOKUP($E125,'Product Naming'!$A$1:$P$58,2,FALSE) -> Phenol | T125: =VLOOKUP($E125,'Product Naming'!$A$1:$P$58,3,FALSE) -> Phenol | U125: =VLOOKUP($E125,'Product Naming'!$A$1:$P$58,4,FALSE) -> E-S | V125: =VLOOKUP($E125,'Product Naming'!$A$1:$P$58,5,FALSE) -> C6H6O | W125: =VLOOKUP($E125,'Product Naming'!$A$1:$P$58,6,FALSE) -> 6 | X125: =VLOOKUP($E125,'Product Naming'!$A$1:$P$58,7,FALSE) -> 6 | Y125: =VLOOKUP($E125,'Product Naming'!$A$1:$P$58,8,FALSE) -> 1 | Z125: =VLOOKUP($E125,'Product Naming'!$A$1:$P$58,9,FALSE) -> 0 | AA125: =VLOOKUP($E125,'Product Naming'!$A$1:$P$58,10,FALSE) -> 0 | AB125: =VLOOKUP($E125,'Product Naming'!$A$1:$P$58,11,FALSE) -> 4.6666667 | AC125: =VLOOKUP($E125,'Product Naming'!$A$1:$P$58,12,FALSE) -> 94.11024 | AD125: =VLOOKUP($E125,'Product Naming'!$A$1:$P$58,13,FALSE) -> 181.7 | AE125: =VLOOKUP($E125,'Product Naming'!$A$1:$P$58,14,FALSE) -> Aromatic + Alcohol | AF125: =VLOOKUP($E125,'Product Naming'!$A$1:$P$58,15,FALSE) -> E4P + L-glutamate | AG125: =VLOOKUP($E125,'Product Naming'!$A$1:$P$58,16,FALSE) -> Proton symporter | AH125: =VLOOKUP($E125,'Product Naming'!$A$1:$Q$58,17,FALSE) -> phenol_c | AI125: =VLOOKUP($E125,'Product Parameters'!$A$2:$D$59,2,FALSE) -> 1 | AJ125: =VLOOKUP($E125,'Product Parameters'!$A$2:$D$59,3,FALSE) -> 0 | AK125: =VLOOKUP($E125,'Product Parameters'!$A$2:$D$59,4,FALSE) -> 0.12 | AL125: =VLOOKUP($E125,'Product Parameters'!$A$2:$E$59,5,FALSE) -> 58.8 | AM125: =VLOOKUP($E125,'Product Parameters'!$A$2:$F$59,6,FALSE) -> 6 | AN125: =VLOOKUP($C125,'Substrate Heating'!$A$2:$C$33,3,FALSE) -> 247.59097 | AO125: =VLOOKUP($C125,'Substrate Heating'!$A$2:$B$33,2,FALSE) -> 5.5 | AP125: =VLOOKUP($C125,'Substrate Heating'!$A$2:$M$33,13,FALSE) -> 1 | AQ125: =VLOOKUP($C125,'Substrate Heating'!$A$2:$M$33,8,FALSE) -> 1 | AR125: =Q125*W125/AQ125 -> 0.1975
A126: 2021-05-17 | B126: iJO1366 | C126: Formate_SerineCycle | D126: ECR-C1a | E126: Succinate | F126: EX_succ_e | G126: -10 | H126: -20 | I126: NA | J126: 3.15 | K126: -10 | L126: -4.056314 | M126: NA | N126: 8.9215017 | O126: 0.26962457 | Q126: 0.026962457 | R126: 0.067989657 | S126: =VLOOKUP($E126,'Product Naming'!$A$1:$P$58,2,FALSE) -> Succinate | T126: =VLOOKUP($E126,'Product Naming'!$A$1:$P$58,3,FALSE) -> Succinate | U126: =VLOOKUP($E126,'Product Naming'!$A$1:$P$58,4,FALSE) -> iJO1366 | V126: =VLOOKUP($E126,'Product Naming'!$A$1:$P$58,5,FALSE) -> C4H4O4 | W126: =VLOOKUP($E126,'Product Naming'!$A$1:$P$58,6,FALSE) -> 4 | X126: =VLOOKUP($E126,'Product Naming'!$A$1:$P$58,7,FALSE) -> 4 | Y126: =VLOOKUP($E126,'Product Naming'!$A$1:$P$58,8,FALSE) -> 4 | Z126: =VLOOKUP($E126,'Product Naming'!$A$1:$P$58,9,FALSE) -> 0 | AA126: =VLOOKUP($E126,'Product Naming'!$A$1:$P$58,10,FALSE) -> -2 | AB126: =VLOOKUP($E126,'Product Naming'!$A$1:$P$58,11,FALSE) -> 3 | AC126: =VLOOKUP($E126,'Product Naming'!$A$1:$P$58,12,FALSE) -> 116.07016 | AD126: =VLOOKUP($E126,'Product Naming'!$A$1:$P$58,13,FALSE) -> 235 | AE126: =VLOOKUP($E126,'Product Naming'!$A$1:$P$58,14,FALSE) -> Dicarboxylate | AF126: =VLOOKUP($E126,'Product Naming'!$A$1:$P$58,15,FALSE) -> Oxaloacetate | AG126: =VLOOKUP($E126,'Product Naming'!$A$1:$P$58,16,FALSE) -> Proton symporter | AH126: =VLOOKUP($E126,'Product Naming'!$A$1:$Q$58,17,FALSE) -> succ_c | AI126: =VLOOKUP($E126,'Product Parameters'!$A$2:$D$59,2,FALSE) -> 1 | AJ126: =VLOOKUP($E126,'Product Parameters'!$A$2:$D$59,3,FALSE) -> 0 | AK126: =VLOOKUP($E126,'Product Parameters'!$A$2:$D$59,4,FALSE) -> 0.12 | AL126: =VLOOKUP($E126,'Product Parameters'!$A$2:$E$59,5,FALSE) -> 40.65 | AM126: =VLOOKUP($E126,'Product Parameters'!$A$2:$F$59,6,FALSE) -> 4 | AN126: =VLOOKUP($C126,'Substrate Heating'!$A$2:$C$33,3,FALSE) -> 247.59097 | AO126: =VLOOKUP($C126,'Substrate Heating'!$A$2:$B$33,2,FALSE) -> 5.5 | AP126: =VLOOKUP($C126,'Substrate Heating'!$A$2:$M$33,13,FALSE) -> 1 | AQ126: =VLOOKUP($C126,'Substrate Heating'!$A$2:$M$33,8,FALSE) -> 1 | AR126: =Q126*W126/AQ126 -> 0.10784983
A127: 2021-05-11 | B127: iJO1366 | C127: Formate_Formolase | D127: ECR-C1a | E127: 1-Propanol-PW2 | F127: EX_ppoh_e | G127: -10 | H127: -20 | I127: NA | J127: 3.15 | K127: -10 | L127: -2.656044 | M127: NA | N127: 8.4373626 | O127: 0.52087912 | Q127: 0.052087912 | R127: 0.068003233 | S127: =VLOOKUP($E127,'Product Naming'!$A$1:$P$58,2,FALSE) -> 1-propanol-PW2 | T127: =VLOOKUP($E127,'Product Naming'!$A$1:$P$58,3,FALSE) -> 1-Propanol (PW2) | U127: =VLOOKUP($E127,'Product Naming'!$A$1:$P$58,4,FALSE) -> E-S | V127: =VLOOKUP($E127,'Product Naming'!$A$1:$P$58,5,FALSE) -> C3H8O | W127: =VLOOKUP($E127,'Product Naming'!$A$1:$P$58,6,FALSE) -> 3 | X127: =VLOOKUP($E127,'Product Naming'!$A$1:$P$58,7,FALSE) -> 8 | Y127: =VLOOKUP($E127,'Product Naming'!$A$1:$P$58,8,FALSE) -> 1 | Z127: =VLOOKUP($E127,'Product Naming'!$A$1:$P$58,9,FALSE) -> 0 | AA127: =VLOOKUP($E127,'Product Naming'!$A$1:$P$58,10,FALSE) -> 0 | AB127: =VLOOKUP($E127,'Product Naming'!$A$1:$P$58,11,FALSE) -> 6 | AC127: =VLOOKUP($E127,'Product Naming'!$A$1:$P$58,12,FALSE) -> 60.09382 | AD127: =VLOOKUP($E127,'Product Naming'!$A$1:$P$58,13,FALSE) -> 97 | AE127: =VLOOKUP($E127,'Product Naming'!$A$1:$P$58,14,FALSE) -> Alcohol | AF127: =VLOOKUP($E127,'Product Naming'!$A$1:$P$58,15,FALSE) -> Oxaloacetate | AG127: =VLOOKUP($E127,'Product Naming'!$A$1:$P$58,16,FALSE) -> Proton symporter | AH127: =VLOOKUP($E127,'Product Naming'!$A$1:$Q$58,17,FALSE) -> ppoh_c | AI127: =VLOOKUP($E127,'Product Parameters'!$A$2:$D$59,2,FALSE) -> 1 | AJ127: =VLOOKUP($E127,'Product Parameters'!$A$2:$D$59,3,FALSE) -> 0 | AK127: =VLOOKUP($E127,'Product Parameters'!$A$2:$D$59,4,FALSE) -> 0.12 | AL127: =VLOOKUP($E127,'Product Parameters'!$A$2:$E$59,5,FALSE) -> 47 | AM127: =VLOOKUP($E127,'Product Parameters'!$A$2:$F$59,6,FALSE) -> 3 | AN127: =VLOOKUP($C127,'Substrate Heating'!$A$2:$C$33,3,FALSE) -> 247.59097 | AO127: =VLOOKUP($C127,'Substrate Heating'!$A$2:$B$33,2,FALSE) -> 5.5 | AP127: =VLOOKUP($C127,'Substrate Heating'!$A$2:$M$33,13,FALSE) -> 1 | AQ127: =VLOOKUP($C127,'Substrate Heating'!$A$2:$M$33,8,FALSE) -> 1 | AR127: =Q127*W127/AQ127 -> 0.15626374
A128: 2023-11-29 | B128: iHN637 | C128: Methanol_MethylTransferase_1 | D128: ECR-C1a | E128: CoumaricAcid | F128: EX_T4hcinnm_e | G128: -10 | H128: 0 | I128: 0 | J128: 0.45 | K128: -10 | L128: 0 | M128: 1.0754098360655853 | N128: 0 | O128: 0.13442622950819624 | Q128: 0.013442622950819624 | R128: 0.068914082 | S128: =VLOOKUP($E128,'Product Naming'!$A$1:$P$58,2,FALSE) -> Coumaric acid | T128: =VLOOKUP($E128,'Product Naming'!$A$1:$P$58,3,FALSE) -> Coumaric acid | U128: =VLOOKUP($E128,'Product Naming'!$A$1:$P$58,4,FALSE) -> E | V128: =VLOOKUP($E128,'Product Naming'!$A$1:$P$58,5,FALSE) -> C9H7O3 | W128: =VLOOKUP($E128,'Product Naming'!$A$1:$P$58,6,FALSE) -> 9 | X128: =VLOOKUP($E128,'Product Naming'!$A$1:$P$58,7,FALSE) -> 7 | Y128: =VLOOKUP($E128,'Product Naming'!$A$1:$P$58,8,FALSE) -> 3 | Z128: =VLOOKUP($E128,'Product Naming'!$A$1:$P$58,9,FALSE) -> 0 | AA128: =VLOOKUP($E128,'Product Naming'!$A$1:$P$58,10,FALSE) -> -1 | AB128: =VLOOKUP($E128,'Product Naming'!$A$1:$P$58,11,FALSE) -> 4.1111111 | AC128: =VLOOKUP($E128,'Product Naming'!$A$1:$P$58,12,FALSE) -> 163.14818 | AD128: =VLOOKUP($E128,'Product Naming'!$A$1:$P$58,13,FALSE) -> 346 | AE128: =VLOOKUP($E128,'Product Naming'!$A$1:$P$58,14,FALSE) -> Aromatic + Alcohol + Carboxylate | AF128: =VLOOKUP($E128,'Product Naming'!$A$1:$P$58,15,FALSE) -> E4P + L-glutamate | AG128: =VLOOKUP($E128,'Product Naming'!$A$1:$P$58,16,FALSE) -> Proton symporter | AH128: =VLOOKUP($E128,'Product Naming'!$A$1:$Q$58,17,FALSE) -> T4hcinnm_c | AI128: =VLOOKUP($E128,'Product Parameters'!$A$2:$D$59,2,FALSE) -> 1 | AJ128: =VLOOKUP($E128,'Product Parameters'!$A$2:$D$59,3,FALSE) -> 0 | AK128: =VLOOKUP($E128,'Product Parameters'!$A$2:$D$59,4,FALSE) -> 0.12 | AL128: =VLOOKUP($E128,'Product Parameters'!$A$2:$E$59,5,FALSE) -> 40.65 | AM128: =VLOOKUP($E128,'Product Parameters'!$A$2:$F$59,6,FALSE) -> 9 | AN128: =VLOOKUP($C128,'Substrate Heating'!$A$2:$C$33,3,FALSE) -> 638.57833 | AO128: =VLOOKUP($C128,'Substrate Heating'!$A$2:$B$33,2,FALSE) -> 19.93 | AP128: =VLOOKUP($C128,'Substrate Heating'!$A$2:$M$33,13,FALSE) -> 6 | AQ128: =VLOOKUP($C128,'Substrate Heating'!$A$2:$M$33,8,FALSE) -> 1 | AR128: =Q128*W128/AQ128 -> 0.12098361
A129: 2021-05-27 | B129: iHN637 | C129: FOR_1:H2_0.5 | D129: ECR-C1b | E129: Benzoate-PW1 | F129: EX_bz_e | G129: -10 | H129: 0 | I129: -5 | J129: 0.45 | K129: -10 | L129: 0 | M129: -5 | N129: 2.6344186 | O129: 0.26883721 | Q129: 0.026883721 | R129: 0.069217083 | S129: =VLOOKUP($E129,'Product Naming'!$A$1:$P$58,2,FALSE) -> Benzoate-PW1 | T129: =VLOOKUP($E129,'Product Naming'!$A$1:$P$58,3,FALSE) -> Benzoate (PW1) | U129: =VLOOKUP($E129,'Product Naming'!$A$1:$P$58,4,FALSE) -> A | V129: =VLOOKUP($E129,'Product Naming'!$A$1:$P$58,5,FALSE) -> C7H5O2 | W129: =VLOOKUP($E129,'Product Naming'!$A$1:$P$58,6,FALSE) -> 7 | X129: =VLOOKUP($E129,'Product Naming'!$A$1:$P$58,7,FALSE) -> 5 | Y129: =VLOOKUP($E129,'Product Naming'!$A$1:$P$58,8,FALSE) -> 2 | Z129: =VLOOKUP($E129,'Product Naming'!$A$1:$P$58,9,FALSE) -> 0 | AA129: =VLOOKUP($E129,'Product Naming'!$A$1:$P$58,10,FALSE) -> -1 | AB129: =VLOOKUP($E129,'Product Naming'!$A$1:$P$58,11,FALSE) -> 4.1428571 | AC129: =VLOOKUP($E129,'Product Naming'!$A$1:$P$58,12,FALSE) -> 121.1121 | AD129: =VLOOKUP($E129,'Product Naming'!$A$1:$P$58,13,FALSE) -> 249.2 | AE129: =VLOOKUP($E129,'Product Naming'!$A$1:$P$58,14,FALSE) -> Aromatic + Carboxylate | AF129: =VLOOKUP($E129,'Product Naming'!$A$1:$P$58,15,FALSE) -> E4P + aKG | AG129: =VLOOKUP($E129,'Product Naming'!$A$1:$P$58,16,FALSE) -> Proton symporter | AH129: =VLOOKUP($E129,'Product Naming'!$A$1:$Q$58,17,FALSE) -> bz_c | AI129: =VLOOKUP($E129,'Product Parameters'!$A$2:$D$59,2,FALSE) -> 1 | AJ129: =VLOOKUP($E129,'Product Parameters'!$A$2:$D$59,3,FALSE) -> 0 | AK129: =VLOOKUP($E129,'Product Parameters'!$A$2:$D$59,4,FALSE) -> 0.12 | AL129: =VLOOKUP($E129,'Product Parameters'!$A$2:$E$59,5,FALSE) -> 40.65 | AM129: =VLOOKUP($E129,'Product Parameters'!$A$2:$F$59,6,FALSE) -> 7 | AN129: =VLOOKUP($C129,'Substrate Heating'!$A$2:$C$33,3,FALSE) -> 249.93333 | AO129: =VLOOKUP($C129,'Substrate Heating'!$A$2:$B$33,2,FALSE) -> 8.1456828 | AP129: =VLOOKUP($C129,'Substrate Heating'!$A$2:$M$33,13,FALSE) -> 0.66666667 | AQ129: =VLOOKUP($C129,'Substrate Heating'!$A$2:$M$33,8,FALSE) -> 0.66666667 | AR129: =Q129*W129/AQ129 -> 0.28227907
A130: 2021-05-11 | B130: iJO1366 | C130: Formate_RGP-Serine | D130: ECR-C1a | E130: 1-3-Diaminopropane | F130: EX_13dampp_e | G130: -10 | H130: -20 | I130: NA | J130: 3.15 | K130: -10 | L130: -3.3221239 | M130: NA | N130: 8.7415929 | O130: 0.41946903 | Q130: 0.041946903 | R130: 0.069386211 | S130: =VLOOKUP($E130,'Product Naming'!$A$1:$P$58,2,FALSE) -> 1-3-Diaminopropane | T130: =VLOOKUP($E130,'Product Naming'!$A$1:$P$58,3,FALSE) -> 1,3-Diaminopropane | U130: =VLOOKUP($E130,'Product Naming'!$A$1:$P$58,4,FALSE) -> A | V130: =VLOOKUP($E130,'Product Naming'!$A$1:$P$58,5,FALSE) -> C3H12N2 | W130: =VLOOKUP($E130,'Product Naming'!$A$1:$P$58,6,FALSE) -> 3 | X130: =VLOOKUP($E130,'Product Naming'!$A$1:$P$58,7,FALSE) -> 12 | Y130: =VLOOKUP($E130,'Product Naming'!$A$1:$P$58,8,FALSE) -> 0 | Z130: =VLOOKUP($E130,'Product Naming'!$A$1:$P$58,9,FALSE) -> 2 | AA130: =VLOOKUP($E130,'Product Naming'!$A$1:$P$58,10,FALSE) -> 2 | AB130: =VLOOKUP($E130,'Product Naming'!$A$1:$P$58,11,FALSE) -> 6 | AC130: =VLOOKUP($E130,'Product Naming'!$A$1:$P$58,12,FALSE) -> 76.13958 | AD130: =VLOOKUP($E130,'Product Naming'!$A$1:$P$58,13,FALSE) -> 139.3 | AE130: =VLOOKUP($E130,'Product Naming'!$A$1:$P$58,14,FALSE) -> Diamine | AF130: =VLOOKUP($E130,'Product Naming'!$A$1:$P$58,15,FALSE) -> Oxaloacetate + aKG | AG130: =VLOOKUP($E130,'Product Naming'!$A$1:$P$58,16,FALSE) -> Proton symporter | AH130: =VLOOKUP($E130,'Product Naming'!$A$1:$Q$58,17,FALSE) -> 13dampp_c | AI130: =VLOOKUP($E130,'Product Parameters'!$A$2:$D$59,2,FALSE) -> 1 | AJ130: =VLOOKUP($E130,'Product Parameters'!$A$2:$D$59,3,FALSE) -> 0 | AK130: =VLOOKUP($E130,'Product Parameters'!$A$2:$D$59,4,FALSE) -> 0.12 | AL130: =VLOOKUP($E130,'Product Parameters'!$A$2:$E$59,5,FALSE) -> 50.18 | AM130: =VLOOKUP($E130,'Product Parameters'!$A$2:$F$59,6,FALSE) -> 3 | AN130: =VLOOKUP($C130,'Substrate Heating'!$A$2:$C$33,3,FALSE) -> 247.59097 | AO130: =VLOOKUP($C130,'Substrate Heating'!$A$2:$B$33,2,FALSE) -> 5.5 | AP130: =VLOOKUP($C130,'Substrate Heating'!$A$2:$M$33,13,FALSE) -> 1 | AQ130: =VLOOKUP($C130,'Substrate Heating'!$A$2:$M$33,8,FALSE) -> 1 | AR130: =Q130*W130/AQ130 -> 0.12584071
A131: 2021-05-11 | B131: iJO1366 | C131: Formate_RGP-Serine | D131: ECR-C1a | E131: 1-3-Butanediol-PW1 | F131: EX_r13bdo_e | G131: -10 | H131: -20 | I131: NA | J131: 3.15 | K131: -10 | L131: -3.0398496 | M131: NA | N131: 8.5744361 | O131: 0.35639098 | Q131: 0.035639098 | R131: 0.069776122 | S131: =VLOOKUP($E131,'Product Naming'!$A$1:$P$58,2,FALSE) -> 1-3-butanediol-PW1 | T131: =VLOOKUP($E131,'Product Naming'!$A$1:$P$58,3,FALSE) -> 1,3-Butanediol (PW1) | U131: =VLOOKUP($E131,'Product Naming'!$A$1:$P$58,4,FALSE) -> E | V131: =VLOOKUP($E131,'Product Naming'!$A$1:$P$58,5,FALSE) -> C4H10O2 | W131: =VLOOKUP($E131,'Product Naming'!$A$1:$P$58,6,FALSE) -> 4 | X131: =VLOOKUP($E131,'Product Naming'!$A$1:$P$58,7,FALSE) -> 10 | Y131: =VLOOKUP($E131,'Product Naming'!$A$1:$P$58,8,FALSE) -> 2 | Z131: =VLOOKUP($E131,'Product Naming'!$A$1:$P$58,9,FALSE) -> 0 | AA131: =VLOOKUP($E131,'Product Naming'!$A$1:$P$58,10,FALSE) -> 0 | AB131: =VLOOKUP($E131,'Product Naming'!$A$1:$P$58,11,FALSE) -> 5.5 | AC131: =VLOOKUP($E131,'Product Naming'!$A$1:$P$58,12,FALSE) -> 90.1192 | AD131: =VLOOKUP($E131,'Product Naming'!$A$1:$P$58,13,FALSE) -> 207 | AE131: =VLOOKUP($E131,'Product Naming'!$A$1:$P$58,14,FALSE) -> Diol | AF131: =VLOOKUP($E131,'Product Naming'!$A$1:$P$58,15,FALSE) -> Acetyl-CoA | AG131: =VLOOKUP($E131,'Product Naming'!$A$1:$P$58,16,FALSE) -> Proton symporter | AH131: =VLOOKUP($E131,'Product Naming'!$A$1:$Q$58,17,FALSE) -> 13bdo__R_c | AI131: =VLOOKUP($E131,'Product Parameters'!$A$2:$D$59,2,FALSE) -> 1 | AJ131: =VLOOKUP($E131,'Product Parameters'!$A$2:$D$59,3,FALSE) -> 0 | AK131: =VLOOKUP($E131,'Product Parameters'!$A$2:$D$59,4,FALSE) -> 0.12 | AL131: =VLOOKUP($E131,'Product Parameters'!$A$2:$E$59,5,FALSE) -> 72.6 | AM131: =VLOOKUP($E131,'Product Parameters'!$A$2:$F$59,6,FALSE) -> 4 | AN131: =VLOOKUP($C131,'Substrate Heating'!$A$2:$C$33,3,FALSE) -> 247.59097 | AO131: =VLOOKUP($C131,'Substrate Heating'!$A$2:$B$33,2,FALSE) -> 5.5 | AP131: =VLOOKUP($C131,'Substrate Heating'!$A$2:$M$33,13,FALSE) -> 1 | AQ131: =VLOOKUP($C131,'Substrate Heating'!$A$2:$M$33,8,FALSE) -> 1 | AR131: =Q131*W131/AQ131 -> 0.14255639
A132: 2021-05-27 | B132: iHN637 | C132: FOR_1:H2_0.5 | D132: ECR-C1b | E132: 4-Hydroxystyrene | F132: EX_hxst_e | G132: -10 | H132: 0 | I132: -5 | J132: 0.45 | K132: -10 | L132: 0 | M132: -5 | N132: 2.9109005 | O132: 0.27393365 | Q132: 0.027393365 | R132: 0.069967419 | S132: =VLOOKUP($E132,'Product Naming'!$A$1:$P$58,2,FALSE) -> 4-Hydroxystyrene | T132: =VLOOKUP($E132,'Product Naming'!$A$1:$P$58,3,FALSE) -> 4-Hydroxystyrene | U132: =VLOOKUP($E132,'Product Naming'!$A$1:$P$58,4,FALSE) -> E | V132: =VLOOKUP($E132,'Product Naming'!$A$1:$P$58,5,FALSE) -> C8H8O | W132: =VLOOKUP($E132,'Product Naming'!$A$1:$P$58,6,FALSE) -> 8 | X132: =VLOOKUP($E132,'Product Naming'!$A$1:$P$58,7,FALSE) -> 8 | Y132: =VLOOKUP($E132,'Product Naming'!$A$1:$P$58,8,FALSE) -> 1 | Z132: =VLOOKUP($E132,'Product Naming'!$A$1:$P$58,9,FALSE) -> 0 | AA132: =VLOOKUP($E132,'Product Naming'!$A$1:$P$58,10,FALSE) -> 0 | AB132: =VLOOKUP($E132,'Product Naming'!$A$1:$P$58,11,FALSE) -> 4.75 | AC132: =VLOOKUP($E132,'Product Naming'!$A$1:$P$58,12,FALSE) -> 120.14732 | AD132: =VLOOKUP($E132,'Product Naming'!$A$1:$P$58,13,FALSE) -> 229 | AE132: =VLOOKUP($E132,'Product Naming'!$A$1:$P$58,14,FALSE) -> Aromatic + Alcohol | AF132: =VLOOKUP($E132,'Product Naming'!$A$1:$P$58,15,FALSE) -> E4P + L-glutamate | AG132: =VLOOKUP($E132,'Product Naming'!$A$1:$P$58,16,FALSE) -> Proton symporter | AH132: =VLOOKUP($E132,'Product Naming'!$A$1:$Q$58,17,FALSE) -> 4hxst_c | AI132: =VLOOKUP($E132,'Product Parameters'!$A$2:$D$59,2,FALSE) -> 1 | AJ132: =VLOOKUP($E132,'Product Parameters'!$A$2:$D$59,3,FALSE) -> 0 | AK132: =VLOOKUP($E132,'Product Parameters'!$A$2:$D$59,4,FALSE) -> 0.12 | AL132: =VLOOKUP($E132,'Product Parameters'!$A$2:$E$59,5,FALSE) -> 40.65 | AM132: =VLOOKUP($E132,'Product Parameters'!$A$2:$F$59,6,FALSE) -> 8 | AN132: =VLOOKUP($C132,'Substrate Heating'!$A$2:$C$33,3,FALSE) -> 249.93333 | AO132: =VLOOKUP($C132,'Substrate Heating'!$A$2:$B$33,2,FALSE) -> 8.1456828 | AP132: =VLOOKUP($C132,'Substrate Heating'!$A$2:$M$33,13,FALSE) -> 0.66666667 | AQ132: =VLOOKUP($C132,'Substrate Heating'!$A$2:$M$33,8,FALSE) -> 0.66666667 | AR132: =Q132*W132/AQ132 -> 0.32872038
A133: 2021-05-27 | B133: iHN637 | C133: FOR_1:H2_0 | D133: ECR-C1b | E133: CoumaricAcid | F133: EX_T4hcinnm_e | G133: -10 | H133: 0 | I133: 0 | J133: 0.45 | K133: -10 | L133: 0 | M133: 0 | N133: 5.0995349 | O133: 0.19906977 | Q133: 0.019906977 | R133: 0.070558663 | S133: =VLOOKUP($E133,'Product Naming'!$A$1:$P$58,2,FALSE) -> Coumaric acid | T133: =VLOOKUP($E133,'Product Naming'!$A$1:$P$58,3,FALSE) -> Coumaric acid | U133: =VLOOKUP($E133,'Product Naming'!$A$1:$P$58,4,FALSE) -> E | V133: =VLOOKUP($E133,'Product Naming'!$A$1:$P$58,5,FALSE) -> C9H7O3 | W133: =VLOOKUP($E133,'Product Naming'!$A$1:$P$58,6,FALSE) -> 9 | X133: =VLOOKUP($E133,'Product Naming'!$A$1:$P$58,7,FALSE) -> 7 | Y133: =VLOOKUP($E133,'Product Naming'!$A$1:$P$58,8,FALSE) -> 3 | Z133: =VLOOKUP($E133,'Product Naming'!$A$1:$P$58,9,FALSE) -> 0 | AA133: =VLOOKUP($E133,'Product Naming'!$A$1:$P$58,10,FALSE) -> -1 | AB133: =VLOOKUP($E133,'Product Naming'!$A$1:$P$58,11,FALSE) -> 4.1111111 | AC133: =VLOOKUP($E133,'Product Naming'!$A$1:$P$58,12,FALSE) -> 163.14818 | AD133: =VLOOKUP($E133,'Product Naming'!$A$1:$P$58,13,FALSE) -> 346 | AE133: =VLOOKUP($E133,'Product Naming'!$A$1:$P$58,14,FALSE) -> Aromatic + Alcohol + Carboxylate | AF133: =VLOOKUP($E133,'Product Naming'!$A$1:$P$58,15,FALSE) -> E4P + L-glutamate | AG133: =VLOOKUP($E133,'Product Naming'!$A$1:$P$58,16,FALSE) -> Proton symporter | AH133: =VLOOKUP($E133,'Product Naming'!$A$1:$Q$58,17,FALSE) -> T4hcinnm_c | AI133: =VLOOKUP($E133,'Product Parameters'!$A$2:$D$59,2,FALSE) -> 1 | AJ133: =VLOOKUP($E133,'Product Parameters'!$A$2:$D$59,3,FALSE) -> 0 | AK133: =VLOOKUP($E133,'Product Parameters'!$A$2:$D$59,4,FALSE) -> 0.12 | AL133: =VLOOKUP($E133,'Product Parameters'!$A$2:$E$59,5,FALSE) -> 40.65 | AM133: =VLOOKUP($E133,'Product Parameters'!$A$2:$F$59,6,FALSE) -> 9 | AN133: =VLOOKUP($C133,'Substrate Heating'!$A$2:$C$33,3,FALSE) -> 247.59097 | AO133: =VLOOKUP($C133,'Substrate Heating'!$A$2:$B$33,2,FALSE) -> 5.5 | AP133: =VLOOKUP($C133,'Substrate Heating'!$A$2:$M$33,13,FALSE) -> 1 | AQ133: =VLOOKUP($C133,'Substrate Heating'!$A$2:$M$33,8,FALSE) -> 1 | AR133: =Q133*W133/AQ133 -> 0.17916279
A134: 2021-05-11 | B134: iJO1366 | C134: Formate_RGP-Serine | D134: ECR-C1a | E134: 2-3-Butanediol | F134: EX_btd_RR_e | G134: -10 | H134: -20 | I134: NA | J134: 3.15 | K134: -10 | L134: -3.0099237 | M134: NA | N134: 8.5526718 | O134: 0.36183206 | Q134: 0.036183206 | R134: 0.070841406 | S134: =VLOOKUP($E134,'Product Naming'!$A$1:$P$58,2,FALSE) -> 2-3-butanediol | T134: =VLOOKUP($E134,'Product Naming'!$A$1:$P$58,3,FALSE) -> 2,3-Butanediol | U134: =VLOOKUP($E134,'Product Naming'!$A$1:$P$58,4,FALSE) -> E | V134: =VLOOKUP($E134,'Product Naming'!$A$1:$P$58,5,FALSE) -> C4H10O2 | W134: =VLOOKUP($E134,'Product Naming'!$A$1:$P$58,6,FALSE) -> 4 | X134: =VLOOKUP($E134,'Product Naming'!$A$1:$P$58,7,FALSE) -> 10 | Y134: =VLOOKUP($E134,'Product Naming'!$A$1:$P$58,8,FALSE) -> 2 | Z134: =VLOOKUP($E134,'Product Naming'!$A$1:$P$58,9,FALSE) -> 0 | AA134: =VLOOKUP($E134,'Product Naming'!$A$1:$P$58,10,FALSE) -> 0 | AB134: =VLOOKUP($E134,'Product Naming'!$A$1:$P$58,11,FALSE) -> 5.5 | AC134: =VLOOKUP($E134,'Product Naming'!$A$1:$P$58,12,FALSE) -> 90.1192 | AD134: =VLOOKUP($E134,'Product Naming'!$A$1:$P$58,13,FALSE) -> 177 | AE134: =VLOOKUP($E134,'Product Naming'!$A$1:$P$58,14,FALSE) -> Diol | AF134: =VLOOKUP($E134,'Product Naming'!$A$1:$P$58,15,FALSE) -> Pyruvate | AG134: =VLOOKUP($E134,'Product Naming'!$A$1:$P$58,16,FALSE) -> Proton symporter | AH134: =VLOOKUP($E134,'Product Naming'!$A$1:$Q$58,17,FALSE) -> btd_RR_c | AI134: =VLOOKUP($E134,'Product Parameters'!$A$2:$D$59,2,FALSE) -> 1 | AJ134: =VLOOKUP($E134,'Product Parameters'!$A$2:$D$59,3,FALSE) -> 0 | AK134: =VLOOKUP($E134,'Product Parameters'!$A$2:$D$59,4,FALSE) -> 0.12 | AL134: =VLOOKUP($E134,'Product Parameters'!$A$2:$E$59,5,FALSE) -> 63 | AM134: =VLOOKUP($E134,'Product Parameters'!$A$2:$F$59,6,FALSE) -> 4 | AN134: =VLOOKUP($C134,'Substrate Heating'!$A$2:$C$33,3,FALSE) -> 247.59097 | AO134: =VLOOKUP($C134,'Substrate Heating'!$A$2:$B$33,2,FALSE) -> 5.5 | AP134: =VLOOKUP($C134,'Substrate Heating'!$A$2:$M$33,13,FALSE) -> 1 | AQ134: =VLOOKUP($C134,'Substrate Heating'!$A$2:$M$33,8,FALSE) -> 1 | AR134: =Q134*W134/AQ134 -> 0.14473282
A135: 2021-05-11 | B135: iJO1366 | C135: Formate_RGP-Serine | D135: ECR-C1a | E135: 1-3-Butanediol-PW2 | F135: EX_r13bdo_e | G135: -10 | H135: -20 | I135: NA | J135: 3.15 | K135: -10 | L135: -3.0099237 | M135: NA | N135: 8.5526718 | O135: 0.36183206 | Q135: 0.036183206 | R135: 0.070841406 | S135: =VLOOKUP($E135,'Product Naming'!$A$1:$P$58,2,FALSE) -> 1-3-butanediol-PW2 | T135: =VLOOKUP($E135,'Product Naming'!$A$1:$P$58,3,FALSE) -> 1,3-Butanediol (PW2) | U135: =VLOOKUP($E135,'Product Naming'!$A$1:$P$58,4,FALSE) -> E | V135: =VLOOKUP($E135,'Product Naming'!$A$1:$P$58,5,FALSE) -> C4H10O2 | W135: =VLOOKUP($E135,'Product Naming'!$A$1:$P$58,6,FALSE) -> 4 | X135: =VLOOKUP($E135,'Product Naming'!$A$1:$P$58,7,FALSE) -> 10 | Y135: =VLOOKUP($E135,'Product Naming'!$A$1:$P$58,8,FALSE) -> 2 | Z135: =VLOOKUP($E135,'Product Naming'!$A$1:$P$58,9,FALSE) -> 0 | AA135: =VLOOKUP($E135,'Product Naming'!$A$1:$P$58,10,FALSE) -> 0 | AB135: =VLOOKUP($E135,'Product Naming'!$A$1:$P$58,11,FALSE) -> 5.5 | AC135: =VLOOKUP($E135,'Product Naming'!$A$1:$P$58,12,FALSE) -> 90.1192 | AD135: =VLOOKUP($E135,'Product Naming'!$A$1:$P$58,13,FALSE) -> 207 | AE135: =VLOOKUP($E135,'Product Naming'!$A$1:$P$58,14,FALSE) -> Diol | AF135: =VLOOKUP($E135,'Product Naming'!$A$1:$P$58,15,FALSE) -> Pyruvate (acetalehyde) | AG135: =VLOOKUP($E135,'Product Naming'!$A$1:$P$58,16,FALSE) -> Proton symporter | AH135: =VLOOKUP($E135,'Product Naming'!$A$1:$Q$58,17,FALSE) -> 13bdo__R_c | AI135: =VLOOKUP($E135,'Product Parameters'!$A$2:$D$59,2,FALSE) -> 1 | AJ135: =VLOOKUP($E135,'Product Parameters'!$A$2:$D$59,3,FALSE) -> 0 | AK135: =VLOOKUP($E135,'Product Parameters'!$A$2:$D$59,4,FALSE) -> 0.12 | AL135: =VLOOKUP($E135,'Product Parameters'!$A$2:$E$59,5,FALSE) -> 72.6 | AM135: =VLOOKUP($E135,'Product Parameters'!$A$2:$F$59,6,FALSE) -> 4 | AN135: =VLOOKUP($C135,'Substrate Heating'!$A$2:$C$33,3,FALSE) -> 247.59097 | AO135: =VLOOKUP($C135,'Substrate Heating'!$A$2:$B$33,2,FALSE) -> 5.5 | AP135: =VLOOKUP($C135,'Substrate Heating'!$A$2:$M$33,13,FALSE) -> 1 | AQ135: =VLOOKUP($C135,'Substrate Heating'!$A$2:$M$33,8,FALSE) -> 1 | AR135: =Q135*W135/AQ135 -> 0.14473282
A136: 2021-05-11 | B136: iJO1366 | C136: Formate_RGP-Serine | D136: ECR-C1a | E136: Adipate | F136: EX_adpac_e | G136: -10 | H136: -20 | I136: NA | J136: 3.15 | K136: -10 | L136: -3.4970732 | M136: NA | N136: 8.6126829 | O136: 0.23121951 | Q136: 0.023121951 | R136: 0.07239696 | S136: =VLOOKUP($E136,'Product Naming'!$A$1:$P$58,2,FALSE) -> Adipate | T136: =VLOOKUP($E136,'Product Naming'!$A$1:$P$58,3,FALSE) -> Adipate | U136: =VLOOKUP($E136,'Product Naming'!$A$1:$P$58,4,FALSE) -> E | V136: =VLOOKUP($E136,'Product Naming'!$A$1:$P$58,5,FALSE) -> C6H8O4 | W136: =VLOOKUP($E136,'Product Naming'!$A$1:$P$58,6,FALSE) -> 6 | X136: =VLOOKUP($E136,'Product Naming'!$A$1:$P$58,7,FALSE) -> 8 | Y136: =VLOOKUP($E136,'Product Naming'!$A$1:$P$58,8,FALSE) -> 4 | Z136: =VLOOKUP($E136,'Product Naming'!$A$1:$P$58,9,FALSE) -> 0 | AA136: =VLOOKUP($E136,'Product Naming'!$A$1:$P$58,10,FALSE) -> -2 | AB136: =VLOOKUP($E136,'Product Naming'!$A$1:$P$58,11,FALSE) -> 4 | AC136: =VLOOKUP($E136,'Product Naming'!$A$1:$P$58,12,FALSE) -> 144.12292 | AD136: =VLOOKUP($E136,'Product Naming'!$A$1:$P$58,13,FALSE) -> 337.5 | AE136: =VLOOKUP($E136,'Product Naming'!$A$1:$P$58,14,FALSE) -> Dicarboxylate | AF136: =VLOOKUP($E136,'Product Naming'!$A$1:$P$58,15,FALSE) -> Glyceraldehyde 3-P | AG136: =VLOOKUP($E136,'Product Naming'!$A$1:$P$58,16,FALSE) -> Proton symporter | AH136: =VLOOKUP($E136,'Product Naming'!$A$1:$Q$58,17,FALSE) -> adpac_c | AI136: =VLOOKUP($E136,'Product Parameters'!$A$2:$D$59,2,FALSE) -> 1 | AJ136: =VLOOKUP($E136,'Product Parameters'!$A$2:$D$59,3,FALSE) -> 0 | AK136: =VLOOKUP($E136,'Product Parameters'!$A$2:$D$59,4,FALSE) -> 0.12 | AL136: =VLOOKUP($E136,'Product Parameters'!$A$2:$E$59,5,FALSE) -> 40.65 | AM136: =VLOOKUP($E136,'Product Parameters'!$A$2:$F$59,6,FALSE) -> 6 | AN136: =VLOOKUP($C136,'Substrate Heating'!$A$2:$C$33,3,FALSE) -> 247.59097 | AO136: =VLOOKUP($C136,'Substrate Heating'!$A$2:$B$33,2,FALSE) -> 5.5 | AP136: =VLOOKUP($C136,'Substrate Heating'!$A$2:$M$33,13,FALSE) -> 1 | AQ136: =VLOOKUP($C136,'Substrate Heating'!$A$2:$M$33,8,FALSE) -> 1 | AR136: =Q136*W136/AQ136 -> 0.13873171
A137: 2021-05-11 | B137: iJO1366 | C137: Formate_Formolase | D137: ECR-C1a | E137: Butanol-PW1 | F137: EX_btoh_e | G137: -10 | H137: -20 | I137: NA | J137: 3.15 | K137: -10 | L137: -2.2914286 | M137: NA | N137: 8.1942857 | O137: 0.45142857 | Q137: 0.045142857 | R137: 0.072692302 | S137: =VLOOKUP($E137,'Product Naming'!$A$1:$P$58,2,FALSE) -> Butanol-PW1 | T137: =VLOOKUP($E137,'Product Naming'!$A$1:$P$58,3,FALSE) -> Butanol (PW1) | U137: =VLOOKUP($E137,'Product Naming'!$A$1:$P$58,4,FALSE) -> E | V137: =VLOOKUP($E137,'Product Naming'!$A$1:$P$58,5,FALSE) -> C4H10O | W137: =VLOOKUP($E137,'Product Naming'!$A$1:$P$58,6,FALSE) -> 4 | X137: =VLOOKUP($E137,'Product Naming'!$A$1:$P$58,7,FALSE) -> 10 | Y137: =VLOOKUP($E137,'Product Naming'!$A$1:$P$58,8,FALSE) -> 1 | Z137: =VLOOKUP($E137,'Product Naming'!$A$1:$P$58,9,FALSE) -> 0 | AA137: =VLOOKUP($E137,'Product Naming'!$A$1:$P$58,10,FALSE) -> 0 | AB137: =VLOOKUP($E137,'Product Naming'!$A$1:$P$58,11,FALSE) -> 6 | AC137: =VLOOKUP($E137,'Product Naming'!$A$1:$P$58,12,FALSE) -> 74.1202 | AD137: =VLOOKUP($E137,'Product Naming'!$A$1:$P$58,13,FALSE) -> 117.7 | AE137: =VLOOKUP($E137,'Product Naming'!$A$1:$P$58,14,FALSE) -> Alcohol | AF137: =VLOOKUP($E137,'Product Naming'!$A$1:$P$58,15,FALSE) -> Acetyl-CoA | AG137: =VLOOKUP($E137,'Product Naming'!$A$1:$P$58,16,FALSE) -> Proton symporter | AH137: =VLOOKUP($E137,'Product Naming'!$A$1:$Q$58,17,FALSE) -> btoh_c | AI137: =VLOOKUP($E137,'Product Parameters'!$A$2:$D$59,2,FALSE) -> 1 | AJ137: =VLOOKUP($E137,'Product Parameters'!$A$2:$D$59,3,FALSE) -> 0 | AK137: =VLOOKUP($E137,'Product Parameters'!$A$2:$D$59,4,FALSE) -> 0.12 | AL137: =VLOOKUP($E137,'Product Parameters'!$A$2:$E$59,5,FALSE) -> 52 | AM137: =VLOOKUP($E137,'Product Parameters'!$A$2:$F$59,6,FALSE) -> 4 | AN137: =VLOOKUP($C137,'Substrate Heating'!$A$2:$C$33,3,FALSE) -> 247.59097 | AO137: =VLOOKUP($C137,'Substrate Heating'!$A$2:$B$33,2,FALSE) -> 5.5 | AP137: =VLOOKUP($C137,'Substrate Heating'!$A$2:$M$33,13,FALSE) -> 1 | AQ137: =VLOOKUP($C137,'Substrate Heating'!$A$2:$M$33,8,FALSE) -> 1 | AR137: =Q137*W137/AQ137 -> 0.18057143
A138: 2021-05-11 | B138: iJO1366 | C138: Formate_Formolase | D138: ECR-C1a | E138: 1-Propanol-PW1 | F138: EX_ppoh_e | G138: -10 | H138: -20 | I138: NA | J138: 3.15 | K138: -10 | L138: -2.4905882 | M138: NA | N138: 8.3270588 | O138: 0.55764706 | Q138: 0.055764706 | R138: 0.072803461 | S138: =VLOOKUP($E138,'Product Naming'!$A$1:$P$58,2,FALSE) -> 1-propanol-PW1 | T138: =VLOOKUP($E138,'Product Naming'!$A$1:$P$58,3,FALSE) -> 1-Propanol (PW1) | U138: =VLOOKUP($E138,'Product Naming'!$A$1:$P$58,4,FALSE) -> E-S | V138: =VLOOKUP($E138,'Product Naming'!$A$1:$P$58,5,FALSE) -> C3H8O | W138: =VLOOKUP($E138,'Product Naming'!$A$1:$P$58,6,FALSE) -> 3 | X138: =VLOOKUP($E138,'Product Naming'!$A$1:$P$58,7,FALSE) -> 8 | Y138: =VLOOKUP($E138,'Product Naming'!$A$1:$P$58,8,FALSE) -> 1 | Z138: =VLOOKUP($E138,'Product Naming'!$A$1:$P$58,9,FALSE) -> 0 | AA138: =VLOOKUP($E138,'Product Naming'!$A$1:$P$58,10,FALSE) -> 0 | AB138: =VLOOKUP($E138,'Product Naming'!$A$1:$P$58,11,FALSE) -> 6 | AC138: =VLOOKUP($E138,'Product Naming'!$A$1:$P$58,12,FALSE) -> 60.09382 | AD138: =VLOOKUP($E138,'Product Naming'!$A$1:$P$58,13,FALSE) -> 97 | AE138: =VLOOKUP($E138,'Product Naming'!$A$1:$P$58,14,FALSE) -> Alcohol | AF138: =VLOOKUP($E138,'Product Naming'!$A$1:$P$58,15,FALSE) -> Glyceraldehyde 3-P (-->DHAP) | AG138: =VLOOKUP($E138,'Product Naming'!$A$1:$P$58,16,FALSE) -> Proton symporter | AH138: =VLOOKUP($E138,'Product Naming'!$A$1:$Q$58,17,FALSE) -> ppoh_c | AI138: =VLOOKUP($E138,'Product Parameters'!$A$2:$D$59,2,FALSE) -> 1 | AJ138: =VLOOKUP($E138,'Product Parameters'!$A$2:$D$59,3,FALSE) -> 0 | AK138: =VLOOKUP($E138,'Product Parameters'!$A$2:$D$59,4,FALSE) -> 0.12 | AL138: =VLOOKUP($E138,'Product Parameters'!$A$2:$E$59,5,FALSE) -> 47 | AM138: =VLOOKUP($E138,'Product Parameters'!$A$2:$F$59,6,FALSE) -> 3 | AN138: =VLOOKUP($C138,'Substrate Heating'!$A$2:$C$33,3,FALSE) -> 247.59097 | AO138: =VLOOKUP($C138,'Substrate Heating'!$A$2:$B$33,2,FALSE) -> 5.5 | AP138: =VLOOKUP($C138,'Substrate Heating'!$A$2:$M$33,13,FALSE) -> 1 | AQ138: =VLOOKUP($C138,'Substrate Heating'!$A$2:$M$33,8,FALSE) -> 1 | AR138: =Q138*W138/AQ138 -> 0.16729412
A139: 2023-11-29 | B139: iHN637 | C139: Methanol_MethylTransferase_1 | D139: ECR-C1a | E139: Catechol | F139: EX_catechol_e | G139: -10 | H139: 0 | I139: 0 | J139: 0.45 | K139: -10 | L139: 0 | M139: 1.0649350649350584 | N139: 0 | O139: 0.21298701298701442 | Q139: 0.021298701298701442 | R139: 0.073686816 | S139: =VLOOKUP($E139,'Product Naming'!$A$1:$P$58,2,FALSE) -> Catechol | T139: =VLOOKUP($E139,'Product Naming'!$A$1:$P$58,3,FALSE) -> Catechol | U139: =VLOOKUP($E139,'Product Naming'!$A$1:$P$58,4,FALSE) -> E | V139: =VLOOKUP($E139,'Product Naming'!$A$1:$P$58,5,FALSE) -> C6H6O2 | W139: =VLOOKUP($E139,'Product Naming'!$A$1:$P$58,6,FALSE) -> 6 | X139: =VLOOKUP($E139,'Product Naming'!$A$1:$P$58,7,FALSE) -> 6 | Y139: =VLOOKUP($E139,'Product Naming'!$A$1:$P$58,8,FALSE) -> 2 | Z139: =VLOOKUP($E139,'Product Naming'!$A$1:$P$58,9,FALSE) -> 0 | AA139: =VLOOKUP($E139,'Product Naming'!$A$1:$P$58,10,FALSE) -> 0 | AB139: =VLOOKUP($E139,'Product Naming'!$A$1:$P$58,11,FALSE) -> 4.3333333 | AC139: =VLOOKUP($E139,'Product Naming'!$A$1:$P$58,12,FALSE) -> 110.10924 | AD139: =VLOOKUP($E139,'Product Naming'!$A$1:$P$58,13,FALSE) -> 245 | AE139: =VLOOKUP($E139,'Product Naming'!$A$1:$P$58,14,FALSE) -> Aromatic + Diol | AF139: =VLOOKUP($E139,'Product Naming'!$A$1:$P$58,15,FALSE) -> Glyceraldehyde 3-P | AG139: =VLOOKUP($E139,'Product Naming'!$A$1:$P$58,16,FALSE) -> Proton symporter | AH139: =VLOOKUP($E139,'Product Naming'!$A$1:$Q$58,17,FALSE) -> catechol_c | AI139: =VLOOKUP($E139,'Product Parameters'!$A$2:$D$59,2,FALSE) -> 1 | AJ139: =VLOOKUP($E139,'Product Parameters'!$A$2:$D$59,3,FALSE) -> 0 | AK139: =VLOOKUP($E139,'Product Parameters'!$A$2:$D$59,4,FALSE) -> 0.12 | AL139: =VLOOKUP($E139,'Product Parameters'!$A$2:$E$59,5,FALSE) -> 40.65 | AM139: =VLOOKUP($E139,'Product Parameters'!$A$2:$F$59,6,FALSE) -> 6 | AN139: =VLOOKUP($C139,'Substrate Heating'!$A$2:$C$33,3,FALSE) -> 638.57833 | AO139: =VLOOKUP($C139,'Substrate Heating'!$A$2:$B$33,2,FALSE) -> 19.93 | AP139: =VLOOKUP($C139,'Substrate Heating'!$A$2:$M$33,13,FALSE) -> 6 | AQ139: =VLOOKUP($C139,'Substrate Heating'!$A$2:$M$33,8,FALSE) -> 1 | AR139: =Q139*W139/AQ139 -> 0.12779221
A140: 2021-05-27 | B140: iHN637 | C140: FOR_1:H2_0 | D140: ECR-C1b | E140: Butane | F140: EX_butane_e | G140: -10 | H140: 0 | I140: 0 | J140: 0.45 | K140: -10 | L140: 0 | M140: 0 | N140: 6.4657534 | O140: 0.58630137 | Q140: 0.058630137 | R140: 0.074031795 | S140: =VLOOKUP($E140,'Product Naming'!$A$1:$P$58,2,FALSE) -> Butane | T140: =VLOOKUP($E140,'Product Naming'!$A$1:$P$58,3,FALSE) -> Butane | U140: =VLOOKUP($E140,'Product Naming'!$A$1:$P$58,4,FALSE) -> E | V140: =VLOOKUP($E140,'Product Naming'!$A$1:$P$58,5,FALSE) -> C4H10 | W140: =VLOOKUP($E140,'Product Naming'!$A$1:$P$58,6,FALSE) -> 4 | X140: =VLOOKUP($E140,'Product Naming'!$A$1:$P$58,7,FALSE) -> 10 | Y140: =VLOOKUP($E140,'Product Naming'!$A$1:$P$58,8,FALSE) -> 0 | Z140: =VLOOKUP($E140,'Product Naming'!$A$1:$P$58,9,FALSE) -> 0 | AA140: =VLOOKUP($E140,'Product Naming'!$A$1:$P$58,10,FALSE) -> 0 | AB140: =VLOOKUP($E140,'Product Naming'!$A$1:$P$58,11,FALSE) -> 6.5 | AC140: =VLOOKUP($E140,'Product Naming'!$A$1:$P$58,12,FALSE) -> 58.1212 | AD140: =VLOOKUP($E140,'Product Naming'!$A$1:$P$58,13,FALSE) -> -1 | AE140: =VLOOKUP($E140,'Product Naming'!$A$1:$P$58,14,FALSE) -> Hydrocarbon (alkane) | AF140: =VLOOKUP($E140,'Product Naming'!$A$1:$P$58,15,FALSE) -> Acetyl-CoA + Succinyl-CoA | AG140: =VLOOKUP($E140,'Product Naming'!$A$1:$P$58,16,FALSE) -> Diffusion | AH140: =VLOOKUP($E140,'Product Naming'!$A$1:$Q$58,17,FALSE) -> butn_c | AI140: =VLOOKUP($E140,'Product Parameters'!$A$2:$D$59,2,FALSE) -> 0 | AJ140: =VLOOKUP($E140,'Product Parameters'!$A$2:$D$59,3,FALSE) -> 1 | AK140: =VLOOKUP($E140,'Product Parameters'!$A$2:$D$59,4,FALSE) -> 0.12 | AL140: =VLOOKUP($E140,'Product Parameters'!$A$2:$E$59,5,FALSE) -> 0 | AM140: =VLOOKUP($E140,'Product Parameters'!$A$2:$F$59,6,FALSE) -> 4 | AN140: =VLOOKUP($C140,'Substrate Heating'!$A$2:$C$33,3,FALSE) -> 247.59097 | AO140: =VLOOKUP($C140,'Substrate Heating'!$A$2:$B$33,2,FALSE) -> 5.5 | AP140: =VLOOKUP($C140,'Substrate Heating'!$A$2:$M$33,13,FALSE) -> 1 | AQ140: =VLOOKUP($C140,'Substrate Heating'!$A$2:$M$33,8,FALSE) -> 1 | AR140: =Q140*W140/AQ140 -> 0.23452055
A141: 2023-11-29 | B141: iHN637 | C141: Methanol_MethylTransferase_1 | D141: ECR-C1a | E141: Acrylate-PW1 | F141: EX_acryl_e | G141: -10 | H141: 0 | I141: 0 | J141: 0.45 | K141: -10 | L141: 0 | M141: 1.0040816326530644 | N141: 0 | O141: 0.3346938775510204 | Q141: 0.033469388 | R141: 0.074692932 | S141: =VLOOKUP($E141,'Product Naming'!$A$1:$P$58,2,FALSE) -> Acrylate-PW1 | T141: =VLOOKUP($E141,'Product Naming'!$A$1:$P$58,3,FALSE) -> Acrylate (PW1) | U141: =VLOOKUP($E141,'Product Naming'!$A$1:$P$58,4,FALSE) -> A | V141: =VLOOKUP($E141,'Product Naming'!$A$1:$P$58,5,FALSE) -> C3H3O2 | W141: =VLOOKUP($E141,'Product Naming'!$A$1:$P$58,6,FALSE) -> 3 | X141: =VLOOKUP($E141,'Product Naming'!$A$1:$P$58,7,FALSE) -> 3 | Y141: =VLOOKUP($E141,'Product Naming'!$A$1:$P$58,8,FALSE) -> 2 | Z141: =VLOOKUP($E141,'Product Naming'!$A$1:$P$58,9,FALSE) -> 0 | AA141: =VLOOKUP($E141,'Product Naming'!$A$1:$P$58,10,FALSE) -> -1 | AB141: =VLOOKUP($E141,'Product Naming'!$A$1:$P$58,11,FALSE) -> 3.6666667 | AC141: =VLOOKUP($E141,'Product Naming'!$A$1:$P$58,12,FALSE) -> 71.05362 | AD141: =VLOOKUP($E141,'Product Naming'!$A$1:$P$58,13,FALSE) -> 80 | AE141: =VLOOKUP($E141,'Product Naming'!$A$1:$P$58,14,FALSE) -> Carboxylate | AF141: =VLOOKUP($E141,'Product Naming'!$A$1:$P$58,15,FALSE) -> Glyceraldehyde 3-P | AG141: =VLOOKUP($E141,'Product Naming'!$A$1:$P$58,16,FALSE) -> Proton symporter | AH141: =VLOOKUP($E141,'Product Naming'!$A$1:$Q$58,17,FALSE) -> acryl_c | AI141: =VLOOKUP($E141,'Product Parameters'!$A$2:$D$59,2,FALSE) -> 1 | AJ141: =VLOOKUP($E141,'Product Parameters'!$A$2:$D$59,3,FALSE) -> 0 | AK141: =VLOOKUP($E141,'Product Parameters'!$A$2:$D$59,4,FALSE) -> 0.12 | AL141: =VLOOKUP($E141,'Product Parameters'!$A$2:$E$59,5,FALSE) -> 53.1 | AM141: =VLOOKUP($E141,'Product Parameters'!$A$2:$F$59,6,FALSE) -> 3 | AN141: =VLOOKUP($C141,'Substrate Heating'!$A$2:$C$33,3,FALSE) -> 638.57833 | AO141: =VLOOKUP($C141,'Substrate Heating'!$A$2:$B$33,2,FALSE) -> 19.93 | AP141: =VLOOKUP($C141,'Substrate Heating'!$A$2:$M$33,13,FALSE) -> 6 | AQ141: =VLOOKUP($C141,'Substrate Heating'!$A$2:$M$33,8,FALSE) -> 1 | AR141: =Q141*W141/AQ141 -> 0.10040816
A142: 2021-05-27 | B142: iHN637 | C142: FOR_1:H2_0 | D142: ECR-C1b | E142: Catechol | F142: EX_catechol_e | G142: -10 | H142: 0 | I142: 0 | J142: 0.45 | K142: -10 | L142: 0 | M142: 0 | N142: 5.1562044 | O142: 0.31240876 | Q142: 0.031240876 | R142: 0.074732544 | S142: =VLOOKUP($E142,'Product Naming'!$A$1:$P$58,2,FALSE) -> Catechol | T142: =VLOOKUP($E142,'Product Naming'!$A$1:$P$58,3,FALSE) -> Catechol | U142: =VLOOKUP($E142,'Product Naming'!$A$1:$P$58,4,FALSE) -> E | V142: =VLOOKUP($E142,'Product Naming'!$A$1:$P$58,5,FALSE) -> C6H6O2 | W142: =VLOOKUP($E142,'Product Naming'!$A$1:$P$58,6,FALSE) -> 6 | X142: =VLOOKUP($E142,'Product Naming'!$A$1:$P$58,7,FALSE) -> 6 | Y142: =VLOOKUP($E142,'Product Naming'!$A$1:$P$58,8,FALSE) -> 2 | Z142: =VLOOKUP($E142,'Product Naming'!$A$1:$P$58,9,FALSE) -> 0 | AA142: =VLOOKUP($E142,'Product Naming'!$A$1:$P$58,10,FALSE) -> 0 | AB142: =VLOOKUP($E142,'Product Naming'!$A$1:$P$58,11,FALSE) -> 4.3333333 | AC142: =VLOOKUP($E142,'Product Naming'!$A$1:$P$58,12,FALSE) -> 110.10924 | AD142: =VLOOKUP($E142,'Product Naming'!$A$1:$P$58,13,FALSE) -> 245 | AE142: =VLOOKUP($E142,'Product Naming'!$A$1:$P$58,14,FALSE) -> Aromatic + Diol | AF142: =VLOOKUP($E142,'Product Naming'!$A$1:$P$58,15,FALSE) -> Glyceraldehyde 3-P | AG142: =VLOOKUP($E142,'Product Naming'!$A$1:$P$58,16,FALSE) -> Proton symporter | AH142: =VLOOKUP($E142,'Product Naming'!$A$1:$Q$58,17,FALSE) -> catechol_c | AI142: =VLOOKUP($E142,'Product Parameters'!$A$2:$D$59,2,FALSE) -> 1 | AJ142: =VLOOKUP($E142,'Product Parameters'!$A$2:$D$59,3,FALSE) -> 0 | AK142: =VLOOKUP($E142,'Product Parameters'!$A$2:$D$59,4,FALSE) -> 0.12 | AL142: =VLOOKUP($E142,'Product Parameters'!$A$2:$E$59,5,FALSE) -> 40.65 | AM142: =VLOOKUP($E142,'Product Parameters'!$A$2:$F$59,6,FALSE) -> 6 | AN142: =VLOOKUP($C142,'Substrate Heating'!$A$2:$C$33,3,FALSE) -> 247.59097 | AO142: =VLOOKUP($C142,'Substrate Heating'!$A$2:$B$33,2,FALSE) -> 5.5 | AP142: =VLOOKUP($C142,'Substrate Heating'!$A$2:$M$33,13,FALSE) -> 1 | AQ142: =VLOOKUP($C142,'Substrate Heating'!$A$2:$M$33,8,FALSE) -> 1 | AR142: =Q142*W142/AQ142 -> 0.18744526
A143: 2021-05-27 | B143: iHN637 | C143: FOR_1:H2_1 | D143: ECR-C1b | E143: Phenol | F143: EX_phenol_e | G143: -10 | H143: 0 | I143: -10 | J143: 0.45 | K143: -10 | L143: 0 | M143: -10 | N143: 0.38315789 | O143: 0.38315789 | Q143: 0.038315789 | R143: 0.075045539 | S143: =VLOOKUP($E143,'Product Naming'!$A$1:$P$58,2,FALSE) -> Phenol | T143: =VLOOKUP($E143,'Product Naming'!$A$1:$P$58,3,FALSE) -> Phenol | U143: =VLOOKUP($E143,'Product Naming'!$A$1:$P$58,4,FALSE) -> E-S | V143: =VLOOKUP($E143,'Product Naming'!$A$1:$P$58,5,FALSE) -> C6H6O | W143: =VLOOKUP($E143,'Product Naming'!$A$1:$P$58,6,FALSE) -> 6 | X143: =VLOOKUP($E143,'Product Naming'!$A$1:$P$58,7,FALSE) -> 6 | Y143: =VLOOKUP($E143,'Product Naming'!$A$1:$P$58,8,FALSE) -> 1 | Z143: =VLOOKUP($E143,'Product Naming'!$A$1:$P$58,9,FALSE) -> 0 | AA143: =VLOOKUP($E143,'Product Naming'!$A$1:$P$58,10,FALSE) -> 0 | AB143: =VLOOKUP($E143,'Product Naming'!$A$1:$P$58,11,FALSE) -> 4.6666667 | AC143: =VLOOKUP($E143,'Product Naming'!$A$1:$P$58,12,FALSE) -> 94.11024 | AD143: =VLOOKUP($E143,'Product Naming'!$A$1:$P$58,13,FALSE) -> 181.7 | AE143: =VLOOKUP($E143,'Product Naming'!$A$1:$P$58,14,FALSE) -> Aromatic + Alcohol | AF143: =VLOOKUP($E143,'Product Naming'!$A$1:$P$58,15,FALSE) -> E4P + L-glutamate | AG143: =VLOOKUP($E143,'Product Naming'!$A$1:$P$58,16,FALSE) -> Proton symporter | AH143: =VLOOKUP($E143,'Product Naming'!$A$1:$Q$58,17,FALSE) -> phenol_c | AI143: =VLOOKUP($E143,'Product Parameters'!$A$2:$D$59,2,FALSE) -> 1 | AJ143: =VLOOKUP($E143,'Product Parameters'!$A$2:$D$59,3,FALSE) -> 0 | AK143: =VLOOKUP($E143,'Product Parameters'!$A$2:$D$59,4,FALSE) -> 0.12 | AL143: =VLOOKUP($E143,'Product Parameters'!$A$2:$E$59,5,FALSE) -> 58.8 | AM143: =VLOOKUP($E143,'Product Parameters'!$A$2:$F$59,6,FALSE) -> 6 | AN143: =VLOOKUP($C143,'Substrate Heating'!$A$2:$C$33,3,FALSE) -> 247.9 | AO143: =VLOOKUP($C143,'Substrate Heating'!$A$2:$B$33,2,FALSE) -> 10.541709 | AP143: =VLOOKUP($C143,'Substrate Heating'!$A$2:$M$33,13,FALSE) -> 0.5 | AQ143: =VLOOKUP($C143,'Substrate Heating'!$A$2:$M$33,8,FALSE) -> 0.5 | AR143: =Q143*W143/AQ143 -> 0.45978947
A144: 2021-05-27 | B144: iHN637 | C144: CO_1:H2_0 | D144: ECR-C1b | E144: Phenol | F144: EX_phenol_e | G144: -10 | H144: 0 | I144: 0 | J144: 0.45 | K144: -10 | L144: 0 | M144: 0 | N144: 5.2252632 | O144: 0.22526316 | Q144: 0.022526316 | R144: 0.075685719 | S144: =VLOOKUP($E144,'Product Naming'!$A$1:$P$58,2,FALSE) -> Phenol | T144: =VLOOKUP($E144,'Product Naming'!$A$1:$P$58,3,FALSE) -> Phenol | U144: =VLOOKUP($E144,'Product Naming'!$A$1:$P$58,4,FALSE) -> E-S | V144: =VLOOKUP($E144,'Product Naming'!$A$1:$P$58,5,FALSE) -> C6H6O | W144: =VLOOKUP($E144,'Product Naming'!$A$1:$P$58,6,FALSE) -> 6 | X144: =VLOOKUP($E144,'Product Naming'!$A$1:$P$58,7,FALSE) -> 6 | Y144: =VLOOKUP($E144,'Product Naming'!$A$1:$P$58,8,FALSE) -> 1 | Z144: =VLOOKUP($E144,'Product Naming'!$A$1:$P$58,9,FALSE) -> 0 | AA144: =VLOOKUP($E144,'Product Naming'!$A$1:$P$58,10,FALSE) -> 0 | AB144: =VLOOKUP($E144,'Product Naming'!$A$1:$P$58,11,FALSE) -> 4.6666667 | AC144: =VLOOKUP($E144,'Product Naming'!$A$1:$P$58,12,FALSE) -> 94.11024 | AD144: =VLOOKUP($E144,'Product Naming'!$A$1:$P$58,13,FALSE) -> 181.7 | AE144: =VLOOKUP($E144,'Product Naming'!$A$1:$P$58,14,FALSE) -> Aromatic + Alcohol | AF144: =VLOOKUP($E144,'Product Naming'!$A$1:$P$58,15,FALSE) -> E4P + L-glutamate | AG144: =VLOOKUP($E144,'Product Naming'!$A$1:$P$58,16,FALSE) -> Proton symporter | AH144: =VLOOKUP($E144,'Product Naming'!$A$1:$Q$58,17,FALSE) -> phenol_c | AI144: =VLOOKUP($E144,'Product Parameters'!$A$2:$D$59,2,FALSE) -> 1 | AJ144: =VLOOKUP($E144,'Product Parameters'!$A$2:$D$59,3,FALSE) -> 0 | AK144: =VLOOKUP($E144,'Product Parameters'!$A$2:$D$59,4,FALSE) -> 0.12 | AL144: =VLOOKUP($E144,'Product Parameters'!$A$2:$E$59,5,FALSE) -> 58.8 | AM144: =VLOOKUP($E144,'Product Parameters'!$A$2:$F$59,6,FALSE) -> 6 | AN144: =VLOOKUP($C144,'Substrate Heating'!$A$2:$C$33,3,FALSE) -> 280.097 | AO144: =VLOOKUP($C144,'Substrate Heating'!$A$2:$B$33,2,FALSE) -> 10 | AP144: =VLOOKUP($C144,'Substrate Heating'!$A$2:$M$33,13,FALSE) -> 2 | AQ144: =VLOOKUP($C144,'Substrate Heating'!$A$2:$M$33,8,FALSE) -> 1 | AR144: =Q144*W144/AQ144 -> 0.13515789
A145: 2021-05-11 | B145: iJO1366 | C145: Formate_RGP-Serine | D145: ECR-C1a | E145: GammaButyrolactone | F145: EX_gblt_e | G145: -10 | H145: -20 | I145: NA | J145: 3.15 | K145: -10 | L145: -3.1769231 | M145: NA | N145: 8.3794872 | O145: 0.40512821 | Q145: 0.040512821 | R145: 0.075769966 | S145: =VLOOKUP($E145,'Product Naming'!$A$1:$P$58,2,FALSE) -> GammaButyrolactone | T145: =VLOOKUP($E145,'Product Naming'!$A$1:$P$58,3,FALSE) -> Gamma butyrolactone | U145: =VLOOKUP($E145,'Product Naming'!$A$1:$P$58,4,FALSE) -> A | V145: =VLOOKUP($E145,'Product Naming'!$A$1:$P$58,5,FALSE) -> C4H6O2 | W145: =VLOOKUP($E145,'Product Naming'!$A$1:$P$58,6,FALSE) -> 4 | X145: =VLOOKUP($E145,'Product Naming'!$A$1:$P$58,7,FALSE) -> 6 | Y145: =VLOOKUP($E145,'Product Naming'!$A$1:$P$58,8,FALSE) -> 2 | Z145: =VLOOKUP($E145,'Product Naming'!$A$1:$P$58,9,FALSE) -> 0 | AA145: =VLOOKUP($E145,'Product Naming'!$A$1:$P$58,10,FALSE) -> 0 | AB145: =VLOOKUP($E145,'Product Naming'!$A$1:$P$58,11,FALSE) -> 4.5 | AC145: =VLOOKUP($E145,'Product Naming'!$A$1:$P$58,12,FALSE) -> 86.08784 | AD145: =VLOOKUP($E145,'Product Naming'!$A$1:$P$58,13,FALSE) -> 204 | AE145: =VLOOKUP($E145,'Product Naming'!$A$1:$P$58,14,FALSE) -> Lactone (cyclic ester) | AF145: =VLOOKUP($E145,'Product Naming'!$A$1:$P$58,15,FALSE) -> aKG | AG145: =VLOOKUP($E145,'Product Naming'!$A$1:$P$58,16,FALSE) -> Proton symporter | AH145: =VLOOKUP($E145,'Product Naming'!$A$1:$Q$58,17,FALSE) -> gblt_c | AI145: =VLOOKUP($E145,'Product Parameters'!$A$2:$D$59,2,FALSE) -> 1 | AJ145: =VLOOKUP($E145,'Product Parameters'!$A$2:$D$59,3,FALSE) -> 0 | AK145: =VLOOKUP($E145,'Product Parameters'!$A$2:$D$59,4,FALSE) -> 0.12 | AL145: =VLOOKUP($E145,'Product Parameters'!$A$2:$E$59,5,FALSE) -> 0 | AM145: =VLOOKUP($E145,'Product Parameters'!$A$2:$F$59,6,FALSE) -> 4 | AN145: =VLOOKUP($C145,'Substrate Heating'!$A$2:$C$33,3,FALSE) -> 247.59097 | AO145: =VLOOKUP($C145,'Substrate Heating'!$A$2:$B$33,2,FALSE) -> 5.5 | AP145: =VLOOKUP($C145,'Substrate Heating'!$A$2:$M$33,13,FALSE) -> 1 | AQ145: =VLOOKUP($C145,'Substrate Heating'!$A$2:$M$33,8,FALSE) -> 1 | AR145: =Q145*W145/AQ145 -> 0.16205128
A146: 2021-05-27 | B146: iHN637 | C146: FOR_1:H2_1 | D146: ECR-C1b | E146: Styrene | F146: EX_styr_e | G146: -10 | H146: 0 | I146: -10 | J146: 0.45 | K146: -10 | L146: 0 | M146: -10 | N146: 0.7 | O146: 0.35 | Q146: 0.035 | R146: 0.075863091 | S146: =VLOOKUP($E146,'Product Naming'!$A$1:$P$58,2,FALSE) -> Styrene | T146: =VLOOKUP($E146,'Product Naming'!$A$1:$P$58,3,FALSE) -> Styrene | U146: =VLOOKUP($E146,'Product Naming'!$A$1:$P$58,4,FALSE) -> E-S | V146: =VLOOKUP($E146,'Product Naming'!$A$1:$P$58,5,FALSE) -> C8H8 | W146: =VLOOKUP($E146,'Product Naming'!$A$1:$P$58,6,FALSE) -> 8 | X146: =VLOOKUP($E146,'Product Naming'!$A$1:$P$58,7,FALSE) -> 8 | Y146: =VLOOKUP($E146,'Product Naming'!$A$1:$P$58,8,FALSE) -> 0 | Z146: =VLOOKUP($E146,'Product Naming'!$A$1:$P$58,9,FALSE) -> 0 | AA146: =VLOOKUP($E146,'Product Naming'!$A$1:$P$58,10,FALSE) -> 0 | AB146: =VLOOKUP($E146,'Product Naming'!$A$1:$P$58,11,FALSE) -> 5 | AC146: =VLOOKUP($E146,'Product Naming'!$A$1:$P$58,12,FALSE) -> 104.14832 | AD146: =VLOOKUP($E146,'Product Naming'!$A$1:$P$58,13,FALSE) -> 145 | AE146: =VLOOKUP($E146,'Product Naming'!$A$1:$P$58,14,FALSE) -> Cycloalkane | AF146: =VLOOKUP($E146,'Product Naming'!$A$1:$P$58,15,FALSE) -> E4P | AG146: =VLOOKUP($E146,'Product Naming'!$A$1:$P$58,16,FALSE) -> Proton symporter | AH146: =VLOOKUP($E146,'Product Naming'!$A$1:$Q$58,17,FALSE) -> styr_c | AI146: =VLOOKUP($E146,'Product Parameters'!$A$2:$D$59,2,FALSE) -> 1 | AJ146: =VLOOKUP($E146,'Product Parameters'!$A$2:$D$59,3,FALSE) -> 0 | AK146: =VLOOKUP($E146,'Product Parameters'!$A$2:$D$59,4,FALSE) -> 0.12 | AL146: =VLOOKUP($E146,'Product Parameters'!$A$2:$E$59,5,FALSE) -> 43.9 | AM146: =VLOOKUP($E146,'Product Parameters'!$A$2:$F$59,6,FALSE) -> 8 | AN146: =VLOOKUP($C146,'Substrate Heating'!$A$2:$C$33,3,FALSE) -> 247.9 | AO146: =VLOOKUP($C146,'Substrate Heating'!$A$2:$B$33,2,FALSE) -> 10.541709 | AP146: =VLOOKUP($C146,'Substrate Heating'!$A$2:$M$33,13,FALSE) -> 0.5 | AQ146: =VLOOKUP($C146,'Substrate Heating'!$A$2:$M$33,8,FALSE) -> 0.5 | AR146: =Q146*W146/AQ146 -> 0.56
A147: 2021-05-11 | B147: iJO1366 | C147: Formate_RGP-Serine | D147: ECR-C1a | E147: EthylAcetate | F147: EX_aces_e | G147: -10 | H147: -20 | I147: NA | J147: 3.15 | K147: -10 | L147: -3.0084034 | M147: NA | N147: 8.4067227 | O147: 0.39831933 | Q147: 0.039831933 | R147: 0.076240799 | S147: =VLOOKUP($E147,'Product Naming'!$A$1:$P$58,2,FALSE) -> EthylAcetate | T147: =VLOOKUP($E147,'Product Naming'!$A$1:$P$58,3,FALSE) -> Ethyl acetate | U147: =VLOOKUP($E147,'Product Naming'!$A$1:$P$58,4,FALSE) -> E | V147: =VLOOKUP($E147,'Product Naming'!$A$1:$P$58,5,FALSE) -> C4H8O2 | W147: =VLOOKUP($E147,'Product Naming'!$A$1:$P$58,6,FALSE) -> 4 | X147: =VLOOKUP($E147,'Product Naming'!$A$1:$P$58,7,FALSE) -> 8 | Y147: =VLOOKUP($E147,'Product Naming'!$A$1:$P$58,8,FALSE) -> 2 | Z147: =VLOOKUP($E147,'Product Naming'!$A$1:$P$58,9,FALSE) -> 0 | AA147: =VLOOKUP($E147,'Product Naming'!$A$1:$P$58,10,FALSE) -> 0 | AB147: =VLOOKUP($E147,'Product Naming'!$A$1:$P$58,11,FALSE) -> 5 | AC147: =VLOOKUP($E147,'Product Naming'!$A$1:$P$58,12,FALSE) -> 88.10352 | AD147: =VLOOKUP($E147,'Product Naming'!$A$1:$P$58,13,FALSE) -> 77.1 | AE147: =VLOOKUP($E147,'Product Naming'!$A$1:$P$58,14,FALSE) -> Carboxylate Ester | AF147: =VLOOKUP($E147,'Product Naming'!$A$1:$P$58,15,FALSE) -> Acetyl-CoA | AG147: =VLOOKUP($E147,'Product Naming'!$A$1:$P$58,16,FALSE) -> Proton symporter | AH147: =VLOOKUP($E147,'Product Naming'!$A$1:$Q$58,17,FALSE) -> aces_c | AI147: =VLOOKUP($E147,'Product Parameters'!$A$2:$D$59,2,FALSE) -> 1 | AJ147: =VLOOKUP($E147,'Product Parameters'!$A$2:$D$59,3,FALSE) -> 0 | AK147: =VLOOKUP($E147,'Product Parameters'!$A$2:$D$59,4,FALSE) -> 0.12 | AL147: =VLOOKUP($E147,'Product Parameters'!$A$2:$E$59,5,FALSE) -> 35 | AM147: =VLOOKUP($E147,'Product Parameters'!$A$2:$F$59,6,FALSE) -> 4 | AN147: =VLOOKUP($C147,'Substrate Heating'!$A$2:$C$33,3,FALSE) -> 247.59097 | AO147: =VLOOKUP($C147,'Substrate Heating'!$A$2:$B$33,2,FALSE) -> 5.5 | AP147: =VLOOKUP($C147,'Substrate Heating'!$A$2:$M$33,13,FALSE) -> 1 | AQ147: =VLOOKUP($C147,'Substrate Heating'!$A$2:$M$33,8,FALSE) -> 1 | AR147: =Q147*W147/AQ147 -> 0.15932773
A148: 2021-05-27 | B148: iHN637 | C148: CO_1:H2_0 | D148: ECR-C1b | E148: Styrene | F148: EX_styr_e | G148: -10 | H148: 0 | I148: 0 | J148: 0.45 | K148: -10 | L148: 0 | M148: 0 | N148: 5.4115385 | O148: 0.20576923 | Q148: 0.020576923 | R148: 0.076510245 | S148: =VLOOKUP($E148,'Product Naming'!$A$1:$P$58,2,FALSE) -> Styrene | T148: =VLOOKUP($E148,'Product Naming'!$A$1:$P$58,3,FALSE) -> Styrene | U148: =VLOOKUP($E148,'Product Naming'!$A$1:$P$58,4,FALSE) -> E-S | V148: =VLOOKUP($E148,'Product Naming'!$A$1:$P$58,5,FALSE) -> C8H8 | W148: =VLOOKUP($E148,'Product Naming'!$A$1:$P$58,6,FALSE) -> 8 | X148: =VLOOKUP($E148,'Product Naming'!$A$1:$P$58,7,FALSE) -> 8 | Y148: =VLOOKUP($E148,'Product Naming'!$A$1:$P$58,8,FALSE) -> 0 | Z148: =VLOOKUP($E148,'Product Naming'!$A$1:$P$58,9,FALSE) -> 0 | AA148: =VLOOKUP($E148,'Product Naming'!$A$1:$P$58,10,FALSE) -> 0 | AB148: =VLOOKUP($E148,'Product Naming'!$A$1:$P$58,11,FALSE) -> 5 | AC148: =VLOOKUP($E148,'Product Naming'!$A$1:$P$58,12,FALSE) -> 104.14832 | AD148: =VLOOKUP($E148,'Product Naming'!$A$1:$P$58,13,FALSE) -> 145 | AE148: =VLOOKUP($E148,'Product Naming'!$A$1:$P$58,14,FALSE) -> Cycloalkane | AF148: =VLOOKUP($E148,'Product Naming'!$A$1:$P$58,15,FALSE) -> E4P | AG148: =VLOOKUP($E148,'Product Naming'!$A$1:$P$58,16,FALSE) -> Proton symporter | AH148: =VLOOKUP($E148,'Product Naming'!$A$1:$Q$58,17,FALSE) -> styr_c | AI148: =VLOOKUP($E148,'Product Parameters'!$A$2:$D$59,2,FALSE) -> 1 | AJ148: =VLOOKUP($E148,'Product Parameters'!$A$2:$D$59,3,FALSE) -> 0 | AK148: =VLOOKUP($E148,'Product Parameters'!$A$2:$D$59,4,FALSE) -> 0.12 | AL148: =VLOOKUP($E148,'Product Parameters'!$A$2:$E$59,5,FALSE) -> 43.9 | AM148: =VLOOKUP($E148,'Product Parameters'!$A$2:$F$59,6,FALSE) -> 8 | AN148: =VLOOKUP($C148,'Substrate Heating'!$A$2:$C$33,3,FALSE) -> 280.097 | AO148: =VLOOKUP($C148,'Substrate Heating'!$A$2:$B$33,2,FALSE) -> 10 | AP148: =VLOOKUP($C148,'Substrate Heating'!$A$2:$M$33,13,FALSE) -> 2 | AQ148: =VLOOKUP($C148,'Substrate Heating'!$A$2:$M$33,8,FALSE) -> 1 | AR148: =Q148*W148/AQ148 -> 0.16461538
A149: 2021-05-27 | B149: iHN637 | C149: FOR_1:H2_0 | D149: ECR-C1b | E149: Acrylate-PW1 | F149: EX_acryl_e | G149: -10 | H149: 0 | I149: 0 | J149: 0.45 | K149: -10 | L149: 0 | M149: 0 | N149: 5 | O149: 0.49767442 | Q149: 0.049767442 | R149: 0.076823542 | S149: =VLOOKUP($E149,'Product Naming'!$A$1:$P$58,2,FALSE) -> Acrylate-PW1 | T149: =VLOOKUP($E149,'Product Naming'!$A$1:$P$58,3,FALSE) -> Acrylate (PW1) | U149: =VLOOKUP($E149,'Product Naming'!$A$1:$P$58,4,FALSE) -> A | V149: =VLOOKUP($E149,'Product Naming'!$A$1:$P$58,5,FALSE) -> C3H3O2 | W149: =VLOOKUP($E149,'Product Naming'!$A$1:$P$58,6,FALSE) -> 3 | X149: =VLOOKUP($E149,'Product Naming'!$A$1:$P$58,7,FALSE) -> 3 | Y149: =VLOOKUP($E149,'Product Naming'!$A$1:$P$58,8,FALSE) -> 2 | Z149: =VLOOKUP($E149,'Product Naming'!$A$1:$P$58,9,FALSE) -> 0 | AA149: =VLOOKUP($E149,'Product Naming'!$A$1:$P$58,10,FALSE) -> -1 | AB149: =VLOOKUP($E149,'Product Naming'!$A$1:$P$58,11,FALSE) -> 3.6666667 | AC149: =VLOOKUP($E149,'Product Naming'!$A$1:$P$58,12,FALSE) -> 71.05362 | AD149: =VLOOKUP($E149,'Product Naming'!$A$1:$P$58,13,FALSE) -> 80 | AE149: =VLOOKUP($E149,'Product Naming'!$A$1:$P$58,14,FALSE) -> Carboxylate | AF149: =VLOOKUP($E149,'Product Naming'!$A$1:$P$58,15,FALSE) -> Glyceraldehyde 3-P | AG149: =VLOOKUP($E149,'Product Naming'!$A$1:$P$58,16,FALSE) -> Proton symporter | AH149: =VLOOKUP($E149,'Product Naming'!$A$1:$Q$58,17,FALSE) -> acryl_c | AI149: =VLOOKUP($E149,'Product Parameters'!$A$2:$D$59,2,FALSE) -> 1 | AJ149: =VLOOKUP($E149,'Product Parameters'!$A$2:$D$59,3,FALSE) -> 0 | AK149: =VLOOKUP($E149,'Product Parameters'!$A$2:$D$59,4,FALSE) -> 0.12 | AL149: =VLOOKUP($E149,'Product Parameters'!$A$2:$E$59,5,FALSE) -> 53.1 | AM149: =VLOOKUP($E149,'Product Parameters'!$A$2:$F$59,6,FALSE) -> 3 | AN149: =VLOOKUP($C149,'Substrate Heating'!$A$2:$C$33,3,FALSE) -> 247.59097 | AO149: =VLOOKUP($C149,'Substrate Heating'!$A$2:$B$33,2,FALSE) -> 5.5 | AP149: =VLOOKUP($C149,'Substrate Heating'!$A$2:$M$33,13,FALSE) -> 1 | AQ149: =VLOOKUP($C149,'Substrate Heating'!$A$2:$M$33,8,FALSE) -> 1 | AR149: =Q149*W149/AQ149 -> 0.14930233
A150: 2021-05-11 | B150: iJO1366 | C150: Formate_RGP-Serine | D150: ECR-C1a | E150: Butyrate | F150: EX_but_e | G150: -10 | H150: -20 | I150: NA | J150: 3.15 | K150: -10 | L150: -2.9568966 | M150: NA | N150: 8.3655172 | O150: 0.40862069 | Q150: 0.040862069 | R150: 0.077317849 | S150: =VLOOKUP($E150,'Product Naming'!$A$1:$P$58,2,FALSE) -> Butyrate | T150: =VLOOKUP($E150,'Product Naming'!$A$1:$P$58,3,FALSE) -> Butyrate | U150: =VLOOKUP($E150,'Product Naming'!$A$1:$P$58,4,FALSE) -> A | V150: =VLOOKUP($E150,'Product Naming'!$A$1:$P$58,5,FALSE) -> C4H7O2 | W150: =VLOOKUP($E150,'Product Naming'!$A$1:$P$58,6,FALSE) -> 4 | X150: =VLOOKUP($E150,'Product Naming'!$A$1:$P$58,7,FALSE) -> 7 | Y150: =VLOOKUP($E150,'Product Naming'!$A$1:$P$58,8,FALSE) -> 2 | Z150: =VLOOKUP($E150,'Product Naming'!$A$1:$P$58,9,FALSE) -> 0 | AA150: =VLOOKUP($E150,'Product Naming'!$A$1:$P$58,10,FALSE) -> -1 | AB150: =VLOOKUP($E150,'Product Naming'!$A$1:$P$58,11,FALSE) -> 4.75 | AC150: =VLOOKUP($E150,'Product Naming'!$A$1:$P$58,12,FALSE) -> 87.09568 | AD150: =VLOOKUP($E150,'Product Naming'!$A$1:$P$58,13,FALSE) -> 163.5 | AE150: =VLOOKUP($E150,'Product Naming'!$A$1:$P$58,14,FALSE) -> Carboxylate | AF150: =VLOOKUP($E150,'Product Naming'!$A$1:$P$58,15,FALSE) -> Acetyl-CoA | AG150: =VLOOKUP($E150,'Product Naming'!$A$1:$P$58,16,FALSE) -> Proton symporter | AH150: =VLOOKUP($E150,'Product Naming'!$A$1:$Q$58,17,FALSE) -> but_c | AI150: =VLOOKUP($E150,'Product Parameters'!$A$2:$D$59,2,FALSE) -> 1 | AJ150: =VLOOKUP($E150,'Product Parameters'!$A$2:$D$59,3,FALSE) -> 0 | AK150: =VLOOKUP($E150,'Product Parameters'!$A$2:$D$59,4,FALSE) -> 0.12 | AL150: =VLOOKUP($E150,'Product Parameters'!$A$2:$E$59,5,FALSE) -> 42 | AM150: =VLOOKUP($E150,'Product Parameters'!$A$2:$F$59,6,FALSE) -> 4 | AN150: =VLOOKUP($C150,'Substrate Heating'!$A$2:$C$33,3,FALSE) -> 247.59097 | AO150: =VLOOKUP($C150,'Substrate Heating'!$A$2:$B$33,2,FALSE) -> 5.5 | AP150: =VLOOKUP($C150,'Substrate Heating'!$A$2:$M$33,13,FALSE) -> 1 | AQ150: =VLOOKUP($C150,'Substrate Heating'!$A$2:$M$33,8,FALSE) -> 1 | AR150: =Q150*W150/AQ150 -> 0.16344828
A151: 2023-11-29 | B151: iHN637 | C151: Methanol_MethylTransferase_1 | D151: ECR-C1a | E151: Isoprene | F151: EX_iprene_e | G151: -10 | H151: 0 | I151: 0 | J151: 0.45 | K151: -10 | L151: 0 | M151: 0.36444444444444457 | N151: 0 | O151: 0.3644444444444428 | Q151: 0.036444444 | R151: 0.077655461 | S151: =VLOOKUP($E151,'Product Naming'!$A$1:$P$58,2,FALSE) -> Isoprene | T151: =VLOOKUP($E151,'Product Naming'!$A$1:$P$58,3,FALSE) -> Isoprene | U151: =VLOOKUP($E151,'Product Naming'!$A$1:$P$58,4,FALSE) -> E | V151: =VLOOKUP($E151,'Product Naming'!$A$1:$P$58,5,FALSE) -> C5H8 | W151: =VLOOKUP($E151,'Product Naming'!$A$1:$P$58,6,FALSE) -> 5 | X151: =VLOOKUP($E151,'Product Naming'!$A$1:$P$58,7,FALSE) -> 8 | Y151: =VLOOKUP($E151,'Product Naming'!$A$1:$P$58,8,FALSE) -> 0 | Z151: =VLOOKUP($E151,'Product Naming'!$A$1:$P$58,9,FALSE) -> 0 | AA151: =VLOOKUP($E151,'Product Naming'!$A$1:$P$58,10,FALSE) -> 0 | AB151: =VLOOKUP($E151,'Product Naming'!$A$1:$P$58,11,FALSE) -> 5.6 | AC151: =VLOOKUP($E151,'Product Naming'!$A$1:$P$58,12,FALSE) -> 68.11622 | AD151: =VLOOKUP($E151,'Product Naming'!$A$1:$P$58,13,FALSE) -> 34.07 | AE151: =VLOOKUP($E151,'Product Naming'!$A$1:$P$58,14,FALSE) -> Hydrocarbon | AF151: =VLOOKUP($E151,'Product Naming'!$A$1:$P$58,15,FALSE) -> Acetyl-CoA | AG151: =VLOOKUP($E151,'Product Naming'!$A$1:$P$58,16,FALSE) -> Diffusion | AH151: =VLOOKUP($E151,'Product Naming'!$A$1:$Q$58,17,FALSE) -> iprene_c | AI151: =VLOOKUP($E151,'Product Parameters'!$A$2:$D$59,2,FALSE) -> 0 | AJ151: =VLOOKUP($E151,'Product Parameters'!$A$2:$D$59,3,FALSE) -> 1 | AK151: =VLOOKUP($E151,'Product Parameters'!$A$2:$D$59,4,FALSE) -> 0.12 | AL151: =VLOOKUP($E151,'Product Parameters'!$A$2:$E$59,5,FALSE) -> 26.4 | AM151: =VLOOKUP($E151,'Product Parameters'!$A$2:$F$59,6,FALSE) -> 5 | AN151: =VLOOKUP($C151,'Substrate Heating'!$A$2:$C$33,3,FALSE) -> 638.57833 | AO151: =VLOOKUP($C151,'Substrate Heating'!$A$2:$B$33,2,FALSE) -> 19.93 | AP151: =VLOOKUP($C151,'Substrate Heating'!$A$2:$M$33,13,FALSE) -> 6 | AQ151: =VLOOKUP($C151,'Substrate Heating'!$A$2:$M$33,8,FALSE) -> 1 | AR151: =Q151*W151/AQ151 -> 0.18222222
