Workbook

Sheet Sheet1
A1: BioProduct_Graph | B1: SubstratePathway | C1: YieldBP_Mass | D1: Deg_RedBP
A2: Malonate | B2: Ethanol | C2: 2.3387441 | D2: =VLOOKUP($A2,Sheet2!$B$2:$C$58,2,FALSE) -> 2
A3: L-Malate | B3: N_Propanol | C3: 2.2500484 | D3: =VLOOKUP($A3,Sheet2!$B$2:$C$58,2,FALSE) -> 2.5
A4: Malonate | B4: N_Propanol | C4: 2.2265117 | D4: =VLOOKUP($A4,Sheet2!$B$2:$C$58,2,FALSE) -> 2
A5: L-Malate | B5: Ethanol | C5: 2.2074865 | D5: =VLOOKUP($A5,Sheet2!$B$2:$C$58,2,FALSE) -> 2.5
A6: L-Glutamate | B6: N_Propanol | C6: 2.1612955 | D6: =VLOOKUP($A6,Sheet2!$B$2:$C$58,2,FALSE) -> 3.4
A7: Malonate | B7: Acetaldehyde | C7: 2.136651 | D7: =VLOOKUP($A7,Sheet2!$B$2:$C$58,2,FALSE) -> 2
A8: Glycolate | B8: Ethanol | C8: 2.1339348 | D8: =VLOOKUP($A8,Sheet2!$B$2:$C$58,2,FALSE) -> 2.5
A9: Citrate | B9: Ethanol | C9: 2.1195012 | D9: =VLOOKUP($A9,Sheet2!$B$2:$C$58,2,FALSE) -> 2.5
A10: Citrate | B10: N_Propanol | C10: 2.0354509 | D10: =VLOOKUP($A10,Sheet2!$B$2:$C$58,2,FALSE) -> 2.5
A11: Glycolate | B11: Acetaldehyde | C11: 2.0107541 | D11: =VLOOKUP($A11,Sheet2!$B$2:$C$58,2,FALSE) -> 2.5
A12: Glycolate | B12: N_Propanol | C12: 1.995272 | D12: =VLOOKUP($A12,Sheet2!$B$2:$C$58,2,FALSE) -> 2.5
A13: L-Malate | B13: Acetaldehyde | C13: 1.9700057 | D13: =VLOOKUP($A13,Sheet2!$B$2:$C$58,2,FALSE) -> 2.5
... A1509: Glutarate | B1509: Methanol_MethylTransferase_0.5 | C1509: 0 | D1509: =VLOOKUP($A1509,Sheet2!$B$2:$C$58,2,FALSE) -> 3.6

Sheet Sheet2
B1: BioProduct_Graph | C1: Deg_RedBP
A2: 1-3-Butanediol-PW1 | B2: 1,3-Butanediol (PW1) | C2: 5.5
A3: 1-3-Butanediol-PW2 | B3: 1,3-Butanediol (PW2) | C3: 5.5
A4: 1-3-Diaminopropane | B4: 1,3-Diaminopropane | C4: 6.05
A5: 1-3-Propanediol | B5: 1,3-Propanediol | C5: 5.3333333
A6: 1-4-Butanediol | B6: 1,4-Butanediol | C6: 5.5
A7: 1-Propanol-PW1 | B7: 1-Propanol (PW1) | C7: 6.01
A8: 1-Propanol-PW2 | B8: 1-Propanol (PW2) | C8: 6.01
A9: 2-3-Butanediol | B9: 2,3-Butanediol | C9: 5.5
A10: 2-Methyl-1-Butanol | B10: 2-Methyl-1-Butanol | C10: 6.02
A11: 2-Pyrone-4-6-Dicarboxylate | B11: 2-Pyrone-4,6-Dicarboxylate | C11: 2.5714286
A12: 3-Methyl-1-Pentanol | B12: 3-Methyl-1-Pentanol | C12: 6.02
A13: 4-Hydroxystyrene | B13: 4-Hydroxystyrene | C13: 4.75
... A59: Ethanol | B59: Ethanol (Lanza) | C59: 6
